fips,total_events,events_with_damage,total_damage_units,total_weighted_damage_units,total_DS1_units,total_DS2_units,total_DS3_units,total_DS4_units,pct_events_with_damage,total_units,damage_units_per_total,weighted_damage_per_total,pct_housing_affected
01001,21,10,13344,17010.0,6652,4859,1833,0,47.61904761904762,23903.0,0.5582562858218634,0.7116261557126721,55.82562858218634
01003,149,122,1131002,3150886.0,229642,221592,459652,220116,81.87919463087249,134455.0,8.411751143505262,23.43450224982336,841.1751143505262
01005,53,42,41168,101658.0,7274,7927,23115,2852,79.24528301886792,12916.0,3.1873645091359553,7.870703004026014,318.73645091359555
01007,6,2,1972,1972.0,482,1490,0,0,33.333333333333336,8878.0,0.22212209957197568,0.22212209957197568,22.21220995719757
01009,3,0,0,0.0,0,0,0,0,0.0,25128.0,0.0,0.0,0.0
01011,31,24,3939,6604.0,1639,1068,1165,67,77.41935483870968,4564.0,0.8630587204206837,1.4469763365468886,86.30587204206836
01013,74,53,43618,85866.0,13668,11727,16289,1934,71.62162162162163,9645.0,4.522343182996371,8.902643856920685,452.2343182996371
01015,1,0,0,0.0,0,0,0,0,0.0,56376.0,0.0,0.0,0.0
01017,10,4,2923,4183.0,1437,856,630,0,40.0,17655.0,0.1655621636930048,0.2369300481450014,16.55621636930048
01019,1,0,0,0.0,0,0,0,0,0.0,15179.0,0.0,0.0,0.0
01021,12,3,780,780.0,780,0,0,0,25.0,19625.0,0.039745222929936305,0.039745222929936305,3.9745222929936306
01023,43,34,13228,29803.0,4402,2364,5245,1217,79.06976744186046,13891.0,0.9522712547692751,2.1454898855373985,95.22712547692751
01025,75,57,16152,37676.0,5389,3166,5487,2110,76.0,11158.0,1.4475712493278365,3.376590786879369,144.75712493278365
01027,1,1,80,80.0,80,0,0,0,100.0,6806.0,0.011754334410813987,0.011754334410813987,1.1754334410813987
01031,86,70,78274,193812.0,19190,14974,35004,9106,81.3953488372093,49054.0,1.5956700778733641,3.950992783463122,159.56700778733642
01035,97,75,38341,98803.0,8312,6833,18506,4690,77.31958762886597,6564.0,5.841102985984156,15.052254722730043,584.1102985984156
01037,6,1,71,71.0,63,8,0,0,16.666666666666668,5892.0,0.012050237610319077,0.012050237610319077,1.2050237610319077
01039,117,93,134976,330592.0,30100,26529,65373,12974,79.48717948717949,20999.0,6.427734654031144,15.743225867898472,642.7734654031144
01041,73,53,32962,69940.0,10276,7158,13554,1974,72.6027397260274,7476.0,4.40904226859283,9.355270197966828,440.904226859283
01043,2,0,0,0.0,0,0,0,0,0.0,42465.0,0.0,0.0,0.0
01045,70,54,94363,235832.0,22731,20258,38467,12907,77.14285714285714,23984.0,3.9344146097398265,9.83288859239493,393.44146097398266
01047,28,19,14291,16375.0,9587,3662,1042,0,67.85714285714286,20391.0,0.7008484135157668,0.8030503653572655,70.08484135157667
01049,1,0,0,0.0,0,0,0,0,0.0,37270.0,0.0,0.0,0.0
01051,18,9,7833,11576.0,2731,3256,1829,17,50.0,33928.0,0.23087125677906153,0.3411931148314077,23.087125677906155
01053,133,106,189878,504463.0,42119,36194,81080,30485,79.69924812030075,19366.0,9.804709284312713,26.048900134255913,980.4709284312713
01055,2,0,0,0.0,0,0,0,0,0.0,49918.0,0.0,0.0,0.0
01057,5,4,369,369.0,369,0,0,0,80.0,9093.0,0.040580666446717255,0.040580666446717255,4.058066644671725
01061,109,88,169983,465109.0,37790,28817,73918,29458,80.73394495412845,14754.0,11.521146807645385,31.524264606208487,1152.1146807645384
01063,13,7,3369,5195.0,1049,1407,913,0,53.84615384615385,4230.0,0.7964539007092198,1.2281323877068557,79.64539007092199
01065,9,6,6149,8689.0,3548,1331,1270,0,66.66666666666667,7471.0,0.8230491232766698,1.1630303841520546,82.30491232766698
01067,64,46,57304,154438.0,9532,9903,30737,7132,71.875,9862.0,5.810586088014602,15.659906712634355,581.0586088014602
01069,88,74,204537,546849.0,54687,29088,87166,33596,84.0909090909091,55379.0,3.6934036367576155,9.874663681178786,369.3403636757615
01071,1,0,0,0.0,0,0,0,0,0.0,27046.0,0.0,0.0,0.0
01073,5,2,2419,2419.0,1746,673,0,0,40.0,324270.0,0.007459832855336602,0.007459832855336602,0.7459832855336602
01075,4,2,181,181.0,181,0,0,0,50.0,7028.0,0.025754126351735913,0.025754126351735913,2.5754126351735915
01077,1,0,0,0.0,0,0,0,0,0.0,46677.0,0.0,0.0,0.0
01081,19,11,22610,33548.0,10165,6976,5469,0,57.89473684210526,72613.0,0.3113767507195681,0.4620109346811177,31.13767507195681
01085,33,24,336,527.0,133,118,78,7,72.72727272727273,4546.0,0.07391113066432028,0.11592608886933568,7.391113066432029
01087,26,18,10920,17631.0,4874,2980,2873,193,69.23076923076923,10134.0,1.0775606867969212,1.7397868561278864,107.75606867969212
01089,1,0,0,0.0,0,0,0,0,0.0,175636.0,0.0,0.0,0.0
01091,29,17,8075,16057.0,2751,2212,2526,586,58.62068965517241,10367.0,0.7789138612906338,1.548856949937301,77.89138612906338
01093,1,0,0,0.0,0,0,0,0,0.0,14638.0,0.0,0.0,0.0
01095,1,0,0,0.0,0,0,0,0,0.0,46754.0,0.0,0.0,0.0
01097,127,104,1219245,2848125.0,282996,296364,523515,116370,81.88976377952756,184817.0,6.597039233403853,15.410514184301228,659.7039233403854
01099,80,60,30615,82360.0,6081,6313,13120,5101,75.0,10900.0,2.8087155963302752,7.555963302752294,280.8715596330275
01101,34,25,25603,49452.0,8392,6902,9232,1077,73.52941176470588,110129.0,0.23248190758110943,0.4490370383822608,23.248190758110944
01105,11,7,2103,2973.0,1002,666,435,0,63.63636363636363,4673.0,0.45003209929381555,0.6362080034239247,45.003209929381555
01107,7,4,106,106.0,80,26,0,0,57.142857142857146,8144.0,0.013015717092337918,0.013015717092337918,1.3015717092337917
01109,64,47,61641,124775.0,18272,15582,25267,2520,73.4375,18021.0,3.4205094056933576,6.923866600077687,342.05094056933575
01111,4,2,76,76.0,76,0,0,0,50.0,13571.0,0.005600176847689927,0.005600176847689927,0.5600176847689927
01113,26,23,21725,34692.0,9663,7203,3776,1083,88.46153846153847,26160.0,0.8304663608562691,1.3261467889908256,83.04663608562691
01115,2,0,0,0.0,0,0,0,0,0.0,39104.0,0.0,0.0,0.0
01117,4,1,629,629.0,629,0,0,0,25.0,90930.0,0.006917408995930936,0.006917408995930936,0.6917408995930936
01119,15,11,5522,10132.0,1423,1848,2215,36,73.33333333333333,8819.0,0.6261480893525343,1.1488830933212382,62.61480893525343
01121,3,0,0,0.0,0,0,0,0,0.0,40776.0,0.0,0.0,0.0
01123,14,8,1749,2675.0,909,377,463,0,57.142857142857146,24472.0,0.07146943445570447,0.1093085975809088,7.1469434455704475
01125,6,6,7525,7551.0,4570,2942,13,0,100.0,91862.0,0.08191635279005464,0.0821993860355751,8.191635279005464
01127,5,1,882,882.0,861,21,0,0,20.0,33298.0,0.026488077362003724,0.026488077362003724,2.6488077362003724
01129,84,75,75191,212616.0,17036,13705,28275,16175,89.28571428571429,8680.0,8.662557603686636,24.49493087557604,866.2557603686637
01131,48,37,11310,21799.0,4400,2807,3342,761,77.08333333333333,5691.0,1.9873484449130205,3.8304340186259007,198.73484449130206
01133,1,0,0,0.0,0,0,0,0,0.0,13782.0,0.0,0.0,0.0
09001,3,3,142,142.0,142,0,0,0,100.0,394399.0,0.00036004148083539767,0.00036004148083539767,0.036004148083539765
09003,8,6,3983,9561.0,550,644,2789,0,75.0,388841.0,0.010243261384473346,0.024588456464210307,1.0243261384473346
09005,6,6,685,1235.0,213,197,275,0,100.0,94474.0,0.007250672142600081,0.01307237970235197,0.7250672142600081
09007,11,9,4305,9105.0,739,1166,2400,0,81.81818181818181,78306.0,0.05497663014328404,0.1162746149720328,5.497663014328404
09009,12,9,3774,5568.0,1595,1282,897,0,75.0,382784.0,0.009859346263166695,0.014546062531349272,0.9859346263166695
09011,10,10,9413,24405.0,1613,1408,5656,736,100.0,122780.0,0.07666558071347125,0.19877015800618994,7.666558071347125
09013,8,7,1130,2490.0,170,280,680,0,87.5,62211.0,0.018163990291106075,0.04002507595119834,1.8163990291106074
09015,10,9,8160,16049.0,2368,1876,3897,19,90.0,53651.0,0.1520940895789454,0.299137015153492,15.20940895789454
10001,10,8,27667,55433.0,9680,4104,13883,0,80.0,78453.0,0.3526570048309179,0.7065759116923508,35.26570048309179
10003,6,5,1298,3350.0,177,95,1026,0,83.33333333333333,237035.0,0.005475984559242306,0.014132933954901176,0.5475984559242306
10005,11,11,94547,191156.0,30102,16265,48097,83,100.0,151019.0,0.6260602970487157,1.2657745051947107,62.60602970487157
12001,132,102,735208,1990960.0,168228,132667,305271,129042,77.27272727272727,124665.0,5.897469217502908,15.970480888781935,589.7469217502908
12003,110,84,224386,645747.0,34976,51040,90163,48207,76.36363636363636,11165.0,20.097268248992386,57.83672189879086,2009.7268248992386
12005,143,122,761134,2152958.0,163706,130569,314157,152702,85.31468531468532,110926.0,6.861637488055099,19.40895732289995,686.16374880551
12007,110,85,202872,607058.0,33422,33642,91618,44190,77.27272727272727,12552.0,16.162523900573614,48.36344805608668,1616.2523900573615
12009,186,160,3013939,7576955.0,646932,600890,1422523,343594,86.02150537634408,304745.0,9.890035931680586,24.863262727854437,989.0035931680586
12011,181,155,3811711,8689556.0,1056741,825431,1589950,339589,85.6353591160221,897587.0,4.24662010479207,9.68101810743694,424.662010479207
12013,115,90,131768,414749.0,26263,21874,45058,38573,78.26086956521739,7054.0,18.679897930252338,58.79628579529345,1867.9897930252337
12015,223,195,1950242,5346853.0,402539,328658,899538,319507,87.4439461883408,130216.0,14.976976715610984,41.06141334398231,1497.6976715610983
12017,146,118,1495564,4494696.0,293105,223600,631721,347138,80.82191780821918,87644.0,17.06407740404363,51.28355620464607,1706.407740404363
12019,108,91,949901,2833647.0,166223,152413,424193,207072,84.25925925925925,89757.0,10.583029735842329,31.570206223470034,1058.3029735842329
12021,272,237,3307296,9804231.0,507570,596889,1505750,697087,87.13235294117646,231601.0,14.280145595226273,42.33242084446958,1428.0145595226272
12023,122,99,584484,1626427.0,123059,96206,261384,103835,81.14754098360656,32458.0,18.007394170928585,50.10866350360466,1800.7394170928585
12027,178,154,499096,1550843.0,93175,81367,190341,134213,86.51685393258427,17075.0,29.229633967789166,90.82535871156662,2922.9633967789164
12029,146,126,373874,1113954.0,72968,56968,159870,84068,86.3013698630137,10104.0,37.00257323832146,110.24881235154395,3700.257323832146
12031,112,92,2158182,6156427.0,559390,463002,560235,575555,82.14285714285714,462469.0,4.666652251286032,13.31208578304708,466.6652251286032
12033,145,117,849657,2603224.0,137209,104529,428676,179243,80.6896551724138,155649.0,5.458801534221228,16.724964503466133,545.8801534221228
12035,110,93,264083,707521.0,38942,59006,129079,37056,84.54545454545455,56661.0,4.66075431072519,12.486913397222075,466.07543107251905
12037,137,115,118085,360524.0,26967,17804,41377,31937,83.94160583941606,9273.0,12.734282325029657,38.87889571875337,1273.4282325029658
12039,113,91,249569,753956.0,49710,39464,99196,61199,80.53097345132744,21145.0,11.802742965240009,35.65646724994088,1180.2742965240009
12041,115,100,228059,654778.0,49407,34987,97202,46463,86.95652173913044,8264.0,27.596684414327203,79.23257502420135,2759.6684414327206
12043,231,190,371059,1096595.0,77796,66119,136728,90416,82.25108225108225,8476.0,43.77760736196319,129.37647475224162,4377.760736196319
12045,121,99,138947,447067.0,24047,23000,50460,41440,81.81818181818181,9710.0,14.309680741503605,46.04191555097837,1430.9680741503605
12047,114,90,108616,291686.0,20978,20715,50515,16408,78.94736842105263,6620.0,16.40725075528701,44.06132930513595,1640.725075528701
12049,168,139,266532,757556.0,53547,44456,117207,51322,82.73809523809524,11842.0,22.50734673197095,63.97196419523729,2250.734673197095
12051,254,216,739264,2241025.0,133081,136182,282748,187253,85.03937007874016,18550.0,39.85250673854448,120.8099730458221,3985.2506738544475
12053,150,124,1220892,3545700.0,228127,231596,493679,267490,82.66666666666667,96982.0,12.588851539460931,36.56039265018251,1258.8851539460932
12055,208,180,1087104,3062208.0,224584,184028,472452,206040,86.53846153846153,62481.0,17.398953281797667,49.010227109041146,1739.8953281797667
12057,192,155,3742126,9727823.0,842143,731926,1618196,549861,80.72916666666667,604033.0,6.195234366334289,16.104787321222517,619.5234366334289
12059,112,87,136850,377022.0,26590,28112,56856,25292,77.67857142857143,9652.0,14.178408619975135,39.06154164939909,1417.8408619975135
12061,162,125,654634,1525278.0,129871,182279,280592,61892,77.1604938271605,89567.0,7.308874920450612,17.029463976687843,730.8874920450612
12063,120,96,220330,662531.0,40960,30871,100098,48401,80.0,21638.0,10.182549218966633,30.61886495979296,1018.2549218966633
12065,114,83,74863,212175.0,17964,12774,27771,16354,72.80701754385964,7978.0,9.38368012033091,26.595011281022813,938.368012033091
12067,129,117,104706,296459.0,20585,19098,44454,20569,90.69767441860465,4046.0,25.878892733564015,73.27212061295106,2587.8892733564016
12069,164,134,1661094,4271312.0,387242,332028,699634,242190,81.70731707317073,193545.0,8.582469193210882,22.068831537885245,858.2469193210882
12071,246,213,7120895,20722186.0,1187505,1280350,3221303,1431737,86.58536585365853,428762.0,16.608036626380137,48.330276470396164,1660.8036626380137
12073,123,95,718255,1887500.0,162798,176156,242420,136881,77.23577235772358,142168.0,5.052156603455067,13.276546058184683,505.21566034550676
12075,151,129,731044,2144550.0,141597,103707,338398,147342,85.43046357615894,21831.0,33.48651000870322,98.23416242957262,3348.651000870322
12077,122,101,52261,165697.0,10784,7925,18108,15444,82.78688524590164,3530.0,14.804815864022663,46.939660056657225,1480.4815864022662
12079,118,97,134346,406716.0,24926,18670,60460,30290,82.20338983050847,8764.0,15.32930168872661,46.407576449109996,1532.930168872661
12081,190,159,2150474,6010069.0,461016,381097,894070,414291,83.6842105263158,218721.0,9.832041733532675,27.478243972915266,983.2041733532675
12083,161,130,2429225,6799039.0,430693,416178,1180652,401702,80.74534161490683,199294.0,12.189152709062993,34.11562314971851,1218.9152709062994
12085,184,147,820980,2206102.0,200324,170156,289126,161374,79.8913043478261,87075.0,9.428423772609818,25.335653172552398,942.8423772609818
12086,274,232,7180352,13150434.0,2174662,2257622,2590086,157982,84.67153284671532,1107178.0,6.4852733706775245,11.87743434208411,648.5273370677525
12087,326,275,763157,2183153.0,167668,139927,285938,169624,84.3558282208589,58120.0,13.130712319339297,37.56285271851342,1313.0712319339298
12089,107,91,596287,1648331.0,116223,120113,249237,110714,85.04672897196262,45110.0,13.218510308135668,36.540257149190865,1321.851030813567
12091,135,120,478397,1402746.0,84954,60090,247472,85881,88.88888888888889,105882.0,4.518208949585388,13.248200827336092,451.82089495853876
12093,186,151,830052,2464107.0,170589,134880,329620,194963,81.18279569892474,23163.0,35.835254500712345,106.38116824245564,3583.5254500712344
12095,159,131,2447858,5571357.0,631537,522788,1114722,178811,82.38993710691824,569175.0,4.300712434664207,9.788478060350508,430.0712434664207
12097,185,150,702980,1800295.0,184864,140055,264330,113731,81.08108108108108,162224.0,4.3333908669494035,11.097587286714667,433.33908669494036
12099,228,192,2559297,5982177.0,667569,496785,1183945,210998,84.21052631578948,712349.0,3.59275720187717,8.39781764275657,359.27572018771696
12101,170,140,3244159,8903116.0,735386,606077,1284841,617855,82.3529411764706,283753.0,11.433038593424563,31.376288532632255,1143.3038593424562
12103,161,127,3798216,10558773.0,724024,699713,1703946,670533,78.88198757763975,548311.0,6.927119827980835,19.256905296446725,692.7119827980836
12105,226,188,3877487,10380149.0,916452,736307,1540326,684402,83.1858407079646,336343.0,11.52837133521435,30.86179584531267,1152.8371335214351
12107,128,98,1056565,3260116.0,177711,150568,479293,248993,76.5625,42962.0,24.59301242958894,75.88371118663005,2459.301242958894
12109,120,95,851645,2237875.0,204409,163713,343795,139728,79.16666666666667,119664.0,7.116969180371707,18.70132203503142,711.6969180371707
12111,171,138,1209883,3208498.0,229943,255941,540460,183539,80.70175438596492,151270.0,7.998168837178555,21.210405235671317,799.8168837178555
12113,145,114,820679,2469360.0,125205,148449,362148,184877,78.62068965517241,79847.0,10.27814445126304,30.926146254712137,1027.814445126304
12115,196,167,3480120,9023184.0,669860,776209,1542397,491654,85.20408163265306,269096.0,12.932633706929868,33.531468323572255,1293.2633706929869
12117,119,96,976998,2052700.0,250865,273887,395176,57070,80.67226890756302,195491.0,4.997662296474006,10.500227631962597,499.7662296474006
12119,141,114,516198,1321684.0,126055,100797,213748,75598,80.85106382978724,75359.0,6.849852041561061,17.538502368662005,684.9852041561061
12121,126,108,690683,1913753.0,150990,129446,276055,134192,85.71428571428571,22781.0,30.318379351213732,84.00654053816777,3031.837935121373
12123,150,128,278009,862913.0,47327,42837,118107,69738,85.33333333333333,11975.0,23.215782881002088,72.05954070981211,2321.5782881002087
12125,104,81,86974,253886.0,14965,15994,37721,18294,77.88461538461539,5293.0,16.431891177026262,47.9663706782543,1643.1891177026262
12127,158,131,1874575,4775886.0,462167,420226,686533,305649,82.9113924050633,281109.0,6.668498696235268,16.989445375281473,666.8498696235268
12129,124,100,280134,840641.0,53060,55596,98961,72517,80.64516129032258,15046.0,18.618503256679517,55.87139439053569,1861.8503256679517
12131,143,111,572088,1572853.0,119439,108397,240165,104087,77.62237762237763,59387.0,9.633219391449307,26.484803071379257,963.3219391449308
12133,123,101,254736,729577.0,56858,42551,100598,54729,82.11382113821138,12305.0,20.701828524989843,59.291101178382775,2070.182852498984
13001,73,60,86884,212250.0,22512,19650,32748,11974,82.1917808219178,10125.0,8.581135802469136,20.962962962962962,858.1135802469137
13003,70,56,39602,98380.0,10667,7529,16084,5322,80.0,4551.0,8.701823774994507,21.61722698308064,870.1823774994507
13005,69,61,45095,120479.0,9448,9736,18057,7854,88.40579710144928,6471.0,6.968783804666976,18.618297017462524,696.8783804666975
13007,66,51,6475,14823.0,1507,1730,2614,624,77.27272727272727,1303.0,4.969301611665387,11.376055257099003,496.93016116653877
13009,11,7,11052,26722.0,1202,3947,4615,1288,63.63636363636363,21932.0,0.5039212110158672,1.2184023344884187,50.39212110158672
13011,3,2,449,751.0,266,32,151,0,66.66666666666667,10548.0,0.042567311338642395,0.07119833143723929,4.25673113386424
13013,3,1,2,2.0,2,0,0,0,33.333333333333336,32661.0,6.123511221334313e-05,6.123511221334313e-05,0.006123511221334313
13017,46,35,22210,54763.0,3205,5400,11824,1781,76.08695652173913,8876.0,2.5022532672374944,6.169783686345201,250.22532672374945
13019,70,52,65792,181540.0,12314,13046,28804,11628,74.28571428571429,10592.0,6.211480362537764,17.139350453172206,621.1480362537765
13021,16,10,6213,10437.0,2010,2205,1922,76,62.5,75683.0,0.08209241177014653,0.13790415284806362,8.209241177014654
13023,19,15,7987,13446.0,2709,2664,2537,77,78.94736842105263,6629.0,1.2048574445617741,2.0283602353296124,120.48574445617741
13025,92,73,164316,439954.0,25729,33753,82844,21990,79.34782608695652,10489.0,15.665554390313662,41.94432262370102,1566.5554390313662
13027,90,74,73904,214136.0,17239,9106,32521,15038,82.22222222222223,10149.0,7.281899694551187,21.099221598187015,728.1899694551188
13029,96,78,84115,198827.0,29586,19274,20521,14734,81.25,18178.0,4.627296732313786,10.937781934206184,462.72967323137857
13031,79,60,88790,225351.0,27040,17447,28318,15985,75.9493670886076,36552.0,2.429142044210987,6.165216677609981,242.9142044210987
13033,36,32,23362,47610.0,7774,5729,8349,1510,88.88888888888889,14412.0,1.6210102692200943,3.3034970857618653,162.10102692200942
13035,7,5,3952,6418.0,2066,653,1233,0,71.42857142857143,9690.0,0.40784313725490196,0.6623323013415893,40.78431372549019
13037,53,41,15295,35627.0,3370,4720,5231,1974,77.35849056603773,2836.0,5.393159379407616,12.562411847672779,539.3159379407616
13039,103,86,110372,341124.0,16348,20231,46071,27722,83.49514563106796,25388.0,4.347408224357965,13.436426658263747,434.7408224357965
13043,46,29,26557,68227.0,7084,3522,12695,3256,63.04347826086956,5960.0,4.455872483221476,11.44748322147651,445.5872483221476
13045,1,1,254,254.0,254,0,0,0,100.0,54530.0,0.004657986429488355,0.004657986429488355,0.4657986429488355
13049,113,100,75688,209748.0,18236,13573,28445,15434,88.49557522123894,5777.0,13.101609832092782,36.3074259996538,1310.1609832092781
13051,87,64,479686,1027405.0,167960,63617,230942,17167,73.5632183908046,138758.0,3.4569970740425777,7.4042938064832295,345.69970740425777
13053,20,18,7075,12939.0,1856,2962,1807,450,90.0,3111.0,2.274188363870138,4.1591128254580525,227.4188363870138
13059,4,3,2152,3600.0,69,1359,724,0,75.0,54185.0,0.03971578850235305,0.06643905139798838,3.971578850235305
13061,47,36,9902,25853.0,1637,1860,5358,1047,76.59574468085107,2222.0,4.456345634563457,11.635013501350135,445.6345634563457
13063,3,0,0,0.0,0,0,0,0,0.0,114179.0,0.0,0.0,0.0
13065,101,82,38420,103358.0,6927,6410,20159,4924,81.18811881188118,3835.0,10.01825293350717,26.951238591916557,1001.8252933507171
13069,69,56,102742,241314.0,29683,25277,33446,14336,81.15942028985508,22635.0,4.539076651203888,10.661100066269052,453.9076651203888
13071,78,58,117313,310962.0,26273,15613,61162,14265,74.35897435897436,25374.0,4.623354614960196,12.255143059825018,462.33546149601955
13073,11,6,5460,5480.0,2315,3135,10,0,54.54545454545455,59330.0,0.09202764200235969,0.09236473959211192,9.202764200235968
13075,70,55,67508,190858.0,11250,13522,30110,12626,78.57142857142857,9714.0,6.949557339921762,19.647724933086266,694.9557339921762
13077,2,1,962,962.0,817,145,0,0,50.0,59232.0,0.016241220961642357,0.016241220961642357,1.6241220961642358
13079,17,12,19954,39801.0,5848,5978,6931,1197,70.58823529411765,6432.0,3.1023009950248754,6.187966417910448,310.2300995024875
13081,37,28,22050,48545.0,6742,4603,9010,1695,75.67567567567568,11943.0,1.8462697814619442,4.064724106170979,184.62697814619443
13087,98,78,109274,282115.0,25365,19441,49833,14635,79.59183673469387,15775.0,6.927036450079239,17.88367670364501,692.7036450079239
13089,3,0,0,0.0,0,0,0,0,0.0,334773.0,0.0,0.0,0.0
13091,40,28,20555,40938.0,3916,7028,9224,387,70.0,10776.0,1.9074795842613215,3.798997772828508,190.74795842613216
13093,31,19,12269,35361.0,2761,1136,6256,2116,61.29032258064516,5228.0,2.3467865340474368,6.763771996939556,234.67865340474367
13095,52,42,61017,106225.0,16182,28243,12584,4008,80.76923076923077,44062.0,1.3847986927511233,2.410807498524806,138.47986927511232
13097,1,0,0,0.0,0,0,0,0,0.0,58673.0,0.0,0.0,0.0
13099,68,54,31077,78972.0,6513,7254,12885,4425,79.41176470588235,6556.0,4.740237949969494,12.045759609517999,474.0237949969494
13101,95,74,21348,60463.0,4141,2952,10720,3535,77.89473684210526,1463.0,14.591934381408066,41.328092959671906,1459.1934381408066
13103,83,60,205175,481397.0,56928,47594,75681,24972,72.28915662650603,28237.0,7.266175585225059,17.04844707298934,726.6175585225059
13105,3,3,4624,8746.0,2068,495,2061,0,100.0,12915.0,0.35803329461866046,0.6771970576848626,35.80332946186605
13107,42,31,26291,59402.0,4645,8116,11513,2017,73.80952380952381,12658.0,2.0770263864749565,4.692842471164481,207.70263864749566
13109,62,40,29025,71250.0,9767,4762,10085,4411,64.51612903225806,6072.0,4.780138339920948,11.734189723320158,478.0138339920948
13113,2,0,0,0.0,0,0,0,0,0.0,45453.0,0.0,0.0,0.0
13119,3,3,1102,1172.0,120,947,35,0,100.0,14155.0,0.07785234899328859,0.08279759802190038,7.785234899328859
13121,2,1,1,1.0,1,0,0,0,50.0,478007.0,2.0920195729351243e-06,2.0920195729351243e-06,0.00020920195729351242
13125,9,7,1233,2025.0,683,154,396,0,77.77777777777777,1959.0,0.6294027565084227,1.0336906584992342,62.94027565084227
13127,88,67,123668,315793.0,19615,25671,66595,11787,76.13636363636364,42638.0,2.9004174679863035,7.406374595431306,290.04174679863036
13131,91,68,103247,290558.0,21974,14808,48338,18127,74.72527472527473,15016.0,6.875799147575919,19.349893446989878,687.579914757592
13133,5,4,3801,8513.0,1205,240,2356,0,80.0,11448.0,0.3320230607966457,0.7436233403214535,33.20230607966457
13135,1,0,0,0.0,0,0,0,0,0.0,333044.0,0.0,0.0,0.0
13139,1,0,0,0.0,0,0,0,0,0.0,86793.0,0.0,0.0,0.0
13141,10,7,3546,7773.0,799,731,1951,65,70.0,5773.0,0.6142386973843755,1.3464403256539061,61.42386973843755
13145,15,10,5587,6441.0,2934,2226,427,0,66.66666666666667,15818.0,0.3532052092552788,0.40719433556707546,35.32052092552788
13147,3,3,1461,1727.0,748,580,133,0,100.0,16449.0,0.08881998905708553,0.10499118487446045,8.881998905708553
13149,4,2,239,239.0,239,0,0,0,50.0,6491.0,0.036820212602064396,0.036820212602064396,3.6820212602064397
13151,8,4,2453,3135.0,1073,1039,341,0,50.0,87168.0,0.02814106093979442,0.03596503303964758,2.814106093979442
13153,16,13,21465,50344.0,5059,4095,10892,1419,81.25,66769.0,0.32148152585780826,0.7540026059997903,32.14815258578083
13155,51,41,18841,50722.0,3031,3504,9883,2423,80.3921568627451,5463.0,3.4488376349990846,9.284642138019404,344.88376349990847
13157,4,3,3997,5711.0,2213,927,857,0,75.0,31007.0,0.12890637597961752,0.18418421646724933,12.890637597961751
13159,7,5,2226,7633.0,250,297,996,683,71.42857142857143,7785.0,0.2859344894026975,0.980475272960822,28.59344894026975
13161,57,46,34162,80446.0,8890,8751,12107,4414,80.70175438596492,8929.0,3.8259603539030125,9.009519543061932,382.59603539030127
13163,19,13,7329,14253.0,2653,1214,3462,0,68.42105263157895,10187.0,0.7194463531952489,1.399136153921665,71.94463531952489
13165,37,28,13541,32584.0,4142,1784,6344,1271,75.67567567567568,5090.0,2.6603143418467585,6.401571709233791,266.03143418467585
13167,18,15,7579,13620.0,2730,1857,2973,19,83.33333333333333,4603.0,1.64653486856398,2.958939821855312,164.653486856398
13169,12,9,11581,30608.0,2830,2119,4711,1921,75.0,13245.0,0.8743676859192148,2.310909777274443,87.43676859192148
13171,11,6,2891,5764.0,1646,239,719,287,54.54545454545455,8382.0,0.34490575041756144,0.6876640419947506,34.490575041756145
13173,68,51,40142,102313.0,9303,7618,17978,5243,75.0,5125.0,7.832585365853658,19.96351219512195,783.2585365853658
13175,30,19,39855,83747.0,7753,11938,18976,1188,63.333333333333336,26817.0,1.486184136928068,3.122907111160831,148.6184136928068
13177,47,34,28295,52596.0,8219,10762,7423,1891,72.34042553191489,13292.0,2.128724044538068,3.956966596448992,212.8724044538068
13179,96,77,91012,195102.0,22211,28579,32340,7882,80.20833333333333,31729.0,2.868416905669892,6.149011944908444,286.8416905669892
13181,4,3,1282,1282.0,1140,142,0,0,75.0,5833.0,0.2197839876564375,0.2197839876564375,21.97839876564375
13183,82,59,70945,187752.0,14993,13087,32506,10359,71.95121951219512,7331.0,9.677397353703451,25.61069431182649,967.7397353703451
13185,99,73,209080,491458.0,72108,27694,88004,21274,73.73737373737374,53155.0,3.9334023139873953,9.245752986548773,393.34023139873955
13189,10,7,3720,5410.0,1610,1265,845,0,70.0,12348.0,0.3012633624878523,0.438127632005183,30.12633624878523
13191,92,72,81365,208495.0,16792,17916,35385,11272,78.26086956521739,8737.0,9.312693144099805,23.86345427492274,931.2693144099806
13193,27,16,11921,31257.0,3515,2416,3538,2452,59.25925925925926,6734.0,1.7702702702702702,4.641669141669142,177.02702702702703
13195,3,3,9900,21046.0,1746,2581,5573,0,100.0,16351.0,0.6054675555011926,1.28713840132102,60.54675555011926
13197,23,17,11963,23359.0,2518,4470,4493,482,73.91304347826087,4380.0,2.7312785388127856,5.333105022831051,273.12785388127855
13199,13,8,2944,4886.0,1665,710,301,268,61.53846153846154,11794.0,0.2496184500593522,0.4142784466677972,24.96184500593522
13201,70,56,11956,31342.0,2613,2197,5448,1698,80.0,3720.0,3.213978494623656,8.425268817204302,321.39784946236557
13205,74,59,68122,167030.0,15023,14694,31039,7366,79.72972972972973,10826.0,6.292444116016996,15.428597820062812,629.2444116016995
13207,12,10,8289,12917.0,4075,2107,1969,138,83.33333333333333,11716.0,0.7074940252645954,1.1025093888699216,70.74940252645953
13209,43,30,21472,53320.0,6661,3195,8744,2872,69.76744186046511,4932.0,4.3536090835360906,10.8110300081103,435.36090835360903
13211,6,3,1269,2637.0,526,131,564,48,50.0,15101.0,0.08403416992252169,0.17462419707304153,8.403416992252168
13215,17,11,3146,4676.0,1870,943,45,288,64.70588235294117,84388.0,0.03728018201640044,0.055410721903588186,3.728018201640044
13217,8,4,929,2191.0,145,213,531,40,50.0,40059.0,0.023190793579470282,0.05469432586934272,2.3190793579470284
13219,5,3,200,212.0,110,84,6,0,60.0,18533.0,0.010791560999298549,0.01143905465925646,1.0791560999298548
13221,5,4,1974,5712.0,37,68,1869,0,80.0,8229.0,0.23988333940940576,0.6941305140357273,23.988333940940578
13225,17,11,12146,24515.0,3608,3096,4947,495,64.70588235294117,13431.0,0.9043258134167225,1.825255007073189,90.43258134167225
13229,79,66,93204,234094.0,19556,23810,36100,13738,83.54430379746836,12526.0,7.440843046463356,18.68864761296503,744.0843046463356
13231,8,2,1062,3753.0,108,72,573,309,25.0,8401.0,0.12641352219973812,0.44673253184144746,12.641352219973811
13235,26,19,6125,12691.0,1390,1644,2963,128,73.07692307692308,5309.0,1.153701262007911,2.390469014880392,115.3701262007911
13237,6,5,10399,30659.0,1643,714,6650,1392,83.33333333333333,15369.0,0.6766217710976641,1.9948597826794197,67.6621771097664
13239,29,23,19340,53513.0,3444,2513,10914,2469,79.3103448275862,2107.0,9.178927384907452,25.397721879449453,917.8927384907452
13243,49,38,12410,32686.0,2844,2509,5003,2054,77.55102040816327,4538.0,2.734684883208462,7.2027324812692815,273.4684883208462
13245,17,10,22494,29586.0,10695,8253,3546,0,58.8235294117647,104219.0,0.215833965015976,0.28388297719225863,21.583396501597598
13247,4,1,589,591.0,575,13,1,0,25.0,36756.0,0.016024594624006964,0.016079007508978126,1.6024594624006965
13249,24,18,4960,8820.0,1521,1815,1420,204,75.0,2346.0,2.114236999147485,3.7595907928388748,211.4236999147485
13251,56,39,55071,146299.0,9101,11933,26319,7718,69.64285714285714,8715.0,6.319104991394148,16.787033849684452,631.9104991394148
13253,80,62,48818,141790.0,9238,7578,22346,9656,77.5,5969.0,8.178589378455353,23.7543977215614,817.8589378455353
13255,6,3,2843,2843.0,2156,687,0,0,50.0,32507.0,0.0874580859507183,0.0874580859507183,8.74580859507183
13259,29,22,8856,20491.0,1177,2892,4100,687,75.86206896551724,2948.0,3.004070556309362,6.950814111261873,300.4070556309362
13261,41,33,25851,55545.0,8982,5049,9802,2018,80.48780487804878,16281.0,1.587801732080339,3.4116454763220934,158.78017320803391
13263,17,12,5307,9153.0,1666,2045,1378,218,70.58823529411765,3817.0,1.3903589206182867,2.397956510348441,139.03589206182866
13265,6,4,939,2475.0,68,103,768,0,66.66666666666667,1353.0,0.6940133037694013,1.829268292682927,69.40133037694012
13267,65,52,83272,222988.0,19695,15046,34313,14218,80.0,12134.0,6.862699851656503,18.377122136146365,686.2699851656503
13269,19,15,14275,29888.0,4708,4255,3649,1663,78.94736842105263,4829.0,2.9560985711327397,6.189273141437151,295.60985711327396
13271,51,35,19743,44940.0,5088,3540,10126,989,68.62745098039215,7496.0,2.6338046958377803,5.995197438633938,263.38046958377805
13273,46,40,15393,30091.0,6592,3735,3544,1522,86.95652173913044,5448.0,2.825440528634361,5.523311306901615,282.5440528634361
13275,97,74,106904,298600.0,16256,26234,43458,20956,76.28865979381443,25466.0,4.197910940076965,11.725437838686876,419.7910940076965
13277,53,40,55956,131359.0,15305,9929,26069,4653,75.47169811320755,22517.0,2.4850557356663856,5.83377004041391,248.50557356663856
13279,52,36,40188,102818.0,10260,6518,18140,5270,69.23076923076923,15262.0,2.6332066570567423,6.736862796488009,263.32066570567423
13283,29,20,8040,18103.0,1116,2233,4464,227,68.96551724137932,3709.0,2.167700188730116,4.880830412510111,216.7700188730116
13285,7,4,2494,2494.0,1566,928,0,0,57.142857142857146,33512.0,0.07442110288851754,0.07442110288851754,7.442110288851754
13287,43,34,11583,28339.0,3242,2462,4213,1666,79.06976744186046,4179.0,2.771715721464465,6.7812873893275905,277.1715721464465
13289,20,14,5839,13219.0,1506,1312,2575,446,70.0,5114.0,1.1417676965193586,2.5848650762612437,114.17676965193586
13293,16,12,7177,16862.0,3707,1341,320,1809,75.0,14237.0,0.5041090117299993,1.1843787314743275,50.410901172999935
13297,4,2,575,1027.0,73,276,226,0,50.0,37378.0,0.015383380598212853,0.027476055433677565,1.5383380598212852
13299,90,73,146941,357289.0,43715,32447,47849,22930,81.11111111111111,19934.0,7.371375539279623,17.923597872980835,737.1375539279624
13301,10,7,1217,2003.0,511,313,393,0,70.0,3810.0,0.3194225721784777,0.5257217847769029,31.942257217847768
13303,17,11,6346,10948.0,2635,1410,2301,0,64.70588235294117,11511.0,0.5512987577100165,0.9510902614890105,55.12987577100164
13305,89,71,141863,387927.0,29677,22703,67117,22366,79.7752808988764,14289.0,9.928126530897893,27.148645811463364,992.8126530897894
13307,31,25,933,2154.0,246,210,388,89,80.64516129032258,1460.0,0.6390410958904109,1.4753424657534246,63.90410958904109
13309,47,29,10098,23978.0,2057,1920,5575,546,61.702127659574465,3153.0,3.202664129400571,7.604820805581985,320.26641294005714
13315,41,32,12619,27329.0,3606,2147,6540,326,78.04878048780488,4113.0,3.0680768295647947,6.644541697058108,306.8076829564795
13317,6,3,2519,5919.0,170,649,1700,0,50.0,6864.0,0.36698717948717946,0.8623251748251748,36.69871794871795
13319,17,12,6793,17726.0,596,1593,4029,575,70.58823529411765,5469.0,1.2420917900895958,3.241177546169318,124.20917900895958
13321,56,44,42933,97984.0,10719,10006,18663,3545,78.57142857142857,8823.0,4.866031961917715,11.105519664513205,486.6031961917715
22001,145,129,464070,1491153.0,73392,78951,177184,134543,88.96551724137932,28679.0,16.181526552529725,51.994595348512846,1618.1526552529724
22003,123,105,142649,435730.0,28952,24746,50558,38393,85.36585365853658,9880.0,14.438157894736841,44.10222672064777,1443.8157894736842
22005,119,102,820483,2622149.0,112962,137063,350208,220250,85.71428571428571,56073.0,14.63240775417759,46.76313020526813,1463.240775417759
22007,134,122,200090,627519.0,34490,29968,83577,52055,91.04477611940298,9544.0,20.965004191114836,65.75010477787092,2096.5004191114836
22009,75,62,126965,361609.0,27782,22502,49587,27094,82.66666666666667,18097.0,7.015803724374206,19.981709675636846,701.5803724374206
22011,136,125,311260,930781.0,60769,53721,121443,75327,91.91176470588235,16611.0,18.738185539702606,56.034013605442176,1873.8185539702606
22013,10,9,4932,17138.0,499,925,1778,1730,90.0,6313.0,0.7812450498970379,2.7147156660858545,78.1245049897038
22015,6,4,14044,25286.0,5177,3384,5391,92,66.66666666666667,57661.0,0.24356150604394652,0.43852864154281057,24.356150604394653
22017,7,5,15087,25932.0,4285,5384,5415,3,71.42857142857143,123288.0,0.12237200700798131,0.21033677243527352,12.237200700798132
22019,166,154,1070247,3119808.0,230792,173107,427393,238955,92.7710843373494,98658.0,10.848050842303715,31.62245332360275,1084.8050842303714
22021,19,17,11179,25604.0,2967,2543,4640,1029,89.47368421052632,4932.0,2.266626115166261,5.19140308191403,226.6626115166261
22023,197,173,87064,276849.0,15198,13413,34160,24293,87.81725888324873,3582.0,24.305974316024567,77.28894472361809,2430.5974316024567
22025,46,34,13833,34736.0,2691,2381,7634,1127,73.91304347826087,4504.0,3.0712699822380105,7.712255772646537,307.126998223801
22027,5,4,1594,7980.0,195,24,163,1212,80.0,6829.0,0.2334163127837165,1.1685459071606386,23.34163127837165
22029,53,38,18075,43689.0,4188,3183,9302,1402,71.69811320754717,9219.0,1.960624796615685,4.739017246989913,196.0624796615685
22031,12,9,11132,23544.0,3349,2576,4541,666,75.0,11064.0,1.0061460592913956,2.1279826464208242,100.61460592913956
22033,115,98,1286227,3294032.0,236168,204549,739915,105595,85.21739130434783,199140.0,6.458908305714573,16.54128753640655,645.8908305714573
22035,6,3,1056,1206.0,356,625,75,0,50.0,2818.0,0.3747338537970192,0.42796309439318664,37.47338537970192
22037,96,81,93955,264332.0,19485,19343,35086,20041,84.375,10024.0,9.373004788507583,26.369912210694334,937.3004788507583
22039,110,93,131805,400516.0,21643,23361,55098,31703,84.54545454545455,13872.0,9.50151384083045,28.87226066897347,950.151384083045
22041,14,10,10378,22174.0,2884,3414,2868,1212,71.42857142857143,8678.0,1.1958976722747177,2.5551970500115235,119.58976722747177
22043,37,34,56156,167967.0,13160,8518,20193,14285,91.89189189189189,9228.0,6.085392284351972,18.201885565669702,608.5392284351972
22045,137,113,204515,492269.0,45822,67925,55362,35406,82.48175182481752,28132.0,7.269835063273141,17.498542584956635,726.9835063273141
22047,128,116,161881,488970.0,25420,25298,76242,34921,90.625,12454.0,12.998313794764734,39.26208447085274,1299.8313794764733
22049,11,10,7881,26501.0,1460,684,3355,2382,90.9090909090909,7845.0,1.0045889101338432,3.3780752071383047,100.45889101338432
22051,174,148,1207591,2985411.0,222119,223615,677155,84702,85.05747126436782,172729.0,6.99124640332544,17.2837855831968,699.124640332544
22053,151,130,213157,683176.0,34486,38019,77747,62905,86.09271523178808,13788.0,15.45960255294459,49.54859297940238,1545.960255294459
22055,150,124,1191901,3444444.0,273197,251866,360549,306289,82.66666666666667,104372.0,11.419739010462576,33.00160962710306,1141.9739010462577
22057,190,166,715265,2080615.0,124542,141628,293375,155720,87.36842105263158,39829.0,17.958397147806874,52.23869542293304,1795.8397147806875
22061,6,6,8868,25109.0,3202,1969,748,2949,100.0,21323.0,0.4158889462083197,1.1775547530835249,41.588894620831965
22063,117,101,1016415,3015731.0,192873,192773,384843,245926,86.32478632478633,61275.0,16.587760097919215,49.21633618931048,1658.7760097919215
22065,12,9,1164,2752.0,406,375,109,274,75.0,4562.0,0.25515124945199474,0.603244191144235,25.515124945199474
22067,6,5,7429,17164.0,3457,1644,635,1693,83.33333333333333,13118.0,0.566321085531331,1.3084311632870864,56.6321085531331
22069,42,34,42120,110296.0,9874,7851,17933,6462,80.95238095238095,18777.0,2.2431698354369707,5.873994780848911,224.31698354369706
22071,122,100,1556113,3209240.0,402284,398949,707091,47789,81.9672131147541,192356.0,8.089755453430099,16.683857015117802,808.9755453430099
22073,9,8,37335,114926.0,5448,7751,14363,9773,88.88888888888889,75503.0,0.4944836629008119,1.5221381931843767,49.44836629008119
22075,164,137,216515,662911.0,38216,30443,97628,50228,83.53658536585365,9708.0,22.302740008240626,68.2850226617223,2230.2740008240626
22077,113,99,167564,497464.0,31559,27854,70285,37866,87.61061946902655,12647.0,13.249308136316913,39.33454574207322,1324.9308136316913
22079,81,72,326547,942016.0,51304,62748,149002,63493,88.88888888888889,62939.0,5.1883093153688495,14.967126900649836,518.8309315368849
22081,11,8,4784,14873.0,908,573,2142,1161,72.72727272727273,3698.0,1.2936722552731206,4.021903731746891,129.36722552731206
22083,10,9,5138,14381.0,820,1096,2289,933,90.0,9170.0,0.5603053435114503,1.568266085059978,56.030534351145036
22085,46,38,61264,162592.0,13495,10173,28884,8712,82.6086956521739,14067.0,4.35515746072368,11.558399090068956,435.51574607236796
22087,122,102,168308,349449.0,52398,34905,74628,6377,83.60655737704919,15711.0,10.712749029342499,22.242314302081343,1071.27490293425
22089,133,109,233645,630898.0,42111,56512,92619,42403,81.95488721804512,21310.0,10.964101360863445,29.605725011731582,1096.4101360863444
22091,82,68,94944,282815.0,18496,17998,34793,23657,82.92682926829268,5074.0,18.71186440677966,55.73807646826961,1871.1864406779662
22093,117,101,117471,377739.0,19183,19559,44459,34270,86.32478632478633,12007.0,9.783542933288915,31.459898392604313,978.3542933288916
22095,124,113,159375,443558.0,30972,31679,66479,30245,91.12903225806451,17920.0,8.893694196428571,24.752120535714287,889.3694196428571
22097,141,123,637373,2042757.0,107087,86743,270777,172766,87.23404255319149,39202.0,16.258685781337686,52.108489362787616,1625.8685781337686
22099,167,145,489667,1567415.0,84461,78903,184589,141714,86.82634730538922,26531.0,18.456409483246013,59.07862500471147,1845.6409483246014
22101,160,133,180650,481095.0,47608,41204,52915,38923,83.125,29762.0,6.069820576574155,16.16474027283113,606.9820576574155
22103,127,97,1040082,2841203.0,227954,163770,480223,168135,76.37795275590551,107483.0,9.676711666030908,26.433975605444584,967.6711666030908
22105,96,88,203448,434826.0,55039,39689,104074,4646,91.66666666666667,57218.0,3.555664301443602,7.5994617078541715,355.5664301443602
22107,14,10,414,918.0,180,102,52,80,71.42857142857143,3421.0,0.12101724641917568,0.26834258988599824,12.101724641917567
22109,177,152,627680,1704126.0,151122,128874,220658,127026,85.87570621468926,48269.0,13.003791253185275,35.3047711781889,1300.3791253185275
22111,6,5,7294,25281.0,705,1014,3296,2279,83.33333333333333,11213.0,0.6504949612057433,2.2546151788103095,65.04949612057433
22113,176,151,324497,976861.0,65645,65960,104032,88860,85.79545454545455,19581.0,16.57203411470303,49.88820795669271,1657.2034114703029
22115,88,78,164482,475261.0,32510,34145,59452,38375,88.63636363636364,18487.0,8.897170985016498,25.707848758587115,889.7170985016497
22117,91,74,200393,592691.0,35507,34941,85809,44136,81.31868131868131,19299.0,10.383595004922535,30.710969480283953,1038.3595004922536
22119,4,3,428,960.0,139,65,196,28,75.0,24921.0,0.017174270695397457,0.03852172866257373,1.7174270695397458
22121,103,91,204556,618874.0,38273,28454,91609,46220,88.3495145631068,12527.0,16.329208908757085,49.40320906841223,1632.9208908757084
22123,5,5,1924,4104.0,370,464,1090,0,100.0,4744.0,0.40556492411467115,0.8650927487352446,40.55649241146712
22125,88,76,35188,86074.0,10503,7030,12463,5192,86.36363636363636,5425.0,6.486267281105991,15.866175115207373,648.6267281105991
22127,29,23,15208,43508.0,4148,2964,4060,4036,79.3103448275862,6910.0,2.2008683068017367,6.2963820549927645,220.08683068017368
23001,2,2,1872,1872.0,1609,263,0,0,100.0,51447.0,0.03638696133885358,0.03638696133885358,3.638696133885358
23005,3,3,5226,9274.0,1240,1962,2024,0,100.0,149028.0,0.0350672356872534,0.06222991652575355,3.50672356872534
23009,2,2,878,882.0,395,481,2,0,100.0,34143.0,0.02571537357584278,0.025832527897372816,2.571537357584278
23011,3,3,2326,2326.0,2310,16,0,0,100.0,64105.0,0.036284221199594416,0.036284221199594416,3.6284221199594415
23013,4,3,2614,2714.0,1770,794,50,0,75.0,24895.0,0.1050010042177144,0.10901787507531632,10.500100421771439
23015,4,4,1614,2482.0,291,889,434,0,100.0,26693.0,0.060465290525605966,0.09298317911062826,6.046529052560596
23017,1,1,9,9.0,9,0,0,0,100.0,30626.0,0.0002938679553320708,0.0002938679553320708,0.02938679553320708
23019,2,1,1515,1515.0,1233,282,0,0,50.0,75943.0,0.019949172405620004,0.019949172405620004,1.9949172405620004
23023,4,3,1767,3343.0,441,538,788,0,75.0,19578.0,0.09025436714679742,0.17075288589232812,9.025436714679742
23025,1,1,172,172.0,172,0,0,0,100.0,29330.0,0.005864302761677463,0.005864302761677463,0.5864302761677463
23027,4,2,1887,2673.0,387,1107,393,0,50.0,19795.0,0.09532710280373832,0.13503409952008083,9.532710280373832
23029,2,1,103,103.0,103,0,0,0,50.0,17792.0,0.005789118705035971,0.005789118705035971,0.578911870503597
23031,3,3,6491,10045.0,2140,2574,1777,0,100.0,115964.0,0.05597426787623745,0.08662171018591977,5.597426787623745
24003,7,5,10562,25592.0,4734,1238,2640,1950,71.42857142857143,241122.0,0.04380355172900026,0.10613714219357835,4.380355172900026
24009,11,9,4353,6788.0,3383,240,405,325,81.81818181818181,38395.0,0.1133741372574554,0.17679385336632375,11.33741372574554
24011,9,9,3979,9792.0,1511,184,1869,415,100.0,16290.0,0.24426028238182934,0.6011049723756906,24.426028238182933
24013,3,3,479,1399.0,77,155,105,142,100.0,69618.0,0.006880404493090867,0.02009537763222155,0.6880404493090867
24015,4,2,1829,5023.0,63,169,1597,0,50.0,48367.0,0.03781503917960593,0.10385179978084232,3.7815039179605927
24017,12,12,1988,4806.0,622,227,959,180,100.0,67170.0,0.02959654607711776,0.0715497990174185,2.959654607711776
24019,12,10,8102,21889.0,1917,1621,3011,1553,83.33333333333333,18810.0,0.4307283359914939,1.1636895268474217,43.07283359914939
24021,5,3,214,388.0,22,105,87,0,60.0,110652.0,0.0019339912518526552,0.0035064888117702347,0.19339912518526553
24025,4,3,3815,13240.0,267,52,2685,811,75.0,108060.0,0.03530446048491579,0.12252452341291875,3.530446048491579
24027,5,5,815,1644.0,404,31,357,23,100.0,128461.0,0.006344337970278917,0.012797658433298822,0.6344337970278917
24029,7,6,915,2355.0,195,90,570,60,85.71428571428571,12211.0,0.07493243796576857,0.19285889771517484,7.493243796576857
24031,4,4,52,104.0,26,0,26,0,100.0,412921.0,0.00012593207901753604,0.0002518641580350721,0.012593207901753604
24033,9,7,1545,4253.0,271,154,964,156,77.77777777777777,375239.0,0.004117375859119122,0.011334109727400404,0.4117375859119122
24035,8,7,2381,6488.0,287,441,1386,267,87.5,23925.0,0.09951933124346918,0.27118077324973877,9.951933124346917
24037,12,11,9774,25086.0,1224,2700,4646,1204,91.66666666666667,50888.0,0.19206885709794058,0.492964942619085,19.206885709794058
24039,13,12,12631,29836.0,5155,1635,4000,1841,92.3076923076923,12758.0,0.9900454616711083,2.338611067565449,99.00454616711083
24041,9,7,7001,11480.0,3447,2153,842,559,77.77777777777777,22531.0,0.3107274421907594,0.5095202165904753,31.072744219075936
24043,1,0,0,0.0,0,0,0,0,0.0,69246.0,0.0,0.0,0.0
24045,14,12,13427,31448.0,2098,4846,4798,1685,85.71428571428571,49090.0,0.2735180281116317,0.6406192707272357,27.351802811163168
24047,14,13,26098,44344.0,9284,8591,7623,600,92.85714285714286,61054.0,0.42745766043174893,0.726307858616962,42.745766043174896
25001,15,11,1279,1957.0,448,492,339,0,73.33333333333333,168597.0,0.007586137357129724,0.011607561225881836,0.7586137357129724
25003,4,3,467,485.0,293,165,9,0,75.0,68129.0,0.006854643397084942,0.007118848067636395,0.6854643397084942
25005,11,7,1042,2901.0,165,126,632,119,63.63636363636363,231891.0,0.004493490476128871,0.01251018797624746,0.4493490476128871
25007,7,6,34,36.0,12,21,1,0,85.71428571428571,17040.0,0.001995305164319249,0.002112676056338028,0.1995305164319249
25009,3,3,847,1079.0,533,198,116,0,100.0,335799.0,0.0025223422344914665,0.0032132317249306875,0.25223422344914664
25011,2,2,4,4.0,4,0,0,0,100.0,32975.0,0.00012130401819560273,0.00012130401819560273,0.012130401819560273
25013,4,4,1227,1733.0,74,900,253,0,100.0,190722.0,0.006433447635825967,0.009086523840983211,0.6433447635825966
25015,3,3,584,584.0,351,233,0,0,100.0,66018.0,0.00884607228331667,0.00884607228331667,0.884607228331667
25017,8,3,311,331.0,182,119,10,0,37.5,653917.0,0.0004755955266494066,0.0005061804479773427,0.047559552664940656
25021,7,6,189,423.0,55,23,107,4,85.71428571428571,294619.0,0.0006415064880404862,0.001435752616090612,0.06415064880404862
25023,10,9,3887,7440.0,1825,1034,529,499,90.0,219189.0,0.017733554147334036,0.03394330919891053,1.7733554147334036
25025,5,2,2,4.0,1,0,1,0,40.0,309083.0,6.47075381046515e-06,1.29415076209303e-05,0.000647075381046515
25027,6,6,1358,1396.0,712,627,19,0,100.0,340923.0,0.003983304147857434,0.004094766266869645,0.3983304147857434
28001,37,28,15972,35708.0,2786,5454,6308,1424,75.67567567567568,15450.0,1.0337864077669903,2.3111974110032363,103.37864077669903
28003,1,1,945,1307.0,465,299,181,0,100.0,16023.0,0.05897771952817824,0.08157024277600948,5.897771952817824
28005,74,64,49632,134595.0,11199,10515,18209,9709,86.48648648648648,8191.0,6.059333414723477,16.432059577585154,605.9333414723477
28007,5,5,3164,4750.0,798,1573,793,0,100.0,8962.0,0.3530461950457487,0.5300156215130551,35.304619504574866
28009,1,1,1029,3087.0,0,0,1029,0,100.0,4690.0,0.21940298507462686,0.6582089552238806,21.940298507462686
28011,2,2,1838,3775.0,412,498,901,27,100.0,19000.0,0.09673684210526316,0.1986842105263158,9.673684210526316
28013,2,0,0,0.0,0,0,0,0,0.0,6934.0,0.0,0.0,0.0
28015,4,4,492,496.0,403,87,2,0,100.0,5385.0,0.09136490250696379,0.09210770659238626,9.13649025069638
28017,1,0,0,0.0,0,0,0,0,0.0,8808.0,0.0,0.0,0.0
28019,6,4,440,440.0,327,113,0,0,66.66666666666667,3629.0,0.1212455221824194,0.1212455221824194,12.12455221824194
28021,17,14,6921,17529.0,1718,1360,2869,974,82.3529411764706,4932.0,1.4032846715328466,3.5541362530413627,140.32846715328466
28023,40,33,18130,32734.0,7099,4935,5292,804,82.5,7260.0,2.497245179063361,4.508815426997245,249.7245179063361
28025,2,1,41,41.0,41,0,0,0,50.0,9310.0,0.0044038668098818476,0.0044038668098818476,0.44038668098818473
28027,2,2,364,500.0,182,114,68,0,100.0,11073.0,0.03287275354465818,0.04515488124266233,3.2872753544658178
28029,31,27,37804,99516.0,8094,7032,17226,5452,87.09677419354838,14194.0,2.6633788924897845,7.011131463998873,266.33788924897846
28031,51,42,32764,90953.0,6334,4795,16662,4973,82.3529411764706,6981.0,4.693310413980805,13.028649190660364,469.33104139808046
28033,2,2,750,808.0,471,250,29,0,100.0,68213.0,0.010994971632973187,0.011845249439256446,1.0994971632973187
28035,82,73,92290,254010.0,21825,16020,36835,17610,89.02439024390245,34851.0,2.648130613181831,7.288456572264784,264.81306131818314
28037,53,43,16148,35666.0,4701,3620,6539,1288,81.13207547169812,4603.0,3.5081468607429938,7.7484249402563545,350.8146860742994
28039,108,93,119303,321678.0,26030,25174,46040,22059,86.11111111111111,10513.0,11.348140397602968,30.598116617521164,1134.8140397602967
28041,79,73,48153,129937.0,12199,9648,16582,9724,92.40506329113924,5681.0,8.476148565393416,22.872205597606055,847.6148565393416
28043,2,1,552,964.0,105,241,206,0,50.0,11111.0,0.04968049680496805,0.08676086760867609,4.968049680496804
28045,113,102,173020,431808.0,37790,40981,70819,23430,90.26548672566372,23368.0,7.404142416980486,18.478603218076003,740.4142416980486
28047,117,100,819576,2350502.0,157586,144453,352253,165284,85.47008547008546,97549.0,8.401685306871418,24.095603235297133,840.1685306871418
28049,13,10,16335,48376.0,4008,4021,3163,5143,76.92307692307692,108277.0,0.15086306417798795,0.44678001791700916,15.086306417798795
28051,5,3,2376,4096.0,650,866,860,0,60.0,7940.0,0.29924433249370275,0.5158690176322418,29.924433249370274
28053,4,3,319,391.0,224,59,36,0,75.0,3985.0,0.08005018820577164,0.09811794228356337,8.005018820577165
28055,4,3,171,381.0,33,33,105,0,75.0,1399.0,0.1222301644031451,0.272337383845604,12.22301644031451
28059,126,97,505200,1369448.0,97209,103472,219449,85070,76.98412698412699,65070.0,7.763946519133241,21.045766098048254,776.3946519133241
28061,41,33,30244,62225.0,7054,7246,15913,31,80.48780487804878,8473.0,3.569455918800897,7.3439159683701165,356.9455918800897
28063,31,22,10035,20672.0,2833,3052,3371,779,70.96774193548387,3676.0,2.7298694232861807,5.623503808487486,272.98694232861806
28065,46,41,26240,74653.0,4346,3923,13814,4157,89.1304347826087,6225.0,4.215261044176707,11.992449799196788,421.5261044176707
28067,61,51,92794,234004.0,19617,14878,50095,8204,83.60655737704919,33761.0,2.7485560261840587,6.931192796421907,274.8556026184059
28069,13,12,2429,3825.0,1094,637,698,0,92.3076923076923,3877.0,0.6265153469177199,0.98658756770699,62.65153469177199
28071,2,1,1426,1482.0,512,886,28,0,50.0,28389.0,0.050230723167424,0.05220331818662158,5.0230723167424
28073,68,64,73923,216754.0,13744,11514,33498,15167,94.11764705882354,27228.0,2.7149625385632437,7.960702218304687,271.49625385632436
28075,22,17,18979,27761.0,9164,5538,4201,76,77.27272727272727,44527.0,0.42623576706268107,0.6234644148494172,42.62357670626811
28077,42,37,25997,74658.0,4380,5220,11108,5289,88.0952380952381,6476.0,4.0143607164916615,11.528412600370599,401.43607164916614
28079,8,7,245,401.0,95,72,78,0,87.5,6469.0,0.03787293244705519,0.06198794249497604,3.787293244705519
28081,1,1,63,63.0,63,0,0,0,100.0,38093.0,0.0016538471635208568,0.0016538471635208568,0.16538471635208568
28083,3,1,103,179.0,0,65,38,0,33.333333333333336,13755.0,0.007488186114140313,0.013013449654671029,0.7488186114140313
28085,47,41,72646,197705.0,19637,12996,25002,15011,87.23404255319149,16599.0,4.376528706548587,11.910657268510151,437.6528706548587
28087,3,1,213,213.0,203,10,0,0,33.333333333333336,29199.0,0.007294770368848248,0.007294770368848248,0.7294770368848248
28089,5,5,6726,16233.0,1232,1147,4076,271,100.0,43836.0,0.15343553243909117,0.37031207226936763,15.343553243909117
28091,63,51,70749,212708.0,10217,10173,36612,13747,80.95238095238095,13274.0,5.329893023956607,16.024408618351664,532.9893023956606
28093,1,1,1229,2341.0,315,358,556,0,100.0,19591.0,0.0627328875504058,0.1194936450410903,6.27328875504058
28095,1,0,0,0.0,0,0,0,0,0.0,13681.0,0.0,0.0,0.0
28097,4,2,421,421.0,112,309,0,0,50.0,5306.0,0.07934413871089332,0.07934413871089332,7.934413871089332
28099,11,9,10017,16229.0,5437,1474,3106,0,81.81818181818181,15134.0,0.6618871415356151,1.072353640808775,66.1887141535615
28101,22,21,13388,20756.0,5927,3777,3684,0,95.45454545454545,10369.0,1.29115633137236,2.0017359436782716,129.115633137236
28103,9,5,1583,1853.0,848,600,135,0,55.55555555555556,4960.0,0.3191532258064516,0.37358870967741936,31.91532258064516
28105,4,1,1501,1681.0,721,690,90,0,25.0,22699.0,0.06612626106876955,0.07405612582052072,6.612626106876955
28107,2,1,3412,9568.0,0,334,3078,0,50.0,15032.0,0.22698243746673763,0.6365087812666312,22.698243746673764
28109,111,95,281878,847677.0,50789,42946,124972,63171,85.58558558558559,26375.0,10.687317535545024,32.13941232227488,1068.7317535545023
28111,85,74,57540,160132.0,12186,12739,20161,12454,87.05882352941177,5898.0,9.755849440488301,27.15022041369956,975.5849440488302
28113,57,49,92442,271644.0,15974,16747,39801,19920,85.96491228070175,21837.0,4.233273801346339,12.43962082703668,423.3273801346339
28115,2,1,626,626.0,460,166,0,0,50.0,15075.0,0.0415257048092869,0.0415257048092869,4.15257048092869
28117,1,1,365,365.0,365,0,0,0,100.0,13364.0,0.027312181981442682,0.027312181981442682,2.7312181981442682
28119,2,2,410,1212.0,9,0,401,0,100.0,3735.0,0.10977242302543508,0.3244979919678715,10.977242302543507
28121,20,15,49126,115294.0,9792,13735,20609,4990,75.0,62263.0,0.7890079180251514,1.8517257440213288,78.90079180251513
28123,22,15,16687,32077.0,5191,3801,7695,0,68.18181818181819,12668.0,1.3172560783075467,2.5321281970318914,131.72560783075465
28125,3,3,205,417.0,63,42,96,4,100.0,2206.0,0.0929283771532185,0.18902991840435177,9.29283771532185
28127,34,29,4737,12133.0,1198,942,1863,734,85.29411764705883,12049.0,0.3931446593078264,1.0069715329072952,39.31446593078264
28129,38,33,25532,54410.0,7511,4722,12539,760,86.84210526315789,8622.0,2.9612618881929946,6.31060078868012,296.12618881929944
28131,97,84,95686,285338.0,19849,15781,36876,23180,86.5979381443299,8109.0,11.799975336046368,35.187816006905905,1179.9975336046368
28133,2,1,404,856.0,70,108,226,0,50.0,10476.0,0.038564337533409696,0.08171057655593739,3.8564337533409696
28135,1,1,956,2868.0,0,0,956,0,100.0,5767.0,0.16577076469568233,0.49731229408704697,16.577076469568233
28137,2,2,2343,4691.0,726,443,1174,0,100.0,11777.0,0.19894710028020718,0.3983187568990405,19.894710028020718
28139,1,1,1681,4309.0,60,307,1314,0,100.0,10076.0,0.16683207622072252,0.4276498610559746,16.683207622072253
28141,1,0,0,0.0,0,0,0,0,0.0,10202.0,0.0,0.0,0.0
28143,2,2,857,1481.0,131,414,312,0,100.0,5206.0,0.16461774875144064,0.2844794467921629,16.461774875144066
28145,1,1,1896,2692.0,520,978,398,0,100.0,12830.0,0.14777864380358535,0.20982073265783321,14.777864380358535
28147,71,58,50606,155046.0,7919,7348,24085,11254,81.69014084507042,7640.0,6.623821989528796,20.293979057591624,662.3821989528797
28149,9,7,9283,19953.0,2893,1259,4995,136,77.77777777777777,23913.0,0.3881988876343411,0.8343996989085435,38.819888763434115
28151,4,1,1470,7593.0,0,0,409,1061,25.0,24292.0,0.06051374938251276,0.31257204017783635,6.051374938251277
28153,65,56,34891,84575.0,9408,7976,12617,4890,86.15384615384616,9554.0,3.6519782290140257,8.852313167259787,365.19782290140256
28155,2,2,123,123.0,123,0,0,0,100.0,4689.0,0.026231605886116442,0.026231605886116442,2.6231605886116443
28157,73,64,26746,69012.0,7437,4110,11243,3956,87.67123287671232,4946.0,5.4076021027092604,13.953093408815205,540.760210270926
28159,9,6,2745,4281.0,1088,889,768,0,66.66666666666667,8605.0,0.3190005810575247,0.49750145264381174,31.90005810575247
28161,1,1,1380,2600.0,396,374,610,0,100.0,6795.0,0.20309050772626933,0.3826342899190581,20.309050772626932
28163,7,5,3773,9093.0,681,807,2035,250,71.42857142857143,11068.0,0.3408926635345139,0.8215576436573907,34.08926635345139
33001,2,0,0,0.0,0,0,0,0,0.0,37695.0,0.0,0.0,0.0
33003,1,1,32,32.0,32,0,0,0,100.0,40300.0,0.000794044665012407,0.000794044665012407,0.0794044665012407
33013,1,0,0,0.0,0,0,0,0,0.0,62269.0,0.0,0.0,0.0
33015,4,3,4479,4479.0,3393,1086,0,0,75.0,133272.0,0.03360795966144427,0.03360795966144427,3.3607959661444267
33017,3,3,2131,2131.0,1946,185,0,0,100.0,55302.0,0.03853386857618169,0.03853386857618169,3.8533868576181693
34001,8,6,1806,3132.0,924,219,663,0,75.0,129415.0,0.01395510566781285,0.024201213151489393,1.395510566781285
34005,6,4,393,393.0,376,17,0,0,66.66666666666667,174337.0,0.002254254690627922,0.002254254690627922,0.22542546906279218
34007,4,2,254,254.0,218,36,0,0,50.0,201230.0,0.0012622372409680466,0.0012622372409680466,0.12622372409680466
34009,7,6,1931,2925.0,1069,365,497,0,85.71428571428571,90983.0,0.021223745095237573,0.03214886297440181,2.122374509523757
34011,6,6,1641,2385.0,816,453,372,0,100.0,55713.0,0.029454525873674007,0.04280868020031232,2.945452587367401
34015,4,4,1189,1189.0,780,409,0,0,100.0,112645.0,0.010555284300235253,0.010555284300235253,1.0555284300235253
34021,1,0,0,0.0,0,0,0,0,0.0,143990.0,0.0,0.0,0.0
34023,2,1,198,198.0,198,0,0,0,50.0,291387.0,0.0006795086946226153,0.0006795086946226153,0.06795086946226153
34025,4,3,2018,2100.0,599,1378,41,0,75.0,252872.0,0.007980322060172736,0.008304596792052896,0.7980322060172736
34029,6,5,2305,2305.0,2235,70,0,0,83.33333333333333,266338.0,0.008654416568420578,0.008654416568420578,0.8654416568420578
34033,4,4,284,316.0,181,87,16,0,100.0,29112.0,0.009755427315196482,0.0108546303929651,0.9755427315196482
34035,1,1,17,17.0,17,0,0,0,100.0,125948.0,0.00013497633944167434,0.00013497633944167434,0.013497633944167434
36021,2,2,352,352.0,267,85,0,0,100.0,37809.0,0.009309952656774843,0.009309952656774843,0.9309952656774843
36027,3,2,1274,1274.0,1132,142,0,0,66.66666666666667,127598.0,0.009984482515399929,0.009984482515399929,0.9984482515399928
36047,1,0,0,0.0,0,0,0,0,0.0,1022273.0,0.0,0.0,0.0
36059,2,2,11,11.0,5,6,0,0,100.0,497038.0,2.2131104664029714e-05,2.2131104664029714e-05,0.0022131104664029713
36079,2,1,98,98.0,98,0,0,0,50.0,40874.0,0.0023976121739981405,0.0023976121739981405,0.23976121739981404
36085,1,0,0,0.0,0,0,0,0,0.0,187926.0,0.0,0.0,0.0
36103,15,12,7486,18228.0,1995,1635,2846,1010,80.0,576829.0,0.01297784958800615,0.031600352964223366,1.297784958800615
36119,3,1,59,59.0,59,0,0,0,33.333333333333336,367803.0,0.00016041195966318925,0.00016041195966318925,0.016041195966318925
37001,6,3,9369,9369.0,8379,990,0,0,50.0,77462.0,0.12094962691384163,0.12094962691384163,12.094962691384163
37003,2,1,1487,1487.0,1487,0,0,0,50.0,18950.0,0.07846965699208443,0.07846965699208443,7.846965699208443
37007,14,9,6296,9338.0,2957,1818,1521,0,64.28571428571429,12191.0,0.5164465589369207,0.7659748995160364,51.64465589369207
37013,64,54,143011,373676.0,40373,26820,49475,26343,84.375,26486.0,5.399494072340104,14.108434644717963,539.9494072340104
37015,38,27,42153,115665.0,10035,8958,14096,9064,71.05263157894737,11967.0,3.5224367009275506,9.665329656555528,352.24367009275505
37017,61,47,54994,140612.0,12728,9699,25739,6828,77.04918032786885,20557.0,2.675195797052099,6.840103127888311,267.5195797052099
37019,75,66,906542,2684198.0,176916,149129,374943,205554,88.0,96409.0,9.40308477424307,27.84177825721665,940.308477424307
37023,1,0,0,0.0,0,0,0,0,0.0,40583.0,0.0,0.0,0.0
37025,3,0,0,0.0,0,0,0,0,0.0,103419.0,0.0,0.0,0.0
37029,46,36,17077,41498.0,4393,2629,8618,1437,78.26086956521739,4685.0,3.6450373532550695,8.857630736392743,364.50373532550697
37031,101,84,419031,1156477.0,84901,87510,165218,81402,83.16831683168317,53880.0,7.777115812917595,21.463938381588715,777.7115812917594
37033,5,2,952,952.0,943,9,0,0,40.0,13583.0,0.07008760951188986,0.07008760951188986,7.008760951188986
37035,2,1,3039,3039.0,3039,0,0,0,50.0,77834.0,0.03904463345067708,0.03904463345067708,3.904463345067708
37037,14,7,13861,19271.0,7321,3835,2705,0,50.0,32637.0,0.4247020253086987,0.5904648098783589,42.47020253086987
37041,39,31,33010,86357.0,7089,5741,15851,4329,79.48717948717949,8405.0,3.9274241522903033,10.274479476502082,392.7424152290303
37045,4,2,674,782.0,353,267,54,0,50.0,46452.0,0.014509601308877981,0.016834581934039437,1.4509601308877982
37047,73,63,176304,504105.0,36725,25813,80343,33423,86.3013698630137,24513.0,7.192265328601151,20.56480234977359,719.2265328601151
37049,77,61,218453,615275.0,66417,34127,64241,53668,79.22077922077922,52093.0,4.193519282821108,11.811087862092796,419.3519282821108
37051,37,26,107121,275599.0,15131,17645,67749,6596,70.27027027027027,154618.0,0.6928106688742578,1.782450943615879,69.28106688742578
37053,47,36,1705,2803.0,1133,170,304,98,76.59574468085107,17266.0,0.09874898644735318,0.16234217537356654,9.874898644735318
37055,81,69,99111,248135.0,26041,14437,48047,10586,85.18518518518519,36598.0,2.70809880321329,6.780015301382589,270.80988032132905
37057,1,0,0,0.0,0,0,0,0,0.0,85728.0,0.0,0.0,0.0
37059,1,0,0,0.0,0,0,0,0,0.0,20875.0,0.0,0.0,0.0
37061,50,40,176648,531622.0,33777,26869,75012,40990,80.0,23427.0,7.540359414350963,22.692704998506,754.0359414350963
37063,10,5,4228,7014.0,1299,1536,1393,0,50.0,152290.0,0.02776282093374483,0.046056865191411125,2.776282093374483
37065,24,18,3102,7163.0,794,492,1673,143,75.0,23054.0,0.13455365663225471,0.3107053005985946,13.455365663225471
37067,1,0,0,0.0,0,0,0,0,0.0,179100.0,0.0,0.0,0.0
37069,18,11,50519,86989.0,17430,14854,18235,0,61.111111111111114,31120.0,1.6233611825192802,2.795276349614396,162.336118251928
37071,5,1,160,160.0,160,0,0,0,20.0,104616.0,0.0015294027682190106,0.0015294027682190106,0.15294027682190106
37073,28,22,41748,101230.0,11214,10216,14036,6282,78.57142857142857,6274.0,6.654128147912018,16.134842205929232,665.4128147912018
37077,9,5,19198,25662.0,8862,7104,3232,0,55.55555555555556,27511.0,0.6978299589255207,0.9327905201555742,69.78299589255207
37079,32,24,27122,73405.0,5190,7762,8189,5981,75.0,10004.0,2.711115553778489,7.337564974010395,271.1115553778489
37081,3,2,26,26.0,26,0,0,0,66.66666666666667,238054.0,0.00010921891671637528,0.00010921891671637528,0.010921891671637528
37083,20,14,17187,46188.0,1720,3782,9808,1877,70.0,30774.0,0.5584909339052447,1.5008773640085786,55.84909339052447
37085,24,19,94904,198470.0,24044,19089,51763,8,79.16666666666667,55624.0,1.706169998561772,3.568064144973393,170.6169998561772
37091,33,23,12390,32949.0,3228,2232,4697,2233,69.6969696969697,11145.0,1.1117092866756393,2.956393001345895,111.17092866756393
37093,29,20,54411,122261.0,12428,13254,25265,3464,68.96551724137932,21144.0,2.573354143019296,5.782302307983352,257.33541430192963
37095,83,70,26087,71661.0,4861,4307,13007,3912,84.33734939759036,3627.0,7.192445547284257,19.757650951199338,719.2445547284257
37097,2,1,7409,7409.0,7409,0,0,0,50.0,90355.0,0.08199878257982403,0.08199878257982403,8.199878257982403
37101,24,18,106084,260238.0,21282,19248,57872,7682,75.0,85243.0,1.2444892835775372,3.052895838954518,124.44892835775372
37103,59,46,31318,83446.0,6123,5989,14634,4572,77.96610169491525,5152.0,6.078804347826087,16.196816770186334,607.8804347826087
37105,15,10,3249,5915.0,505,1411,1333,0,66.66666666666667,28018.0,0.1159611678206867,0.2111142836747805,11.59611678206867
37107,43,35,96166,232393.0,22305,22849,39611,11401,81.3953488372093,29877.0,3.2187301268534325,7.778324463634234,321.87301268534327
37109,3,1,64,64.0,64,0,0,0,33.333333333333336,44738.0,0.001430551209262819,0.001430551209262819,0.1430551209262819
37111,2,1,12,12.0,12,0,0,0,50.0,23332.0,0.0005143151037202125,0.0005143151037202125,0.051431510372021254
37117,36,26,6179,13661.0,2897,1008,1296,978,72.22222222222223,14981.0,0.41245577731793603,0.9118883919631533,41.2455777317936
37119,5,2,164,164.0,164,0,0,0,40.0,492249.0,0.00033316471948140067,0.00033316471948140067,0.03331647194814007
37123,8,6,5407,5447.0,4335,1052,20,0,75.0,16270.0,0.33232944068838355,0.3347879532882606,33.23294406883836
37125,19,13,308,390.0,140,127,41,0,68.42105263157895,50599.0,0.006087076819699994,0.00770766220676298,0.6087076819699994
37127,19,11,36874,69167.0,15953,4893,15949,79,57.89473684210526,46149.0,0.7990205638258684,1.4987757047823356,79.90205638258684
37129,60,48,367777,909502.0,61367,92273,176320,37817,80.0,121074.0,3.037621619835803,7.511951368584502,303.76216198358026
37131,24,17,24110,69180.0,5942,3229,9875,5064,70.83333333333333,12287.0,1.9622365101326604,5.6303410108244485,196.22365101326605
37133,69,54,296446,843996.0,61228,48947,127935,58336,78.26086956521739,85382.0,3.4719964395305802,9.88494061980277,347.199643953058
37135,8,4,455,455.0,177,278,0,0,50.0,58550.0,0.007771135781383433,0.007771135781383433,0.7771135781383433
37137,68,56,70959,197881.0,16889,14399,23811,15860,82.3529411764706,7740.0,9.167829457364341,25.566020671834625,916.7829457364342
37139,44,33,19100,46186.0,3248,4415,10033,1404,75.0,18753.0,1.0185037060736948,2.4628592758491976,101.85037060736948
37141,72,57,331349,999035.0,63302,45345,148608,74094,79.16666666666667,33806.0,9.801484943501153,29.55200260308821,980.1484943501154
37143,40,34,2188,4867.0,692,461,832,203,85.0,7004.0,0.3123929183323815,0.6948886350656768,31.23929183323815
37145,5,4,7744,8358.0,5296,2141,307,0,80.0,19060.0,0.406295907660021,0.4385099685204617,40.629590766002096
37147,43,35,139558,349040.0,29334,36257,53451,20516,81.3953488372093,87827.0,1.5890102132601591,3.974176506085828,158.90102132601592
37149,3,1,1,1.0,1,0,0,0,33.333333333333336,11832.0,8.451656524678837e-05,8.451656524678837e-05,0.008451656524678837
37151,6,3,8532,8532.0,6997,1535,0,0,50.0,73217.0,0.1165303139981152,0.1165303139981152,11.65303139981152
37153,23,11,13229,27419.0,3896,3543,4920,870,47.82608695652174,22224.0,0.5952573794096472,1.2337562994960403,59.52573794096472
37155,43,30,229215,553301.0,49384,46297,114528,19006,69.76744186046511,49224.0,4.6565699658703075,11.24047212741752,465.65699658703073
37157,2,0,0,0.0,0,0,0,0,0.0,53743.0,0.0,0.0,0.0
37159,2,0,0,0.0,0,0,0,0,0.0,66056.0,0.0,0.0,0.0
37161,4,2,139,183.0,40,77,22,0,50.0,32559.0,0.004269172886145152,0.0056205657421910995,0.42691728861451517
37163,45,37,127294,344463.0,21682,21821,67262,16529,82.22222222222223,30926.0,4.116083554290888,11.138297872340425,411.60835542908876
37165,27,22,56527,119242.0,13986,13615,27305,1621,81.48148148148148,17287.0,3.2699138080638632,6.89778446231272,326.9913808063863
37167,3,1,225,225.0,225,0,0,0,33.333333333333336,31449.0,0.007154440522751121,0.007154440522751121,0.7154440522751121
37169,1,0,0,0.0,0,0,0,0,0.0,23446.0,0.0,0.0,0.0
37171,1,0,0,0.0,0,0,0,0,0.0,35111.0,0.0,0.0,0.0
37177,63,49,19796,49345.0,4364,3434,10147,1851,77.77777777777777,2917.0,6.786424408639013,16.916352416866644,678.6424408639012
37179,4,2,3,3.0,3,0,0,0,50.0,92058.0,3.2588150948315195e-05,3.2588150948315195e-05,0.0032588150948315193
37181,7,6,17693,29543.0,6446,5322,5925,0,85.71428571428571,22377.0,0.7906779282298789,1.3202395316619744,79.0677928229879
37183,20,13,47687,94735.0,8867,15296,23524,0,65.0,479045.0,0.09954597167280736,0.19775803943262116,9.954597167280737
37185,13,6,13758,30574.0,1720,3630,8408,0,46.15384615384615,12360.0,1.1131067961165049,2.4736245954692557,111.31067961165049
37187,52,38,9372,23574.0,1811,2176,4241,1144,73.07692307692308,7014.0,1.3361847733105219,3.3609923011120615,133.6184773310522
37191,32,27,204835,480035.0,57455,44847,79155,23378,84.375,70918.0,2.8883358244733355,6.768873910713782,288.8335824473335
37193,1,1,15,15.0,15,0,0,0,100.0,41248.0,0.00036365399534522884,0.00036365399534522884,0.036365399534522884
37195,25,15,33903,80277.0,7642,9014,13287,3960,60.0,41323.0,0.8204389807129202,1.9426711516588824,82.04389807129202
37197,1,0,0,0.0,0,0,0,0,0.0,18359.0,0.0,0.0,0.0
42001,3,2,891,1127.0,321,452,118,0,66.66666666666667,45801.0,0.019453723717822755,0.024606449640837535,1.9453723717822755
42011,1,1,1727,1727.0,1727,0,0,0,100.0,183242.0,0.009424695211796423,0.009424695211796423,0.9424695211796422
42017,1,0,0,0.0,0,0,0,0,0.0,277004.0,0.0,0.0,0.0
42029,2,2,3102,5118.0,1769,325,1008,0,100.0,223121.0,0.0139027702457411,0.022938226343553497,1.3902770245741098
42045,1,1,101,101.0,88,13,0,0,100.0,229696.0,0.00043971161883533017,0.00043971161883533017,0.04397116188353302
42071,2,2,4177,6123.0,1703,1501,973,0,100.0,237168.0,0.017611988126560077,0.02581714227889091,1.7611988126560076
42075,1,0,0,0.0,0,0,0,0,0.0,65976.0,0.0,0.0,0.0
42077,1,0,0,0.0,0,0,0,0,0.0,159464.0,0.0,0.0,0.0
42091,1,1,1194,1194.0,1194,0,0,0,100.0,360008.0,0.0033165929646007866,0.0033165929646007866,0.33165929646007863
42107,1,0,0,0.0,0,0,0,0,0.0,75825.0,0.0,0.0,0.0
42133,3,3,6111,11741.0,2375,1005,2675,56,100.0,189817.0,0.03219416595984553,0.06185431231133144,3.219416595984553
44003,8,8,2054,3415.0,877,543,603,31,100.0,78028.0,0.02632388373404419,0.04376634028810171,2.632388373404419
44005,8,7,4136,8974.0,1492,225,2419,0,87.5,44871.0,0.09217534710614873,0.19999554277818635,9.217534710614874
44007,8,7,793,1559.0,266,144,383,0,87.5,281917.0,0.002812884643352476,0.005529996417385259,0.2812884643352476
44009,10,9,1820,4270.0,351,598,635,236,90.0,64425.0,0.028249902987970508,0.06627861854870004,2.8249902987970508
45001,5,3,6250,13072.0,293,2546,3411,0,60.0,12041.0,0.5190598787476123,1.0856241175982062,51.90598787476123
45003,28,19,38499,79454.0,12467,9015,14710,2307,67.85714285714286,92952.0,0.41418151303898787,0.8547852655133833,41.41815130389879
45005,53,37,14484,36566.0,2847,2486,7891,1260,69.81132075471699,5673.0,2.553146483342147,6.445619601621717,255.31464833421472
45007,4,3,22858,44396.0,5755,6334,10769,0,75.0,94720.0,0.24132179054054054,0.4687077702702703,24.132179054054053
45009,45,36,22634,46491.0,5245,7613,8341,1435,80.0,5627.0,4.022392038386352,8.262129020792607,402.2392038386352
45011,39,31,29560,76600.0,6452,4235,15775,3098,79.48717948717949,9518.0,3.1056944736289136,8.047909224627022,310.56944736289137
45013,88,71,330260,1121725.0,67726,42168,103455,116911,80.68181818181819,100957.0,3.2712937191081353,11.110918509860634,327.1293719108135
45015,75,60,485161,1315615.0,85747,95733,229317,74364,80.0,98583.0,4.921345465242486,13.345252224014283,492.1345465242486
45017,42,31,21836,39733.0,8386,6447,5706,1297,73.80952380952381,6647.0,3.2850910185045885,5.97758387242365,328.5091018504589
45019,89,70,495993,1195003.0,107046,104674,240785,43488,78.65168539325843,213005.0,2.328550972981855,5.610211027910143,232.8550972981855
45021,4,3,7047,11475.0,1091,3742,2214,0,75.0,32209.0,0.2187897792542457,0.35626688192741157,21.87897792542457
45023,7,3,888,1036.0,305,509,74,0,42.857142857142854,14637.0,0.06066816970690715,0.07077953132472502,6.066816970690716
45025,30,18,7417,13322.0,2211,2276,2915,15,60.0,35747.0,0.2074859428763253,0.3726746300388844,20.748594287632528
45027,56,43,95897,210327.0,25804,25028,36965,8100,76.78571428571429,18172.0,5.2771846797270525,11.57423508694695,527.7184679727053
45029,81,62,161101,408225.0,37074,24585,83362,16080,76.54320987654322,24155.0,6.669468019043676,16.900227696129164,666.9468019043676
45031,40,32,101249,236124.0,23963,20116,50325,6845,80.0,31664.0,3.1976061141990906,7.457175341081355,319.7606114199091
45033,45,33,36405,99337.0,5796,7696,17211,5702,73.33333333333333,15564.0,2.3390516576715497,6.38248522230789,233.90516576715495
45035,69,59,240952,553335.0,47910,74550,93359,25133,85.5072463768116,67069.0,3.592598667044387,8.250234832784148,359.2598667044387
45037,9,6,4046,5456.0,2602,739,705,0,66.66666666666667,10081.0,0.40134907251264756,0.5412161491915485,40.13490725126476
45039,11,8,9268,16940.0,2937,2645,3586,100,72.72727272727273,11911.0,0.7781042733607589,1.4222147594660397,77.81042733607589
45041,56,44,21431,48969.0,5287,6428,7014,2702,78.57142857142857,61843.0,0.346538816034151,0.7918276927057225,34.6538816034151
45043,81,73,199675,523451.0,51801,46067,61753,40054,90.12345679012346,38054.0,5.24714878856362,13.755479056078205,524.714878856362
45045,5,3,19899,42711.0,6489,2004,11406,0,60.0,224364.0,0.08869069904262716,0.190364764400706,8.869069904262716
45047,8,5,5990,8436.0,2377,2390,1223,0,62.5,36586.0,0.1637238287869677,0.23058000327994316,16.37238287869677
45049,65,48,83909,227734.0,13426,19146,37620,13717,73.84615384615384,13010.0,6.449577248270561,17.504534973097616,644.9577248270562
45051,80,66,895570,2409387.0,239647,139862,355496,160565,82.5,210646.0,4.25154049922619,11.438085698280528,425.154049922619
45053,79,66,117661,352798.0,21917,17450,52111,26183,83.54430379746836,13501.0,8.714984075253685,26.131249537071326,871.4984075253685
45055,26,20,34398,61609.0,11802,9073,13468,55,76.92307692307692,34061.0,1.0098940136813364,1.8087842400399283,100.98940136813364
45057,14,6,11957,16951.0,3759,5701,2497,0,42.857142857142854,43579.0,0.27437527249363225,0.3889717524495743,27.437527249363225
45059,6,6,9237,12721.0,5274,2221,1742,0,100.0,30708.0,0.3008010941774131,0.4142568711736355,30.08010941774131
45061,37,26,38973,87314.0,8383,10570,17253,2767,70.27027027027027,7310.0,5.331463748290013,11.944459644322846,533.1463748290014
45063,25,16,46497,85756.0,19778,11156,12852,2711,64.0,132741.0,0.35028363504870386,0.646040032845918,35.028363504870384
45065,7,4,541,545.0,392,147,2,0,57.142857142857146,3802.0,0.14229352972119938,0.14334560757496054,14.229352972119939
45067,55,42,7820,23529.0,1224,1362,3487,1747,76.36363636363636,15876.0,0.4925673973293021,1.4820483749055178,49.256739732930214
45069,35,24,7324,15310.0,1521,2017,3648,138,68.57142857142857,10946.0,0.6691028686278092,1.398684450940983,66.91028686278092
45071,6,4,4752,6042.0,2863,1244,645,0,66.66666666666667,23978.0,0.19818166652765035,0.2519809825673534,19.818166652765036
45073,1,0,0,0.0,0,0,0,0,0.0,47720.0,0.0,0.0,0.0
45075,63,53,184993,407209.0,54401,40352,76328,13912,84.12698412698413,47319.0,3.909486675542594,8.605612967307001,390.94866755425943
45077,3,3,11701,17521.0,6237,2554,2910,0,100.0,64378.0,0.1817546366771257,0.2721581906862593,18.17546366771257
45079,28,20,32520,59401.0,14082,8959,6838,2641,71.42857142857143,190520.0,0.17069074112954022,0.3117835397858493,17.069074112954024
45081,11,7,7148,10242.0,2428,3173,1547,0,63.63636363636363,11407.0,0.6266327693521522,0.8978697291137021,62.663276935215215
45083,4,3,8842,10380.0,4096,3977,769,0,75.0,151387.0,0.05840660030253589,0.06856599311697834,5.840660030253589
45085,50,34,56692,117381.0,13609,15959,24977,2147,68.0,58926.0,0.962088042629739,1.9920069239384992,96.2088042629739
45087,5,4,3488,3488.0,2691,797,0,0,80.0,19383.0,0.17995150389516587,0.17995150389516587,17.99515038951659
45089,72,60,160843,426504.0,44588,27613,59183,29459,83.33333333333333,18643.0,8.627527758407982,22.877433889395483,862.7527758407982
45091,6,4,381,381.0,342,39,0,0,66.66666666666667,111725.0,0.003410158872230924,0.003410158872230924,0.3410158872230924
48001,6,2,4,4.0,4,0,0,0,33.333333333333336,23520.0,0.00017006802721088434,0.00017006802721088434,0.017006802721088433
48005,41,32,86870,211115.0,17461,20176,40640,8593,78.04878048780488,39813.0,2.1819506191445006,5.302664958681838,218.19506191445006
48007,138,119,480622,1376640.0,105158,84829,185719,104916,86.23188405797102,18120.0,26.52439293598234,75.97350993377484,2652.439293598234
48013,22,16,28486,45871.0,13096,6912,8335,143,72.72727272727273,26164.0,1.0887478978749427,1.7532105182693778,108.87478978749428
48015,57,46,58256,143664.0,16822,11318,21724,8392,80.70175438596492,17125.0,3.401810218978102,8.389138686131387,340.1810218978102
48021,10,8,49489,94649.0,12167,14742,22580,0,80.0,44879.0,1.1027206488558123,2.1089819291873706,110.27206488558123
48025,95,77,34579,83183.0,9630,6059,15282,3608,81.05263157894737,11058.0,3.1270573340567913,7.522427202025683,312.70573340567915
48027,3,3,4831,6585.0,1615,2339,877,0,100.0,165371.0,0.029213102660079458,0.03981955723796796,2.921310266007946
48029,9,7,16984,32658.0,4568,4609,7787,20,77.77777777777777,805956.0,0.021073110690906203,0.04052082247666126,2.1073110690906205
48031,1,1,333,501.0,153,96,84,0,100.0,6112.0,0.05448298429319372,0.08196989528795812,5.4482984293193715
48035,1,1,28,28.0,28,0,0,0,100.0,9487.0,0.0029514071887846525,0.0029514071887846525,0.29514071887846527
48039,167,139,1477792,4258444.0,275150,236735,682961,282946,83.23353293413173,151618.0,9.746811064649316,28.086665171681464,974.6811064649316
48041,15,10,17639,30073.0,7361,4097,6157,24,66.66666666666667,99047.0,0.1780871707371248,0.30362353226246125,17.80871707371248
48047,75,69,14305,37174.0,4153,1806,6287,2059,92.0,3144.0,4.549936386768448,11.823791348600508,454.9936386768448
48051,8,5,6528,11280.0,3405,747,2376,0,62.5,10910.0,0.5983501374885426,1.0339138405132906,59.83501374885426
48053,1,1,1567,2575.0,555,508,504,0,100.0,27970.0,0.05602431176260279,0.09206292456203075,5.6024311762602785
48055,12,9,17303,34011.0,7432,5225,2174,2472,75.0,20869.0,0.8291245387895922,1.6297378887344867,82.91245387895923
48057,147,135,128402,369539.0,25001,22446,54546,26409,91.83673469387755,13658.0,9.401230048323328,27.056596866305462,940.1230048323328
48061,115,103,744842,2149565.0,173687,107445,304609,159101,89.56521739130434,169792.0,4.386790897097625,12.659989869958537,438.6790897097625
48067,2,1,128,128.0,128,0,0,0,50.0,14555.0,0.008794228787358296,0.008794228787358296,0.8794228787358296
48071,138,120,218998,636445.0,56097,32899,77521,52481,86.95652173913044,19018.0,11.51530129351141,33.465401198864235,1151.5301293511409
48073,10,7,1843,2119.0,1123,582,138,0,70.0,24294.0,0.0758623528443237,0.08722318267885075,7.58623528443237
48089,78,62,26004,54454.0,8404,6510,9000,2090,79.48717948717949,15721.0,1.6540932510654538,3.4637745690477706,165.40932510654537
48091,4,2,6428,11584.0,1602,2248,2578,0,50.0,74110.0,0.08673593307245986,0.15630819052759412,8.673593307245985
48099,2,1,882,882.0,257,625,0,0,50.0,28024.0,0.031473023123037396,0.031473023123037396,3.1473023123037396
48123,70,57,42972,85956.0,16739,6586,18417,1230,81.42857142857143,15209.0,2.825432309816556,5.651653626142416,282.5432309816556
48131,60,50,12449,32153.0,2106,2900,5837,1606,83.33333333333333,5392.0,2.3087908011869436,5.963093471810089,230.87908011869436
48139,2,0,0,0.0,0,0,0,0,0.0,75529.0,0.0,0.0,0.0
48145,3,3,832,832.0,785,47,0,0,100.0,7688.0,0.10822060353798127,0.10822060353798127,10.822060353798127
48149,33,23,21245,46865.0,5698,4438,9975,1134,69.6969696969697,20225.0,1.0504326328800988,2.3171817058096416,105.04326328800988
48157,128,109,987587,2411724.0,206238,206877,482741,91731,85.15625,300480.0,3.2866979499467517,8.026238019169329,328.66979499467516
48161,2,1,4,4.0,4,0,0,0,50.0,10764.0,0.0003716090672612412,0.0003716090672612412,0.03716090672612412
48163,2,1,8,8.0,6,2,0,0,50.0,7240.0,0.0011049723756906078,0.0011049723756906078,0.11049723756906078
48167,158,141,1312299,3659285.0,244024,179476,699003,189796,89.24050632911393,158145.0,8.298074551835342,23.138796673938476,829.8074551835341
48175,107,90,25878,64054.0,6704,4880,11098,3196,84.11214953271028,5050.0,5.1243564356435645,12.683960396039604,512.4356435643565
48177,34,28,19813,37818.0,6030,5829,7255,699,82.3529411764706,11593.0,1.7090485637884931,3.262140947123264,170.9048563788493
48183,1,1,477,477.0,311,166,0,0,100.0,59796.0,0.007977122215532812,0.007977122215532812,0.7977122215532811
48185,30,25,27186,67905.0,6079,6335,11047,3725,83.33333333333333,12700.0,2.1406299212598423,5.346850393700787,214.06299212598424
48187,11,8,21988,43846.0,8400,5992,5374,2222,72.72727272727273,73791.0,0.2979767180279438,0.5941917035952894,29.79767180279438
48193,1,0,0,0.0,0,0,0,0,0.0,5323.0,0.0,0.0,0.0
48199,114,106,434239,1366549.0,86861,64931,159975,122472,92.98245614035088,25782.0,16.842719726941276,53.003995035295944,1684.2719726941275
48201,131,115,7689815,17084359.0,2097815,2110166,2671542,810292,87.78625954198473,1944859.0,3.953919024463984,8.784368943969717,395.39190244639843
48203,4,2,558,626.0,251,273,34,0,50.0,32701.0,0.017063698357848385,0.019143145469557504,1.7063698357848385
48209,5,2,11483,37126.0,4143,697,2524,4119,40.0,95878.0,0.11976678695842634,0.38722126035169696,11.976678695842633
48213,1,0,0,0.0,0,0,0,0,0.0,48774.0,0.0,0.0,0.0
48215,87,79,1770563,5203790.0,324720,265448,822916,357479,90.80459770114942,326231.0,5.4273291011583815,15.951243137531382,542.7329101158382
48217,1,1,508,508.0,508,0,0,0,100.0,19292.0,0.026332158407630105,0.026332158407630105,2.6332158407630106
48225,19,12,2491,4147.0,882,781,828,0,63.1578947368421,11178.0,0.22284845231705136,0.3709966004651995,22.284845231705138
48239,122,112,62927,163145.0,14488,12550,26409,9480,91.80327868852459,8588.0,7.32731718677224,18.99685607824872,732.731718677224
48241,109,98,142266,429250.0,23579,23564,62877,32246,89.90825688073394,15961.0,8.913351293778586,26.89367834095608,891.3351293778586
48245,141,124,794133,2039627.0,212759,144066,313682,123626,87.94326241134752,109715.0,7.238144282914825,18.59022923027845,723.8144282914825
48247,39,35,3928,6839.0,1743,1187,693,305,89.74358974358974,2561.0,1.5337758688012495,2.6704412338930106,153.37758688012494
48249,100,78,40356,111894.0,10359,5673,16694,7630,78.0,19142.0,2.108243652700867,5.845470692717584,210.8243652700867
48251,1,0,0,0.0,0,0,0,0,0.0,80850.0,0.0,0.0,0.0
48255,42,31,13296,30184.0,4131,3349,4064,1752,73.80952380952381,8125.0,1.6364307692307691,3.714953846153846,163.6430769230769
48259,1,1,10,10.0,6,4,0,0,100.0,23745.0,0.0004211412929037692,0.0004211412929037692,0.04211412929037692
48261,101,88,1837,5075.0,264,374,919,280,87.12871287128714,266.0,6.906015037593985,19.07894736842105,690.6015037593985
48273,103,86,68623,176915.0,16083,7823,38431,6286,83.49514563106796,14142.0,4.852425399519163,12.509899589874134,485.2425399519163
48281,1,0,0,0.0,0,0,0,0,0.0,9755.0,0.0,0.0,0.0
48283,7,7,44,70.0,15,16,13,0,100.0,3735.0,0.01178045515394913,0.018741633199464525,1.178045515394913
48285,80,65,36395,68373.0,9930,11823,13744,898,81.25,12734.0,2.8580964347416367,5.369326213287263,285.8096434741637
48287,9,6,3186,6640.0,591,868,1727,0,66.66666666666667,9365.0,0.3402028830752803,0.7090229578216765,34.02028830752803
48289,6,3,3286,4924.0,2011,456,819,0,50.0,9375.0,0.3505066666666667,0.5252266666666666,35.05066666666667
48291,124,102,613333,1909758.0,96049,98639,265600,153045,82.25806451612904,38093.0,16.10093718005933,50.13409287795658,1610.093718005933
48293,4,1,141,141.0,141,0,0,0,25.0,11387.0,0.012382541494686924,0.012382541494686924,1.2382541494686923
48297,64,52,35277,108638.0,6964,5416,13708,9189,81.25,6236.0,5.65699166132136,17.421103271327773,565.699166132136
48309,2,2,4223,4513.0,2842,1236,145,0,100.0,120526.0,0.03503808306921328,0.03744420291057531,3.5038083069213277
48311,32,27,2088,4256.0,519,545,984,40,84.375,919.0,2.2720348204570184,4.6311207834602826,227.20348204570183
48313,13,9,3485,5811.0,1595,727,1163,0,69.23076923076923,6458.0,0.5396407556519046,0.8998141839578817,53.96407556519046
48315,2,1,114,114.0,114,0,0,0,50.0,4829.0,0.023607372126734312,0.023607372126734312,2.360737212673431
48321,164,141,171936,526740.0,30548,25612,74692,41084,85.97560975609755,20827.0,8.255437653046526,25.291208527392328,825.5437653046525
48325,1,0,0,0.0,0,0,0,0,0.0,24127.0,0.0,0.0,0.0
48331,4,4,3290,3708.0,1520,1561,209,0,100.0,13515.0,0.243433222345542,0.274361820199778,24.3433222345542
48339,83,69,1359396,3579462.0,359262,236211,533183,230740,83.13253012048193,249557.0,5.447236503083464,14.343264264276298,544.7236503083464
48347,21,17,24771,45208.0,10476,4855,8921,519,80.95238095238095,29076.0,0.8519397441188609,1.5548218461961756,85.19397441188609
48349,2,1,4,4.0,4,0,0,0,50.0,28298.0,0.00014135274577708673,0.00014135274577708673,0.014135274577708672
48351,120,103,106585,343965.0,18658,16208,40405,31314,85.83333333333333,7131.0,14.946711541158322,48.235170382835506,1494.6711541158322
48355,123,105,739574,1653020.0,170062,183427,338993,47092,85.36585365853658,160781.0,4.599884314688925,10.281189941597576,459.9884314688925
48361,117,105,691987,2204196.0,161928,90648,228282,211129,89.74358974358974,44722.0,15.473078127096283,49.286615088770624,1547.3078127096283
48365,9,7,3484,5930.0,1554,707,1223,0,77.77777777777777,10834.0,0.32158021044858776,0.547350932250323,32.15802104485878
48373,67,58,161373,422094.0,30440,36076,71188,23669,86.56716417910448,25753.0,6.266182580670213,16.39009047489613,626.6182580670213
48391,135,120,30960,83716.0,9842,4601,9943,6574,88.88888888888889,3613.0,8.569056185995018,23.170772211458623,856.9056185995018
48395,5,3,3981,4365.0,2479,1310,192,0,60.0,9675.0,0.41147286821705426,0.4511627906976744,41.14728682170543
48401,5,5,1964,2860.0,811,705,448,0,100.0,21329.0,0.09208120399456139,0.13408973697782361,9.208120399456138
48403,48,42,64304,143530.0,16626,15922,26518,5238,87.5,8175.0,7.8659327217125385,17.557186544342507,786.5932721712538
48405,35,30,11455,28672.0,2913,2182,4861,1499,85.71428571428571,4276.0,2.6789055191768005,6.70533208606174,267.89055191768006
48407,66,51,81807,222153.0,13349,19525,34773,14160,77.27272727272727,16399.0,4.988535886334533,13.546740654917983,498.8535886334533
48409,118,101,226955,595142.0,53253,37715,103916,32071,85.59322033898304,30702.0,7.3921894339131,19.384470067096608,739.2189433913101
48419,18,14,9834,15497.0,4372,2782,2579,101,77.77777777777777,14352.0,0.685200668896321,1.0797798216276477,68.5200668896321
48423,1,0,0,0.0,0,0,0,0,0.0,103850.0,0.0,0.0,0.0
48427,50,43,21931,51147.0,2645,9760,6138,3388,86.0,20556.0,1.0668904456119868,2.4881786339754814,106.68904456119867
48453,5,4,26014,44298.0,11554,5357,9077,26,80.0,538039.0,0.04834965495066343,0.08233232163467705,4.834965495066343
48455,32,26,35648,73692.0,10132,8567,15567,1382,81.25,9134.0,3.9027808189183273,8.067878257061528,390.27808189183276
48457,92,81,112271,352168.0,21353,16514,44041,30363,88.04347826086956,11542.0,9.727170334430774,30.511869693294056,972.7170334430774
48469,130,113,161277,442539.0,29006,30841,75296,26134,86.92307692307692,43846.0,3.678260274597455,10.093030150982987,367.8260274597455
48471,41,26,54729,138797.0,15998,10719,18664,9348,63.41463414634146,31784.0,1.721904102693179,4.366882708280896,172.1904102693179
48473,62,45,56598,147665.0,14579,11019,21311,9689,72.58064516129032,26703.0,2.1195371306594764,5.529903007152754,211.95371306594762
48477,23,18,3215,7802.0,831,887,966,531,78.26086956521739,16192.0,0.19855484189723321,0.4818428853754941,19.85548418972332
48479,15,10,1771,2294.0,1321,244,169,37,66.66666666666667,99988.0,0.017712125455054607,0.022942753130375644,1.7712125455054608
48481,130,108,116220,300175.0,22521,21970,58230,13499,83.07692307692308,21154.0,5.493996407298856,14.189987709180297,549.3996407298856
48489,113,99,55333,166471.0,13000,11094,15019,16220,87.61061946902655,7481.0,7.3964710600187145,22.25250634941853,739.6471060018714
48491,3,3,11512,23360.0,3706,1882,5924,0,100.0,217070.0,0.053033583636614916,0.10761505505136591,5.303358363661491
48493,23,16,26156,65722.0,9284,3542,9028,4302,69.56521739130434,23173.0,1.1287273982652224,2.8361455141759806,112.87273982652223
48505,16,12,3925,7832.0,177,1850,1861,37,75.0,7773.0,0.5049530425833012,1.007590376945838,50.49530425833012
51001,16,15,3772,10124.0,1151,573,1296,752,93.75,23336.0,0.161638669866301,0.4338361330133699,16.163866986630097
51003,4,4,1306,1320.0,432,867,7,0,100.0,49127.0,0.02658415942353492,0.026869135098825492,2.658415942353492
51007,5,5,64,154.0,14,5,45,0,100.0,5343.0,0.011978289350552125,0.028822758749766048,1.1978289350552125
51025,9,9,422,960.0,101,55,264,2,100.0,7769.0,0.05431844510232977,0.12356802677307246,5.431844510232977
51029,4,3,23,23.0,19,4,0,0,75.0,6304.0,0.003648477157360406,0.003648477157360406,0.36484771573604063
51031,1,0,0,0.0,0,0,0,0,0.0,23235.0,0.0,0.0,0.0
51033,11,11,7129,19666.0,1595,482,4241,811,100.0,14395.0,0.4952414032650226,1.3661688086141022,49.524140326502256
51036,11,9,9,29.0,2,0,5,2,81.81818181818181,3552.0,0.002533783783783784,0.008164414414414414,0.2533783783783784
51037,4,3,19,19.0,19,0,0,0,75.0,5353.0,0.0035494115449280776,0.0035494115449280776,0.3549411544928078
51041,8,8,2868,7265.0,525,932,886,525,100.0,149599.0,0.019171251144726904,0.04856315884464468,1.9171251144726904
51043,2,2,305,575.0,57,113,135,0,100.0,6583.0,0.04633145982075042,0.08734619474403767,4.633145982075042
51047,5,5,1271,1995.0,656,253,362,0,100.0,20068.0,0.06333466214869445,0.09941199920271078,6.3334662148694445
51049,5,4,2560,2990.0,1654,691,215,0,80.0,5003.0,0.5116929842094743,0.5976414151509094,51.16929842094743
51053,8,7,63,161.0,18,11,24,10,87.5,12372.0,0.005092143549951503,0.013013255738764953,0.5092143549951503
51057,14,10,7489,20700.0,1101,1380,3943,1065,71.42857142857143,6546.0,1.1440574396578063,3.1622364802933087,114.40574396578063
51061,6,5,3180,6952.0,1078,216,1886,0,83.33333333333333,34611.0,0.09187830458524747,0.20086099794862905,9.187830458524747
51065,5,5,2722,3490.0,1271,1067,384,0,100.0,11725.0,0.23215351812366739,0.2976545842217484,23.215351812366738
51069,2,1,1328,1408.0,1214,74,40,0,50.0,38249.0,0.03471986195717535,0.036811419906402784,3.471986195717535
51073,20,18,17473,48805.0,5849,1568,6316,3740,90.0,18776.0,0.9306028973157222,2.5993289305496377,93.06028973157223
51075,7,7,489,975.0,111,138,238,2,100.0,11394.0,0.042917324907846235,0.08557135334386519,4.291732490784623
51079,4,2,482,482.0,430,52,0,0,50.0,8933.0,0.05395723721034367,0.05395723721034367,5.395723721034367
51081,12,11,8213,23312.0,2335,901,3262,1715,91.66666666666667,4554.0,1.8034694773825208,5.119016249451032,180.34694773825208
51083,4,3,80,80.0,80,0,0,0,75.0,17190.0,0.004653868528214078,0.004653868528214078,0.4653868528214078
51085,7,7,256,577.0,82,51,98,25,100.0,48266.0,0.005303940662163842,0.011954585008080222,0.5303940662163842
51087,12,10,1549,3720.0,357,369,648,175,83.33333333333333,128677.0,0.0120378933298103,0.028909595343379158,1.20378933298103
51089,1,0,0,0.0,0,0,0,0,0.0,26914.0,0.0,0.0,0.0
51093,21,21,2576,6801.0,865,443,705,563,100.0,20144.0,0.1278792692613185,0.33761914217633043,12.787926926131851
51095,17,15,368,1062.0,106,38,142,82,88.23529411764706,35474.0,0.010373794892033602,0.029937418954727405,1.03737948920336
51097,15,13,2657,7266.0,688,254,1322,393,86.66666666666667,5743.0,0.46265018283127285,1.265192408149051,46.26501828312728
51099,9,9,82,193.0,11,32,28,11,100.0,10498.0,0.007811011621261192,0.018384454181748906,0.7811011621261192
51101,13,11,3593,9528.0,603,627,1960,403,84.61538461538461,7694.0,0.4669872628021835,1.2383675591369898,46.69872628021835
51103,14,13,6426,14792.0,2482,1213,1763,968,92.85714285714286,8040.0,0.7992537313432836,1.8398009950248757,79.92537313432835
51107,5,3,204,386.0,39,74,91,0,60.0,116324.0,0.0017537223616794471,0.003318317802001307,0.1753722361679447
51109,6,5,9569,22961.0,1100,1854,6561,54,83.33333333333333,19470.0,0.49147406266050336,1.179301489470981,49.14740626605034
51111,5,5,20,44.0,6,2,12,0,100.0,6717.0,0.0029775197260681853,0.006550543397350008,0.2977519726068185
51115,12,10,10,28.0,3,1,4,2,83.33333333333333,5968.0,0.001675603217158177,0.004691689008042895,0.1675603217158177
51117,6,6,521,665.0,323,126,72,0,100.0,19257.0,0.027055096847899467,0.034532897128316975,2.7055096847899467
51119,19,14,8932,23122.0,3330,652,3520,1430,73.6842105263158,8331.0,1.0721401992557915,2.7754171167927018,107.21401992557915
51127,11,9,18,58.0,4,0,10,4,81.81818181818181,9390.0,0.0019169329073482429,0.00617678381256656,0.19169329073482427
51131,24,21,11348,23495.0,4271,2289,3931,857,87.5,8005.0,1.4176139912554653,2.9350405996252342,141.76139912554652
51133,14,12,117,263.0,26,36,43,12,85.71428571428571,8838.0,0.013238289205702648,0.02975786377008373,1.3238289205702647
51135,4,4,82,164.0,26,18,36,2,100.0,5949.0,0.013783829214994117,0.027567658429988234,1.3783829214994117
51137,5,5,459,1029.0,73,107,275,4,100.0,16749.0,0.027404621171413217,0.06143650367186101,2.740462117141322
51139,3,3,1689,1695.0,1368,318,3,0,100.0,11999.0,0.14076173014417867,0.14126177181431787,14.076173014417867
51141,1,0,0,0.0,0,0,0,0,0.0,8225.0,0.0,0.0,0.0
51143,2,1,101,101.0,101,0,0,0,50.0,39812.0,0.002536923540641013,0.002536923540641013,0.2536923540641013
51145,7,6,1890,4089.0,302,511,1062,15,85.71428571428571,12166.0,0.15535097813578827,0.336100608252507,15.535097813578828
51147,3,3,11,11.0,8,3,0,0,100.0,7566.0,0.0014538725878932065,0.0014538725878932065,0.14538725878932066
51149,14,9,871,2709.0,115,191,329,236,64.28571428571429,13748.0,0.06335466977014839,0.1970468431771894,6.335466977014839
51153,8,6,2301,5969.0,158,309,1834,0,75.0,144999.0,0.015869074959137648,0.04116580114345616,1.5869074959137648
51157,5,3,212,386.0,78,47,87,0,60.0,3876.0,0.054695562435500514,0.09958720330237358,5.469556243550051
51165,2,0,0,0.0,0,0,0,0,0.0,42667.0,0.0,0.0,0.0
51171,3,2,16,16.0,15,1,0,0,66.66666666666667,21631.0,0.0007396791641625445,0.0007396791641625445,0.07396791641625444
51175,24,22,17315,47390.0,4650,4253,3995,4417,91.66666666666667,8916.0,1.9420143562135488,5.31516375056079,194.20143562135488
51177,11,7,7199,24341.0,997,52,4536,1614,63.63636363636363,48803.0,0.14751142347806487,0.49876032211134563,14.751142347806487
51179,10,8,6073,14003.0,2344,286,3095,348,80.0,55724.0,0.10898356184049961,0.2512920824061446,10.89835618404996
51181,20,15,388,1080.0,62,97,151,78,75.0,3482.0,0.11143021252153934,0.31016657093624356,11.143021252153934
51183,19,14,6305,18439.0,1070,977,3052,1206,73.6842105263158,5381.0,1.1717152945549154,3.426686489500093,117.17152945549154
51187,3,3,30,64.0,6,7,17,0,100.0,18002.0,0.0016664815020553273,0.0035551605377180315,0.16664815020553272
51193,13,12,14060,30713.0,4757,3018,4924,1361,92.3076923076923,14208.0,0.9895833333333334,2.161669481981982,98.95833333333334
51199,19,17,3676,9944.0,754,1102,944,876,89.47368421052632,28290.0,0.12993990809473313,0.35150229763167196,12.993990809473313
51550,26,22,11723,27166.0,3702,1234,6164,623,84.61538461538461,99051.0,0.11835317159846948,0.27426275353100926,11.835317159846948
51590,1,0,0,0.0,0,0,0,0,0.0,24974.0,0.0,0.0,0.0
51630,7,4,72,324.0,0,0,36,36,57.142857142857146,11794.0,0.006104799050364592,0.027471595726640666,0.6104799050364592
51650,20,18,2827,6925.0,770,872,609,576,90.0,62297.0,0.04537939226608023,0.11116105109395316,4.537939226608023
51670,9,7,105,420.0,0,15,45,45,77.77777777777777,11501.0,0.009129640900791236,0.036518563603164945,0.9129640900791236
51683,4,3,1335,3115.0,445,0,890,0,75.0,15474.0,0.08627374951531601,0.20130541553573736,8.627374951531602
51700,21,17,6506,18478.0,972,2146,1656,1732,80.95238095238095,86560.0,0.07516173752310536,0.21347042513863215,7.516173752310536
51710,21,21,2040,4210.0,904,204,830,102,100.0,103324.0,0.019743718787503386,0.04074561573303395,1.9743718787503386
51730,10,8,1171,3571.0,337,117,395,322,80.0,17687.0,0.06620681856730933,0.20189970034488608,6.620681856730933
51740,20,19,4256,9856.0,1344,448,2240,224,95.0,43945.0,0.09684833314370235,0.22428035043804756,9.684833314370236
51800,24,21,1621,1975.0,448,1047,92,34,87.5,36525.0,0.04438056125941136,0.054072553045859,4.438056125941136
51810,30,28,6318,15972.0,2528,853,1677,1260,93.33333333333333,28793.0,0.2194283332754489,0.5547181606640503,21.94283332754489
51840,1,1,36,36.0,1,35,0,0,100.0,12668.0,0.002841806125670982,0.002841806125670982,0.2841806125670982
