FIPS,exposed_units,county_name,state_fips
01001,23903.0,Autauga,01
01003,134455.0,Baldwin,01
01005,12916.0,Barbour,01
01007,8878.0,Bibb,01
01009,25128.0,Blount,01
01011,4564.0,Bullock,01
01013,9645.0,Butler,01
01015,56376.0,Calhoun,01
01017,17655.0,Chambers,01
01019,15179.0,Cherokee,01
01021,19625.0,Chilton,01
01023,13891.0,Choctaw,01
01025,11158.0,Clarke,01
01027,6806.0,Clay,01
01029,7090.0,Cleburne,01
01031,49054.0,Coffee,01
01033,28877.0,Colbert,01
01035,6564.0,Conecuh,01
01037,5892.0,Coosa,01
01039,20999.0,Covington,01
01041,7476.0,Crenshaw,01
01043,42465.0,Cullman,01
01045,23984.0,Dale,01
01047,20391.0,Dallas,01
01049,37270.0,DeKalb,01
01051,33928.0,Elmore,01
01053,19366.0,Escambia,01
01055,49918.0,Etowah,01
01057,9093.0,Fayette,01
01059,14866.0,Franklin,01
01061,14754.0,Geneva,01
01063,4230.0,Greene,01
01065,7471.0,Hale,01
01067,9862.0,Henry,01
01069,55379.0,Houston,01
01071,27046.0,Jackson,01
01073,324270.0,Jefferson,01
01075,7028.0,Lamar,01
01077,46677.0,Lauderdale,01
01079,15865.0,Lawrence,01
01081,72613.0,Lee,01
01083,43332.0,Limestone,01
01085,4546.0,Lowndes,01
01087,10134.0,Macon,01
01089,175636.0,Madison,01
01091,10367.0,Marengo,01
01093,14638.0,Marion,01
01095,46754.0,Marshall,01
01097,184817.0,Mobile,01
01099,10900.0,Monroe,01
01101,110129.0,Montgomery,01
01103,55945.0,Morgan,01
01105,4673.0,Perry,01
01107,8144.0,Pickens,01
01109,18021.0,Pike,01
01111,13571.0,Randolph,01
01113,26160.0,Russell,01
01115,39104.0,St. Clair,01
01117,90930.0,Shelby,01
01119,8819.0,Sumter,01
01121,40776.0,Talladega,01
01123,24472.0,Tallapoosa,01
01125,91862.0,Tuscaloosa,01
01127,33298.0,Walker,01
01129,8680.0,Washington,01
01131,5691.0,Wilcox,01
01133,13782.0,Winston,01
09001,394399.0,Fairfield,09
09003,388841.0,Hartford,09
09005,94474.0,Litchfield,09
09007,78306.0,Middlesex,09
09009,382784.0,New Haven,09
09011,122780.0,New London,09
09013,62211.0,Tolland,09
09015,53651.0,Windham,09
10001,78453.0,Kent,10
10003,237035.0,New Castle,10
10005,151019.0,Sussex,10
12001,124665.0,Alachua,12
12003,11165.0,Baker,12
12005,110926.0,Bay,12
12007,12552.0,Bradford,12
12009,304745.0,Brevard,12
12011,897587.0,Broward,12
12013,7054.0,Calhoun,12
12015,130216.0,Charlotte,12
12017,87644.0,Citrus,12
12019,89757.0,Clay,12
12021,231601.0,Collier,12
12023,32458.0,Columbia,12
12027,17075.0,DeSoto,12
12029,10104.0,Dixie,12
12031,462469.0,Duval,12
12033,155649.0,Escambia,12
12035,56661.0,Flagler,12
12037,9273.0,Franklin,12
12039,21145.0,Gadsden,12
12041,8264.0,Gilchrist,12
12043,8476.0,Glades,12
12045,9710.0,Gulf,12
12047,6620.0,Hamilton,12
12049,11842.0,Hardee,12
12051,18550.0,Hendry,12
12053,96982.0,Hernando,12
12055,62481.0,Highlands,12
12057,604033.0,Hillsborough,12
12059,9652.0,Holmes,12
12061,89567.0,Indian River,12
12063,21638.0,Jackson,12
12065,7978.0,Jefferson,12
12067,4046.0,Lafayette,12
12069,193545.0,Lake,12
12071,428762.0,Lee,12
12073,142168.0,Leon,12
12075,21831.0,Levy,12
12077,3530.0,Liberty,12
12079,8764.0,Madison,12
12081,218721.0,Manatee,12
12083,199294.0,Marion,12
12085,87075.0,Martin,12
12086,1107178.0,Miami-Dade,12
12087,58120.0,Monroe,12
12089,45110.0,Nassau,12
12091,105882.0,Okaloosa,12
12093,23163.0,Okeechobee,12
12095,569175.0,Orange,12
12097,162224.0,Osceola,12
12099,712349.0,Palm Beach,12
12101,283753.0,Pasco,12
12103,548311.0,Pinellas,12
12105,336343.0,Polk,12
12107,42962.0,Putnam,12
12109,119664.0,St. Johns,12
12111,151270.0,St. Lucie,12
12113,79847.0,Santa Rosa,12
12115,269096.0,Sarasota,12
12117,195491.0,Seminole,12
12119,75359.0,Sumter,12
12121,22781.0,Suwannee,12
12123,11975.0,Taylor,12
12125,5293.0,Union,12
12127,281109.0,Volusia,12
12129,15046.0,Wakulla,12
12131,59387.0,Walton,12
12133,12305.0,Washington,12
13001,10125.0,Appling,13
13003,4551.0,Atkinson,13
13005,6471.0,Bacon,13
13007,1303.0,Baker,13
13009,21932.0,Baldwin,13
13011,10548.0,Banks,13
13013,32661.0,Barrow,13
13015,47242.0,Bartow,13
13017,8876.0,Ben Hill,13
13019,10592.0,Berrien,13
13021,75683.0,Bibb,13
13023,6629.0,Bleckley,13
13025,10489.0,Brantley,13
13027,10149.0,Brooks,13
13029,18178.0,Bryan,13
13031,36552.0,Bulloch,13
13033,14412.0,Burke,13
13035,9690.0,Butts,13
13037,2836.0,Calhoun,13
13039,25388.0,Camden,13
13043,5960.0,Candler,13
13045,54530.0,Carroll,13
13047,31841.0,Catoosa,13
13049,5777.0,Charlton,13
13051,138758.0,Chatham,13
13053,3111.0,Chattahoochee,13
13055,12718.0,Chattooga,13
13057,103258.0,Cherokee,13
13059,54185.0,Clarke,13
13061,2222.0,Clay,13
13063,114179.0,Clayton,13
13065,3835.0,Clinch,13
13067,322616.0,Cobb,13
13069,22635.0,Coffee,13
13071,25374.0,Colquitt,13
13073,59330.0,Columbia,13
13075,9714.0,Cook,13
13077,59232.0,Coweta,13
13079,6432.0,Crawford,13
13081,11943.0,Crisp,13
13083,8853.0,Dade,13
13085,14171.0,Dawson,13
13087,15775.0,Decatur,13
13089,334773.0,DeKalb,13
13091,10776.0,Dodge,13
13093,5228.0,Dooly,13
13095,44062.0,Dougherty,13
13097,58673.0,Douglas,13
13099,6556.0,Early,13
13101,1463.0,Echols,13
13103,28237.0,Effingham,13
13105,12915.0,Elbert,13
13107,12658.0,Emanuel,13
13109,6072.0,Evans,13
13111,20530.0,Fannin,13
13113,45453.0,Fayette,13
13115,46317.0,Floyd,13
13117,94558.0,Forsyth,13
13119,14155.0,Franklin,13
13121,478007.0,Fulton,13
13123,20241.0,Gilmer,13
13125,1959.0,Glascock,13
13127,42638.0,Glynn,13
13129,28216.0,Gordon,13
13131,15016.0,Grady,13
13133,11448.0,Greene,13
13135,333044.0,Gwinnett,13
13137,19978.0,Habersham,13
13139,86793.0,Hall,13
13141,5773.0,Hancock,13
13143,15170.0,Haralson,13
13145,15818.0,Harris,13
13147,16449.0,Hart,13
13149,6491.0,Heard,13
13151,87168.0,Henry,13
13153,66769.0,Houston,13
13155,5463.0,Irwin,13
13157,31007.0,Jackson,13
13159,7785.0,Jasper,13
13161,8929.0,Jeff Davis,13
13163,10187.0,Jefferson,13
13165,5090.0,Jenkins,13
13167,4603.0,Johnson,13
13169,13245.0,Jones,13
13171,8382.0,Lamar,13
13173,5125.0,Lanier,13
13175,26817.0,Laurens,13
13177,13292.0,Lee,13
13179,31729.0,Liberty,13
13181,5833.0,Lincoln,13
13183,7331.0,Long,13
13185,53155.0,Lowndes,13
13187,15691.0,Lumpkin,13
13189,12348.0,McDuffie,13
13191,8737.0,McIntosh,13
13193,6734.0,Macon,13
13195,16351.0,Madison,13
13197,4380.0,Marion,13
13199,11794.0,Meriwether,13
13201,3720.0,Miller,13
13205,10826.0,Mitchell,13
13207,11716.0,Monroe,13
13209,4932.0,Montgomery,13
13211,15101.0,Morgan,13
13213,21039.0,Murray,13
13215,84388.0,Muscogee,13
13217,40059.0,Newton,13
13219,18533.0,Oconee,13
13221,8229.0,Oglethorpe,13
13223,65091.0,Paulding,13
13225,13431.0,Peach,13
13227,17703.0,Pickens,13
13229,12526.0,Pierce,13
13231,8401.0,Pike,13
13233,19614.0,Polk,13
13235,5309.0,Pulaski,13
13237,15369.0,Putnam,13
13239,2107.0,Quitman,13
13241,11680.0,Rabun,13
13243,4538.0,Randolph,13
13245,104219.0,Richmond,13
13247,36756.0,Rockdale,13
13249,2346.0,Schley,13
13251,8715.0,Screven,13
13253,5969.0,Seminole,13
13255,32507.0,Spalding,13
13257,15423.0,Stephens,13
13259,2948.0,Stewart,13
13261,16281.0,Sumter,13
13263,3817.0,Talbot,13
13265,1353.0,Taliaferro,13
13267,12134.0,Tattnall,13
13269,4829.0,Taylor,13
13271,7496.0,Telfair,13
13273,5448.0,Terrell,13
13275,25466.0,Thomas,13
13277,22517.0,Tift,13
13279,15262.0,Toombs,13
13281,9772.0,Towns,13
13283,3709.0,Treutlen,13
13285,33512.0,Troup,13
13287,4179.0,Turner,13
13289,5114.0,Twiggs,13
13291,17146.0,Union,13
13293,14237.0,Upson,13
13295,31555.0,Walker,13
13297,37378.0,Walton,13
13299,19934.0,Ware,13
13301,3810.0,Warren,13
13303,11511.0,Washington,13
13305,14289.0,Wayne,13
13307,1460.0,Webster,13
13309,3153.0,Wheeler,13
13311,16468.0,White,13
13313,40460.0,Whitfield,13
13315,4113.0,Wilcox,13
13317,6864.0,Wilkes,13
13319,5469.0,Wilkinson,13
13321,8823.0,Worth,13
22001,28679.0,Acadia,22
22003,9880.0,Allen,22
22005,56073.0,Ascension,22
22007,9544.0,Assumption,22
22009,18097.0,Avoyelles,22
22011,16611.0,Beauregard,22
22013,6313.0,Bienville,22
22015,57661.0,Bossier,22
22017,123288.0,Caddo,22
22019,98658.0,Calcasieu,22
22021,4932.0,Caldwell,22
22023,3582.0,Cameron,22
22025,4504.0,Catahoula,22
22027,6829.0,Claiborne,22
22029,9219.0,Concordia,22
22031,11064.0,De Soto,22
22033,199140.0,East Baton Rouge,22
22035,2818.0,East Carroll,22
22037,10024.0,East Feliciana,22
22039,13872.0,Evangeline,22
22041,8678.0,Franklin,22
22043,9228.0,Grant,22
22045,28132.0,Iberia,22
22047,12454.0,Iberville,22
22049,7845.0,Jackson,22
22051,172729.0,Jefferson,22
22053,13788.0,Jefferson Davis,22
22055,104372.0,Lafayette,22
22057,39829.0,Lafourche,22
22061,21323.0,Lincoln,22
22063,61275.0,Livingston,22
22065,4562.0,Madison,22
22067,13118.0,Morehouse,22
22069,18777.0,Natchitoches,22
22071,192356.0,Orleans,22
22073,75503.0,Ouachita,22
22075,9708.0,Plaquemines,22
22077,12647.0,Pointe Coupee,22
22079,62939.0,Rapides,22
22081,3698.0,Red River,22
22083,9170.0,Richland,22
22085,14067.0,Sabine,22
22087,15711.0,St. Bernard,22
22089,21310.0,St. Charles,22
22091,5074.0,St. Helena,22
22093,12007.0,St. James,22
22095,17920.0,St. John the Baptist,22
22097,39202.0,St. Landry,22
22099,26531.0,St. Martin,22
22101,29762.0,St. Mary,22
22103,107483.0,St. Tammany,22
22105,57218.0,Tangipahoa,22
22107,3421.0,Tensas,22
22109,48269.0,Terrebonne,22
22111,11213.0,Union,22
22113,19581.0,Vermilion,22
22115,18487.0,Vernon,22
22117,19299.0,Washington,22
22119,24921.0,Webster,22
22121,12527.0,West Baton Rouge,22
22123,4744.0,West Carroll,22
22125,5425.0,West Feliciana,22
22127,6910.0,Winn,22
22None,5444.0,La Salle,22
23001,51447.0,Androscoggin,23
23003,37396.0,Aroostook,23
23005,149028.0,Cumberland,23
23007,17564.0,Franklin,23
23009,34143.0,Hancock,23
23011,64105.0,Kennebec,23
23013,24895.0,Knox,23
23015,26693.0,Lincoln,23
23017,30626.0,Oxford,23
23019,75943.0,Penobscot,23
23021,12502.0,Piscataquis,23
23023,19578.0,Sagadahoc,23
23025,29330.0,Somerset,23
23027,19795.0,Waldo,23
23029,17792.0,Washington,23
23031,115964.0,York,23
24001,35320.0,Allegany,24
24003,241122.0,Anne Arundel,24
24009,38395.0,Calvert,24
24011,16290.0,Caroline,24
24013,69618.0,Carroll,24
24015,48367.0,Cecil,24
24017,67170.0,Charles,24
24019,18810.0,Dorchester,24
24021,110652.0,Frederick,24
24023,21476.0,Garrett,24
24025,108060.0,Harford,24
24027,128461.0,Howard,24
24029,12211.0,Kent,24
24031,412921.0,Montgomery,24
24033,375239.0,Prince George's,24
24035,23925.0,Queen Anne's,24
24037,50888.0,St. Mary's,24
24039,12758.0,Somerset,24
24041,22531.0,Talbot,24
24043,69246.0,Washington,24
24045,49090.0,Wicomico,24
24047,61054.0,Worcester,24
24None,646890.0,Baltimore city,24
25001,168597.0,Barnstable,25
25003,68129.0,Berkshire,25
25005,231891.0,Bristol,25
25007,17040.0,Dukes,25
25009,335799.0,Essex,25
25011,32975.0,Franklin,25
25013,190722.0,Hampden,25
25015,66018.0,Hampshire,25
25017,653917.0,Middlesex,25
25019,13182.0,Nantucket,25
25021,294619.0,Norfolk,25
25023,219189.0,Plymouth,25
25025,309083.0,Suffolk,25
25027,340923.0,Worcester,25
28001,15450.0,Adams,28
28003,16023.0,Alcorn,28
28005,8191.0,Amite,28
28007,8962.0,Attala,28
28009,4690.0,Benton,28
28011,19000.0,Bolivar,28
28013,6934.0,Calhoun,28
28015,5385.0,Carroll,28
28017,8808.0,Chickasaw,28
28019,3629.0,Choctaw,28
28021,4932.0,Claiborne,28
28023,7260.0,Clarke,28
28025,9310.0,Clay,28
28027,11073.0,Coahoma,28
28029,14194.0,Copiah,28
28031,6981.0,Covington,28
28033,68213.0,DeSoto,28
28035,34851.0,Forrest,28
28037,4603.0,Franklin,28
28039,10513.0,George,28
28041,5681.0,Greene,28
28043,11111.0,Grenada,28
28045,23368.0,Hancock,28
28047,97549.0,Harrison,28
28049,108277.0,Hinds,28
28051,7940.0,Holmes,28
28053,3985.0,Humphreys,28
28055,1399.0,Issaquena,28
28057,9086.0,Itawamba,28
28059,65070.0,Jackson,28
28061,8473.0,Jasper,28
28063,3676.0,Jefferson,28
28065,6225.0,Jefferson Davis,28
28067,33761.0,Jones,28
28069,3877.0,Kemper,28
28071,28389.0,Lafayette,28
28073,27228.0,Lamar,28
28075,44527.0,Lauderdale,28
28077,6476.0,Lawrence,28
28079,6469.0,Leake,28
28081,38093.0,Lee,28
28083,13755.0,Leflore,28
28085,16599.0,Lincoln,28
28087,29199.0,Lowndes,28
28089,43836.0,Madison,28
28091,13274.0,Marion,28
28093,19591.0,Marshall,28
28095,13681.0,Monroe,28
28097,5306.0,Montgomery,28
28099,15134.0,Neshoba,28
28101,10369.0,Newton,28
28103,4960.0,Noxubee,28
28105,22699.0,Oktibbeha,28
28107,15032.0,Panola,28
28109,26375.0,Pearl River,28
28111,5898.0,Perry,28
28113,21837.0,Pike,28
28115,15075.0,Pontotoc,28
28117,13364.0,Prentiss,28
28119,3735.0,Quitman,28
28121,62263.0,Rankin,28
28123,12668.0,Scott,28
28125,2206.0,Sharkey,28
28127,12049.0,Simpson,28
28129,8622.0,Smith,28
28131,8109.0,Stone,28
28133,10476.0,Sunflower,28
28135,5767.0,Tallahatchie,28
28137,11777.0,Tate,28
28139,10076.0,Tippah,28
28141,10202.0,Tishomingo,28
28143,5206.0,Tunica,28
28145,12830.0,Union,28
28147,7640.0,Walthall,28
28149,23913.0,Warren,28
28151,24292.0,Washington,28
28153,9554.0,Wayne,28
28155,4689.0,Webster,28
28157,4946.0,Wilkinson,28
28159,8605.0,Winston,28
28161,6795.0,Yalobusha,28
28163,11068.0,Yazoo,28
33001,37695.0,Belknap,33
33003,40300.0,Carroll,33
33005,35476.0,Cheshire,33
33007,19395.0,Coos,33
33009,48679.0,Grafton,33
33011,176800.0,Hillsborough,33
33013,62269.0,Merrimack,33
33015,133272.0,Rockingham,33
33017,55302.0,Strafford,33
33019,20590.0,Sullivan,33
34001,129415.0,Atlantic,34
34003,326373.0,Bergen,34
34005,174337.0,Burlington,34
34007,201230.0,Camden,34
34009,90983.0,Cape May,34
34011,55713.0,Cumberland,34
34013,277894.0,Essex,34
34015,112645.0,Gloucester,34
34017,253365.0,Hudson,34
34019,54078.0,Hunterdon,34
34021,143990.0,Mercer,34
34023,291387.0,Middlesex,34
34025,252872.0,Monmouth,34
34027,190369.0,Morris,34
34029,266338.0,Ocean,34
34031,155255.0,Passaic,34
34033,29112.0,Salem,34
34035,125948.0,Somerset,34
34037,62982.0,Sussex,34
34039,195930.0,Union,34
34041,48210.0,Warren,34
36001,146487.0,Albany,36
36003,26943.0,Allegany,36
36005,537672.0,Bronx,36
36007,94268.0,Broome,36
36009,47683.0,Cattaraugus,36
36011,41524.0,Cayuga,36
36013,76445.0,Chautauqua,36
36015,41110.0,Chemung,36
36017,29662.0,Chenango,36
36019,40097.0,Clinton,36
36021,37809.0,Columbia,36
36023,23565.0,Cortland,36
36025,33770.0,Delaware,36
36027,127598.0,Dutchess,36
36029,445632.0,Erie,36
36031,28163.0,Essex,36
36033,27265.0,Franklin,36
36035,31960.0,Fulton,36
36037,28316.0,Genesee,36
36039,33913.0,Greene,36
36041,8671.0,Hamilton,36
36043,37353.0,Herkimer,36
36045,63626.0,Jefferson,36
36047,1022273.0,Kings,36
36049,17411.0,Lewis,36
36051,30839.0,Livingston,36
36053,34974.0,Madison,36
36055,326542.0,Monroe,36
36057,26174.0,Montgomery,36
36059,497038.0,Nassau,36
36061,665764.0,New York,36
36063,106513.0,Niagara,36
36065,114869.0,Oneida,36
36067,209751.0,Onondaga,36
36069,55630.0,Ontario,36
36071,153218.0,Orange,36
36073,19958.0,Orleans,36
36075,63146.0,Oswego,36
36077,33931.0,Otsego,36
36079,40874.0,Putnam,36
36081,884386.0,Queens,36
36083,74866.0,Rensselaer,36
36085,187926.0,Richmond,36
36087,104880.0,Rockland,36
36089,55876.0,St. Lawrence,36
36091,118024.0,Saratoga,36
36093,71504.0,Schenectady,36
36095,18875.0,Schoharie,36
36097,11369.0,Schuyler,36
36099,17563.0,Seneca,36
36101,53864.0,Steuben,36
36103,576829.0,Suffolk,36
36105,60320.0,Sullivan,36
36107,26545.0,Tioga,36
36109,46401.0,Tompkins,36
36111,92207.0,Ulster,36
36113,43476.0,Warren,36
36115,33317.0,Washington,36
36117,43538.0,Wayne,36
36119,367803.0,Westchester,36
36121,20030.0,Wyoming,36
36123,14650.0,Yates,36
37001,77462.0,Alamance,37
37003,18950.0,Alexander,37
37005,9769.0,Alleghany,37
37007,12191.0,Anson,37
37009,18850.0,Ashe,37
37011,17607.0,Avery,37
37013,26486.0,Beaufort,37
37015,11967.0,Bertie,37
37017,20557.0,Bladen,37
37019,96409.0,Brunswick,37
37021,139702.0,Buncombe,37
37023,40583.0,Burke,37
37025,103419.0,Cabarrus,37
37027,41666.0,Caldwell,37
37029,4685.0,Camden,37
37031,53880.0,Carteret,37
37033,13583.0,Caswell,37
37035,77834.0,Catawba,37
37037,32637.0,Chatham,37
37039,18884.0,Cherokee,37
37041,8405.0,Chowan,37
37043,7021.0,Clay,37
37045,46452.0,Cleveland,37
37047,24513.0,Columbus,37
37049,52093.0,Craven,37
37051,154618.0,Cumberland,37
37053,17266.0,Currituck,37
37055,36598.0,Dare,37
37057,85728.0,Davidson,37
37059,20875.0,Davie,37
37061,23427.0,Duplin,37
37063,152290.0,Durham,37
37065,23054.0,Edgecombe,37
37067,179100.0,Forsyth,37
37069,31120.0,Franklin,37
37071,104616.0,Gaston,37
37073,6274.0,Gates,37
37075,5564.0,Graham,37
37077,27511.0,Granville,37
37079,10004.0,Greene,37
37081,238054.0,Guilford,37
37083,30774.0,Halifax,37
37085,55624.0,Harnett,37
37087,37358.0,Haywood,37
37089,61129.0,Henderson,37
37091,11145.0,Hertford,37
37093,21144.0,Hoke,37
37095,3627.0,Hyde,37
37097,90355.0,Iredell,37
37099,25525.0,Jackson,37
37101,85243.0,Johnston,37
37103,5152.0,Jones,37
37105,28018.0,Lee,37
37107,29877.0,Lenoir,37
37109,44738.0,Lincoln,37
37111,23332.0,McDowell,37
37113,28088.0,Macon,37
37115,11705.0,Madison,37
37117,14981.0,Martin,37
37119,492249.0,Mecklenburg,37
37121,8832.0,Mitchell,37
37123,16270.0,Montgomery,37
37125,50599.0,Moore,37
37127,46149.0,Nash,37
37129,121074.0,New Hanover,37
37131,12287.0,Northampton,37
37133,85382.0,Onslow,37
37135,58550.0,Orange,37
37137,7740.0,Pamlico,37
37139,18753.0,Pasquotank,37
37141,33806.0,Pender,37
37143,7004.0,Perquimans,37
37145,19060.0,Person,37
37147,87827.0,Pitt,37
37149,11832.0,Polk,37
37151,73217.0,Randolph,37
37153,22224.0,Richmond,37
37155,49224.0,Robeson,37
37157,53743.0,Rockingham,37
37159,66056.0,Rowan,37
37161,32559.0,Rutherford,37
37163,30926.0,Sampson,37
37165,17287.0,Scotland,37
37167,31449.0,Stanly,37
37169,23446.0,Stokes,37
37171,35111.0,Surry,37
37173,9885.0,Swain,37
37175,20850.0,Transylvania,37
37177,2917.0,Tyrrell,37
37179,92058.0,Union,37
37181,22377.0,Vance,37
37183,479045.0,Wake,37
37185,12360.0,Warren,37
37187,7014.0,Washington,37
37189,33495.0,Watauga,37
37191,70918.0,Wayne,37
37193,41248.0,Wilkes,37
37195,41323.0,Wilson,37
37197,18359.0,Yadkin,37
37199,13525.0,Yancey,37
42001,45801.0,Adams,42
42003,605858.0,Allegheny,42
42005,35278.0,Armstrong,42
42007,79977.0,Beaver,42
42009,28068.0,Bedford,42
42011,183242.0,Berks,42
42013,60465.0,Blair,42
42015,32796.0,Bradford,42
42017,277004.0,Bucks,42
42019,88110.0,Butler,42
42021,71851.0,Cambria,42
42023,3576.0,Cameron,42
42025,36829.0,Carbon,42
42027,65564.0,Centre,42
42029,223121.0,Chester,42
42031,21293.0,Clarion,42
42033,34422.0,Clearfield,42
42035,17853.0,Clinton,42
42037,32103.0,Columbia,42
42039,51425.0,Crawford,42
42041,117753.0,Cumberland,42
42043,126476.0,Dauphin,42
42045,229696.0,Delaware,42
42047,20003.0,Elk,42
42049,124110.0,Erie,42
42051,69442.0,Fayette,42
42053,7017.0,Forest,42
42055,72426.0,Franklin,42
42057,9666.0,Fulton,42
42059,17625.0,Greene,42
42061,19912.0,Huntingdon,42
42063,42978.0,Indiana,42
42065,26341.0,Jefferson,42
42067,11448.0,Juniata,42
42069,100654.0,Lackawanna,42
42071,237168.0,Lancaster,42
42073,41049.0,Lawrence,42
42075,65976.0,Lebanon,42
42077,159464.0,Lehigh,42
42079,156387.0,Luzerne,42
42081,58278.0,Lycoming,42
42083,21970.0,McKean,42
42085,55065.0,Mercer,42
42087,23623.0,Mifflin,42
42089,79286.0,Monroe,42
42091,360008.0,Montgomery,42
42093,7742.0,Montour,42
42095,130981.0,Northampton,42
42097,41825.0,Northumberland,42
42099,22229.0,Perry,42
42101,712852.0,Philadelphia,42
42103,39356.0,Pike,42
42105,10157.0,Potter,42
42107,75825.0,Schuylkill,42
42109,16014.0,Snyder,42
42111,44949.0,Somerset,42
42113,6004.0,Sullivan,42
42115,27375.0,Susquehanna,42
42117,23848.0,Tioga,42
42119,14375.0,Union,42
42121,29423.0,Venango,42
42123,31876.0,Warren,42
42125,106673.0,Washington,42
42127,36281.0,Wayne,42
42129,175777.0,Westmoreland,42
42131,12613.0,Wyoming,42
42133,189817.0,York,42
44001,22648.0,Bristol,44
44003,78028.0,Kent,44
44005,44871.0,Newport,44
44007,281917.0,Providence,44
44009,64425.0,Washington,44
45001,12041.0,Abbeville,45
45003,92952.0,Aiken,45
45005,5673.0,Allendale,45
45007,94720.0,Anderson,45
45009,5627.0,Bamberg,45
45011,9518.0,Barnwell,45
45013,100957.0,Beaufort,45
45015,98583.0,Berkeley,45
45017,6647.0,Calhoun,45
45019,213005.0,Charleston,45
45021,32209.0,Cherokee,45
45023,14637.0,Chester,45
45025,35747.0,Chesterfield,45
45027,18172.0,Clarendon,45
45029,24155.0,Colleton,45
45031,31664.0,Darlington,45
45033,15564.0,Dillon,45
45035,67069.0,Dorchester,45
45037,10081.0,Edgefield,45
45039,11911.0,Fairfield,45
45041,61843.0,Florence,45
45043,38054.0,Georgetown,45
45045,224364.0,Greenville,45
45047,36586.0,Greenwood,45
45049,13010.0,Hampton,45
45051,210646.0,Horry,45
45053,13501.0,Jasper,45
45055,34061.0,Kershaw,45
45057,43579.0,Lancaster,45
45059,30708.0,Laurens,45
45061,7310.0,Lee,45
45063,132741.0,Lexington,45
45065,3802.0,McCormick,45
45067,15876.0,Marion,45
45069,10946.0,Marlboro,45
45071,23978.0,Newberry,45
45073,47720.0,Oconee,45
45075,47319.0,Orangeburg,45
45077,64378.0,Pickens,45
45079,190520.0,Richland,45
45081,11407.0,Saluda,45
45083,151387.0,Spartanburg,45
45085,58926.0,Sumter,45
45087,19383.0,Union,45
45089,18643.0,Williamsburg,45
45091,111725.0,York,45
48001,23520.0,Anderson,48
48003,8413.0,Andrews,48
48005,39813.0,Angelina,48
48007,18120.0,Aransas,48
48009,4054.0,Archer,48
48011,947.0,Armstrong,48
48013,26164.0,Atascosa,48
48015,17125.0,Austin,48
48017,3636.0,Bailey,48
48019,19539.0,Bandera,48
48021,44879.0,Bastrop,48
48023,2923.0,Baylor,48
48025,11058.0,Bee,48
48027,165371.0,Bell,48
48029,805956.0,Bexar,48
48031,6112.0,Blanco,48
48033,404.0,Borden,48
48035,9487.0,Bosque,48
48037,40920.0,Bowie,48
48039,151618.0,Brazoria,48
48041,99047.0,Brazos,48
48043,5849.0,Brewster,48
48045,1026.0,Briscoe,48
48047,3144.0,Brooks,48
48049,20449.0,Brown,48
48051,10910.0,Burleson,48
48053,27970.0,Burnet,48
48055,20869.0,Caldwell,48
48057,13658.0,Calhoun,48
48059,6136.0,Callahan,48
48061,169792.0,Cameron,48
48063,5844.0,Camp,48
48065,3622.0,Carson,48
48067,14555.0,Cass,48
48069,3374.0,Castro,48
48071,19018.0,Chambers,48
48073,24294.0,Cherokee,48
48075,3439.0,Childress,48
48077,5496.0,Clay,48
48079,1760.0,Cochran,48
48081,2875.0,Coke,48
48083,5573.0,Coleman,48
48085,422478.0,Collin,48
48087,1937.0,Collingsworth,48
48089,15721.0,Colorado,48
48091,74110.0,Comal,48
48093,8914.0,Comanche,48
48095,2085.0,Concho,48
48097,25875.0,Cooke,48
48099,28024.0,Coryell,48
48101,1012.0,Cottle,48
48103,2060.0,Crane,48
48105,2363.0,Crockett,48
48107,3040.0,Crosby,48
48109,1775.0,Culberson,48
48111,4184.0,Dallam,48
48113,1072236.0,Dallas,48
48115,5687.0,Dawson,48
48117,8472.0,Deaf Smith,48
48119,2852.0,Delta,48
48121,358127.0,Denton,48
48123,15209.0,DeWitt,48
48125,1390.0,Dickens,48
48127,5164.0,Dimmit,48
48129,2169.0,Donley,48
48131,5392.0,Duval,48
48133,11804.0,Eastland,48
48135,75805.0,Ector,48
48137,2911.0,Edwards,48
48139,75529.0,Ellis,48
48141,321308.0,El Paso,48
48143,17970.0,Erath,48
48145,7688.0,Falls,48
48147,18215.0,Fannin,48
48149,20225.0,Fayette,48
48151,2033.0,Fisher,48
48153,3029.0,Floyd,48
48155,862.0,Foard,48
48157,300480.0,Fort Bend,48
48159,6187.0,Franklin,48
48161,10764.0,Freestone,48
48163,7240.0,Frio,48
48165,8978.0,Gaines,48
48167,158145.0,Galveston,48
48169,2418.0,Garza,48
48171,18408.0,Gillespie,48
48173,537.0,Glasscock,48
48175,5050.0,Goliad,48
48177,11593.0,Gonzales,48
48179,11113.0,Gray,48
48181,70883.0,Grayson,48
48183,59796.0,Gregg,48
48185,12700.0,Grimes,48
48187,73791.0,Guadalupe,48
48189,15494.0,Hale,48
48191,2200.0,Hall,48
48193,5323.0,Hamilton,48
48195,2861.0,Hansford,48
48197,2393.0,Hardeman,48
48199,25782.0,Hardin,48
48201,1944859.0,Harris,48
48203,32701.0,Harrison,48
48205,2517.0,Hartley,48
48207,3664.0,Haskell,48
48209,95878.0,Hays,48
48211,1702.0,Hemphill,48
48213,48774.0,Henderson,48
48215,326231.0,Hidalgo,48
48217,19292.0,Hill,48
48219,10853.0,Hockley,48
48221,33365.0,Hood,48
48223,15632.0,Hopkins,48
48225,11178.0,Houston,48
48227,15306.0,Howard,48
48229,1593.0,Hudspeth,48
48231,48213.0,Hunt,48
48233,10630.0,Hutchinson,48
48235,918.0,Irion,48
48237,3881.0,Jack,48
48239,8588.0,Jackson,48
48241,15961.0,Jasper,48
48243,1631.0,Jeff Davis,48
48245,109715.0,Jefferson,48
48247,2561.0,Jim Hogg,48
48249,19142.0,Jim Wells,48
48251,80850.0,Johnson,48
48253,7807.0,Jones,48
48255,8125.0,Karnes,48
48257,62837.0,Kaufman,48
48259,23745.0,Kendall,48
48261,266.0,Kenedy,48
48263,605.0,Kent,48
48265,28698.0,Kerr,48
48267,4522.0,Kimble,48
48269,163.0,King,48
48271,2094.0,Kinney,48
48273,14142.0,Kleberg,48
48275,2067.0,Knox,48
48277,32259.0,Lamar,48
48279,7592.0,Lamb,48
48281,9755.0,Lampasas,48
48283,3735.0,La Salle,48
48285,12734.0,Lavaca,48
48287,9365.0,Lee,48
48289,9375.0,Leon,48
48291,38093.0,Liberty,48
48293,11387.0,Limestone,48
48295,1732.0,Lipscomb,48
48297,6236.0,Live Oak,48
48299,17521.0,Llano,48
48301,90.0,Loving,48
48303,135595.0,Lubbock,48
48305,3157.0,Lynn,48
48307,4578.0,McCulloch,48
48309,120526.0,McLennan,48
48311,919.0,McMullen,48
48313,6458.0,Madison,48
48315,4829.0,Marion,48
48317,2309.0,Martin,48
48319,2891.0,Mason,48
48321,20827.0,Matagorda,48
48323,23047.0,Maverick,48
48325,24127.0,Medina,48
48327,2456.0,Menard,48
48329,75024.0,Midland,48
48331,13515.0,Milam,48
48333,3126.0,Mills,48
48335,5090.0,Mitchell,48
48337,10175.0,Montague,48
48339,249557.0,Montgomery,48
48341,8624.0,Moore,48
48343,6144.0,Morris,48
48345,772.0,Motley,48
48347,29076.0,Nacogdoches,48
48349,28298.0,Navarro,48
48351,7131.0,Newton,48
48353,8024.0,Nolan,48
48355,160781.0,Nueces,48
48357,5731.0,Ochiltree,48
48359,1160.0,Oldham,48
48361,44722.0,Orange,48
48363,15811.0,Palo Pinto,48
48365,10834.0,Panola,48
48367,60807.0,Parker,48
48369,4556.0,Parmer,48
48371,6575.0,Pecos,48
48373,25753.0,Polk,48
48375,55354.0,Potter,48
48377,3792.0,Presidio,48
48379,7189.0,Rains,48
48381,63086.0,Randall,48
48383,1738.0,Reagan,48
48385,3048.0,Real,48
48387,4847.0,Red River,48
48389,5751.0,Reeves,48
48391,3613.0,Refugio,48
48393,522.0,Roberts,48
48395,9675.0,Robertson,48
48397,38397.0,Rockwall,48
48399,6288.0,Runnels,48
48401,21329.0,Rusk,48
48403,8175.0,Sabine,48
48405,4276.0,San Augustine,48
48407,16399.0,San Jacinto,48
48409,30702.0,San Patricio,48
48411,3248.0,San Saba,48
48413,1879.0,Schleicher,48
48415,9167.0,Scurry,48
48417,2742.0,Shackelford,48
48419,14352.0,Shelby,48
48421,1233.0,Sherman,48
48423,103850.0,Smith,48
48425,4449.0,Somervell,48
48427,20556.0,Starr,48
48429,4346.0,Stephens,48
48431,733.0,Sterling,48
48433,1066.0,Stonewall,48
48435,2463.0,Sutton,48
48437,4940.0,Swisher,48
48439,778907.0,Tarrant,48
48441,65377.0,Taylor,48
48443,830.0,Terrell,48
48445,4935.0,Terry,48
48447,1199.0,Throckmorton,48
48449,14523.0,Titus,48
48451,54383.0,Tom Green,48
48453,538039.0,Travis,48
48455,9134.0,Trinity,48
48457,11542.0,Tyler,48
48459,19338.0,Upshur,48
48461,2079.0,Upton,48
48463,14487.0,Uvalde,48
48465,22110.0,Val Verde,48
48467,29705.0,Van Zandt,48
48469,43846.0,Victoria,48
48471,31784.0,Walker,48
48473,26703.0,Waller,48
48475,6506.0,Ward,48
48477,16192.0,Washington,48
48479,99988.0,Webb,48
48481,21154.0,Wharton,48
48483,3563.0,Wheeler,48
48485,60641.0,Wichita,48
48487,6213.0,Wilbarger,48
48489,7481.0,Willacy,48
48491,217070.0,Williamson,48
48493,23173.0,Wilson,48
48495,4219.0,Winkler,48
48497,34681.0,Wise,48
48499,25425.0,Wood,48
48501,3901.0,Yoakum,48
48503,10365.0,Young,48
48505,7773.0,Zapata,48
48507,4842.0,Zavala,48
51001,23336.0,Accomack,51
51003,49127.0,Albemarle,51
51005,8641.0,Alleghany,51
51007,5343.0,Amelia,51
51009,14287.0,Amherst,51
51011,7618.0,Appomattox,51
51013,119772.0,Arlington,51
51015,40593.0,Augusta,51
51017,3011.0,Bath,51
51021,3925.0,Bland,51
51023,15215.0,Botetourt,51
51025,7769.0,Brunswick,51
51027,8946.0,Buchanan,51
51029,6304.0,Buckingham,51
51031,23235.0,Campbell,51
51033,14395.0,Caroline,51
51035,15459.0,Carroll,51
51036,3552.0,Charles City,51
51037,5353.0,Charlotte,51
51041,149599.0,Chesterfield,51
51043,6583.0,Clarke,51
51045,2688.0,Craig,51
51047,20068.0,Culpeper,51
51049,5003.0,Cumberland,51
51051,7465.0,Dickenson,51
51053,12372.0,Dinwiddie,51
51057,6546.0,Essex,51
51061,34611.0,Fauquier,51
51063,6589.0,Floyd,51
51065,11725.0,Fluvanna,51
51069,38249.0,Frederick,51
51071,8818.0,Giles,51
51073,18776.0,Gloucester,51
51075,11394.0,Goochland,51
51077,8725.0,Grayson,51
51079,8933.0,Greene,51
51081,4554.0,Greensville,51
51083,17190.0,Halifax,51
51085,48266.0,Hanover,51
51087,128677.0,Henrico,51
51089,26914.0,Henry,51
51091,2105.0,Highland,51
51093,20144.0,Isle of Wight,51
51095,35474.0,James City,51
51097,5743.0,King and Queen,51
51099,10498.0,King George,51
51101,7694.0,King William,51
51103,8040.0,Lancaster,51
51105,11455.0,Lee,51
51107,116324.0,Loudoun,51
51109,19470.0,Louisa,51
51111,6717.0,Lunenburg,51
51113,5688.0,Madison,51
51115,5968.0,Mathews,51
51117,19257.0,Mecklenburg,51
51119,8331.0,Middlesex,51
51121,40355.0,Montgomery,51
51125,11228.0,Nelson,51
51127,9390.0,New Kent,51
51131,8005.0,Northampton,51
51133,8838.0,Northumberland,51
51135,5949.0,Nottoway,51
51137,16749.0,Orange,51
51139,11999.0,Page,51
51141,8225.0,Patrick,51
51143,39812.0,Pittsylvania,51
51145,12166.0,Powhatan,51
51147,7566.0,Prince Edward,51
51149,13748.0,Prince George,51
51153,144999.0,Prince William,51
51155,17164.0,Pulaski,51
51157,3876.0,Rappahannock,51
51163,11995.0,Rockbridge,51
51165,42667.0,Rockingham,51
51167,12279.0,Russell,51
51169,14215.0,Scott,51
51171,21631.0,Shenandoah,51
51173,14910.0,Smyth,51
51175,8916.0,Southampton,51
51177,48803.0,Spotsylvania,51
51179,55724.0,Stafford,51
51181,3482.0,Surry,51
51183,5381.0,Sussex,51
51185,23236.0,Tazewell,51
51187,18002.0,Warren,51
51191,27691.0,Washington,51
51193,14208.0,Westmoreland,51
51195,17002.0,Wise,51
51197,14939.0,Wythe,51
51199,28290.0,York,51
51510,77093.0,Alexandria,51
51520,8526.0,Bristol,51
51530,3211.0,Buena Vista,51
51540,22064.0,Charlottesville,51
51550,99051.0,Chesapeake,51
51570,8692.0,Colonial Heights,51
51580,3471.0,Covington,51
51590,24974.0,Danville,51
51595,2702.0,Emporia,51
51610,6279.0,Falls Church,51
51630,11794.0,Fredericksburg,51
51640,3369.0,Galax,51
51650,62297.0,Hampton,51
51660,18625.0,Harrisonburg,51
51670,11501.0,Hopewell,51
51678,2792.0,Lexington,51
51680,36213.0,Lynchburg,51
51683,15474.0,Manassas,51
51685,5536.0,Manassas Park,51
51690,7179.0,Martinsville,51
51700,86560.0,Newport News,51
51710,103324.0,Norfolk,51
51720,1955.0,Norton,51
51730,17687.0,Petersburg,51
51735,5197.0,Poquoson,51
51740,43945.0,Portsmouth,51
51750,5689.0,Radford,51
51775,11496.0,Salem,51
51790,13295.0,Staunton,51
51800,36525.0,Suffolk,51
51810,28793.0,Virginia Beach,51
51820,10835.0,Waynesboro,51
51830,5751.0,Williamsburg,51
51840,12668.0,Winchester,51
51None,734545.0,Roanoke County,51
