fips,earp_months_per_year,num_events,total_recovery_months,mean_recovery_per_event,max_recovery
01001,0.6219102297516904,21,923.6199093350913,43.98190044452816,178.6968325468422
01003,6.572119550734028,149,9760.476951813389,65.50655672357979,1091.876384351468
01005,24.15939959460691,53,35879.94118069164,676.9800222772008,4192.9411769638755
01007,0.9958698602489676,6,1479.00000036975,246.500000061625,1443.0000003607502
01009,0.0,3,0.0,0.0,0.0
01011,0.0,0,0.0,,
01013,53.36970534719006,74,79261.15387054098,1071.0966739262294,12208.615388371883
01015,0.0,1,0.0,0.0,0.0
01017,0.78602266611963,10,1167.348837317893,116.7348837317893,625.1162791279178
01019,0.0,1,0.0,0.0,0.0
01021,0.25209849604033574,12,374.40000005990396,31.200000004991995,163.20000002611198
01023,0.0,0,0.0,,
01025,43.489299179136744,75,64587.42860833567,861.165714777809,5749.714288999837
01027,0.07182293333333334,1,106.66666666666667,106.66666666666667,106.66666666666667
01031,11.430777113158898,86,16976.23357168577,197.39806478704384,1173.4598536719825
01035,798.3361474333446,97,1185636.0047425441,12223.05159528396,80232.00032092801
01037,0.0,0,0.0,,
01039,205.4776775524547,117,305161.8462477421,2608.2209081003602,31954.153855985896
01041,141.2801989412802,73,209820.00020982,2874.2465782167124,27525.000027525
01043,0.0,2,0.0,0.0,0.0
01045,50.14582700945834,70,74473.26315005544,1063.9037592865063,6214.73684145108
01047,18.901615725086636,28,28071.42858746939,1002.5510209810496,6694.28571811102
01049,0.0,1,0.0,0.0,0.0
01051,1.0166848486514486,18,1509.9130434126123,83.88405796736735,809.3478260517675
01053,226.45007761333335,133,336308.6666666667,2528.636591478697,19435.333333333332
01055,0.0,2,0.0,0.0,0.0
01057,0.0,0,0.0,,
01061,96.3619981723077,109,143110.46153846153,1312.940014114326,10491.384615384615
01063,10.494003910494005,13,15585.000015585,1198.846155045,5661.000005661
01065,6.382528644951808,9,9478.909087462214,1053.2121208291348,2711.999999013818
01067,17.576212986333772,64,26103.028167543547,407.8598151178679,4196.957746242425
01069,9.546320752616927,88,14177.563716126959,161.1086785923518,830.8509719940259
01071,0.0,1,0.0,0.0,0.0
01073,0.00970131963878373,5,14.407757802571853,2.8815515605143704,13.407757802571853
01075,0.0,0,0.0,,
01077,0.0,1,0.0,0.0,0.0
01081,0.14718313650057332,19,218.5866523607291,11.50456065056469,98.35737354108878
01085,0.0,0,0.0,,
01087,28.49197807320642,26,42314.399966148485,1627.4769217749417,13043.9999895648
01089,0.0,1,0.0,0.0,0.0
01091,0.0,0,0.0,,
01093,0.0,1,0.0,0.0,0.0
01095,0.0,1,0.0,0.0,0.0
01097,13.72455519730832,127,20382.800958369204,160.49449573519058,3662.5458888349335
01099,14.15970983794397,80,21029.063827997696,262.8632978499712,1419.319148815377
01101,0.868643730858143,34,1290.0521740252218,37.94271100074182,282.05217393756976
01105,0.0,0,0.0,,
01107,0.42824423914351156,7,635.999998728,90.85714267542858,257.999999484
01109,24.00514814857143,64,35650.857142857145,557.0446428571429,2963.1428571428573
01111,0.0,0,0.0,,
01113,1.53177123147541,26,2274.8852459016393,87.49558638083228,563.6065573770492
01115,0.0,2,0.0,0.0,0.0
01117,0.0051493113677811555,4,7.64741641337386,1.911854103343465,7.64741641337386
01119,20.466842660466842,15,30396.000030396,2026.4000020264,6810.00000681
01121,0.0,3,0.0,0.0,0.0
01123,0.09914777062400958,14,147.24770639500042,10.517693313928602,62.642201823368396
01125,0.0980911319677229,6,145.67845660100826,24.279742766834712,46.63022508338458
01127,0.19796196000000002,5,294.0,58.8,294.0
01129,0.0,0,0.0,,
01131,44.034416024034414,48,65397.000065397,1362.4375013624374,14760.00001476
01133,0.0,1,0.0,0.0,0.0
09001,0.0,0,0.0,,
09003,0.0,0,0.0,,
09005,0.0,0,0.0,,
09007,0.0,0,0.0,,
09009,0.0,0,0.0,,
09011,0.0,0,0.0,,
09013,0.0,0,0.0,,
09015,0.0,0,0.0,,
10001,0.374369751681049,10,555.9891758711037,55.59891758711037,244.02664454422202
10003,0.021460680652687445,6,31.871982434858236,5.311997072476372,27.853694212771416
10005,0.3547440910936835,11,526.8424437783043,47.894767616209485,134.08635738484946
12001,9.071132482517795,132,13471.845549822965,102.05943598350731,2516.6651640398345
12003,52.7050967769697,110,78274.12121212122,711.5829201101928,4968.484848484848
12005,7.040998485374885,143,10456.824910706158,73.12464972521789,1485.6417309317658
12007,52.745154912258066,110,78333.6129032258,712.1237536656892,5357.1612903225805
12009,13.325070269934812,186,19789.512385919166,106.39522788128583,1863.1968709256844
12011,33.263161537733815,181,49400.24584568541,272.9295350590354,8996.63476854635
12013,111.70683666400001,115,165899.6,1442.6052173913044,8622.8
12015,9.470239995106857,223,14064.573610816016,63.06983681980277,1098.414831066383
12017,14.86950696184387,146,22083.20753533708,151.25484613244575,2086.875153841486
12019,12.209944132878864,108,18133.400856742304,167.90185978465095,1426.1257998776389
12021,22.544391128805742,272,33481.43750379562,123.09352023454272,4421.304545956967
12023,73.8331306559165,122,109652.07867632473,898.7875301338092,4720.044944880909
12027,176.4970662478034,178,262121.76054861347,1472.594160385469,12064.563379601996
12029,183.69090348070944,146,272805.5714508412,1868.5313113071315,7541.632653676868
12031,7.657658913191069,112,11372.648161688105,101.5415014436438,4601.211133040061
12033,14.227649615578095,145,21129.963488843812,145.72388612995732,4950.5395537525355
12035,2.2183430863676183,110,3294.536320978433,29.95033019071303,699.8578051468535
12037,25.78562680422034,137,38295.10619333522,279.5263225790892,1613.7345132172131
12039,56.93481117992768,113,84555.8130809512,748.2815316898335,3379.6261680979583
12041,56.28460521345887,115,83590.1702163229,726.8710453593296,3658.851063985483
12043,136.3192886485344,231,202452.3846029263,876.4172493633173,5338.338461209948
12045,11.966870489939858,121,17772.40397115849,146.87937166246684,713.9999999054304
12047,90.64793132759263,114,134624.30767159627,1180.9149795754058,7433.076921933373
12049,49.76752835268293,168,73911.43902439025,439.9490418118467,3812.0975609756097
12051,32.51834602771953,254,48294.09514913644,190.1342328706159,1422.2046677614217
12053,11.447302544095809,150,17000.77604790419,113.33850698602794,2146.5245508982034
12055,25.260226424276084,208,37514.816325000866,180.35969387019648,2450.706122348951
12057,8.699569608943923,192,12920.02496353094,67.29179668505698,1707.3376780423137
12059,253.86399348,112,377022.0,3366.2678571428573,29427.0
12061,21.858894294893616,162,32463.382978723403,200.39125295508273,4431.510638297872
12063,34.98951897647059,120,51964.117647058825,433.0343137254902,2874.274509803922
12065,26.789000236674063,114,39785.25000248621,348.99342107444045,2758.3125001723947
12067,57.03362944571429,129,84702.57142857143,656.6090808416391,3680.5714285714284
12069,7.197309932524621,164,10688.96832584522,65.17663613320256,740.4017503029463
12071,10.89411492783726,246,16179.21841541756,65.76918055047788,1391.702550126533
12073,8.643870445176166,123,12837.30425219973,104.36832725365635,1605.667989032446
12075,87.07669086463841,151,129320.5377144361,856.4274020823583,5560.100503630171
12077,121.71318320664976,122,180760.3635706326,1481.6423243494473,7726.909088099306
12079,106.00960702271092,118,157438.45163321786,1334.2241663832021,10031.225807745965
12081,6.538969830510193,190,9711.245181498489,51.11181674472889,896.1231262903575
12083,7.780683668434451,161,11555.35638523547,71.77239990829484,991.7013152312261
12085,24.210750082107374,184,35956.203525867124,195.41414959710394,6167.853459638109
12086,10.706025609611787,274,15899.88060951642,58.02876134860007,2852.5889962333135
12087,53.21332195335891,326,79028.90360495278,242.4199497084441,3994.2650597597267
12089,13.976709147304316,107,20757.28331497359,193.99330200909895,3010.426022958639
12091,8.942656150493614,135,13281.041005277591,98.37808152057475,2475.05678155361
12093,1106.12120492,186,1642738.0,8831.924731182795,65756.66666666667
12095,5.603105121282709,159,8321.360859718285,52.33560289130997,1674.5178195293438
12097,1.701618425439419,185,2527.1310562857084,13.66016787181464,261.6212413361343
12099,12.196108467957838,228,18112.853042976563,79.44233790779194,3431.498741476447
12101,10.63778154821286,170,15798.529046563193,92.9325238033129,1556.4824833702883
12103,31.886248198565024,161,47355.345291479825,294.13257945018523,9608.19730941704
12105,8.115629032298166,226,12052.795069798567,53.33095163627684,451.8097072593147
12107,233.11555766024375,128,346207.7964479219,2704.74840974939,15932.283185276734
12109,3.2549086512457333,120,4833.974888237343,40.283124068644526,711.4676233694327
12111,5.3483291072700005,171,7942.984387189237,46.4502010946739,933.3870171788507
12113,10.065992935128593,145,14949.346444780635,103.09894099848714,1489.0226928895613
12115,9.779652749613854,196,14524.092953951724,74.10251507118227,1129.2488614449908
12117,8.382235113879558,119,12448.74077565503,104.61126702231117,2553.495704385347
12119,2.7017005086688837,141,4012.3867714213975,28.45664376894608,162.4347387187513
12121,112.05273434956523,126,166413.30434782608,1320.7405106970323,6577.04347826087
12123,145.258796525,150,215728.75,1438.1916666666666,8429.25
12125,45.587093130666666,104,67702.93333333333,650.9897435897436,3530.9333333333334
12127,11.35796681026455,158,16868.100529100528,106.760129931016,1974.641975308642
12129,14.515587477948719,124,21557.589743589742,173.85153019023986,1108.1025641025642
12131,4.415947995150884,143,6558.273673257024,45.862053659140024,495.7044745057232
12133,27.166085379016792,123,40345.27189683784,328.0103406246979,1874.820276843285
13001,428.74924542874925,73,636750.00063675,8722.602748448631,44724.000044724
13003,44.16212613333334,70,65586.66666666667,936.9523809523811,5524.666666666667
13005,0.0,0,0.0,,
13007,0.0,0,0.0,,
13009,1.0689639172412457,11,1587.5544557597138,144.32313234179216,735.861386284329
13011,0.05949156941176471,3,88.35294117647058,29.45098039215686,84.70588235294117
13013,0.00067334,3,1.0,0.3333333333333333,1.0
13017,73.74823684,46,109526.0,2381.0,9672.0
13019,15.280946295000001,70,22694.25,324.2035714285714,1624.75
13021,0.5479151219603225,16,813.7272729383707,50.85795455864817,192.3896104395817
13023,0.9967408778347427,19,1480.293578035974,77.91018831768284,262.5688073490851
13025,72.54823503286109,92,107743.8367434893,1171.1286602553184,6985.469388325345
13027,44.36549207846154,90,65888.69230769231,732.0965811965813,7807.692307692308
13029,3.1518332451764706,96,4680.894117647059,48.759313725490195,353.4117647058824
13031,2.7266762179206796,79,4049.479041673864,51.25922837561853,344.92814369192047
13033,5.920046715943547,36,8792.061537920734,244.22393160890928,1248.3692306924079
13035,0.864299224,7,1283.6,183.37142857142857,554.8
13037,57.57380198594096,53,85504.79993159616,1613.2981119169087,7408.7999940729605
13039,7.201856525985195,103,10695.720625516375,103.84194782054733,3996.3446471022094
13043,78.7542312107167,46,116960.57149540604,2542.621119465349,14729.14286555951
13045,0.0023428542465753427,1,3.4794520547945207,3.4794520547945207,3.4794520547945207
13049,34.58768939057793,113,51367.346942967786,454.5782915306884,7208.571429159884
13051,3.09027368481069,87,4589.469933184855,52.75252796764201,1513.465478841871
13053,0.0,0,0.0,,
13059,0.02481935836092767,4,36.86006825812764,9.21501706453191,15.941979521640206
13061,69.63143608,47,103412.0,2200.255319148936,9780.0
13063,0.0,3,0.0,0.0,0.0
13065,0.0,0,0.0,,
13069,17.72578568226452,69,26325.16363540636,381.5241106580632,2569.4181817247486
13071,26.730093730924658,78,39697.765959136035,508.94571742482094,3008.8085107663323
13073,0.03717025536240623,11,55.20280298572227,5.018436635065661,24.771640568762287
13075,32.8123166414629,70,48730.68084691671,696.1525835273816,5404.340425071971
13077,0.008071689470404986,2,11.98753894080997,5.993769470404985,11.98753894080997
13079,7.478959630463159,17,11107.25581498672,653.3679891168658,2310.976744401021
13081,18.678451600000002,37,27740.0,749.7297297297297,3786.8571428571427
13087,16.52007486782609,98,24534.521739130436,250.35226264418813,3482.782608695652
13089,0.0,3,0.0,0.0,0.0
13091,25.444793472444555,40,37788.923088550444,944.7230772137611,4991.076924612639
13093,5.194903798195994,31,7715.1272732883735,248.87507333188302,1431.2727273768198
13095,19.076215982666668,52,28330.733333333334,544.8217948717949,10577.866666666667
13097,0.0,1,0.0,0.0,0.0
13099,58.009097957087604,68,86151.272695945,1266.9304808227205,5462.181816195571
13101,37.58045209156322,95,55812.000017172926,587.4947370228729,3052.6153855546513
13103,4.653903780925748,83,6911.669856128772,83.27313079673219,730.4641147975855
13105,0.9177711646276482,3,1363.0129869421812,454.3376623140604,732.4675324294822
13107,6.317701147700791,42,9382.631579440982,223.39598998669004,1695.3157895629115
13109,22.14252691967038,62,32884.61537955621,530.3970222509066,2762.7692303441895
13113,0.0,2,0.0,0.0,0.0
13119,0.05809726234554534,3,86.2822086101306,28.760736203376865,82.45398775029545
13121,0.00067334,2,1.0,0.5,1.0
13125,0.0,0,0.0,,
13127,3.477953381064019,88,5165.226157756882,58.69575179269184,1456.7411443347826
13131,42.6865606987408,91,63395.254550065045,696.6511489018137,8584.145455169757
13133,0.2331719357604301,5,346.2915254706836,69.25830509413672,133.74915256050838
13135,0.0,1,0.0,0.0,0.0
13139,0.0,1,0.0,0.0,0.0
13141,2.2434726888918286,10,3331.8571433329794,333.18571433329794,1643.1428573775918
13145,0.2753639961904762,15,408.95238095238096,27.263492063492063,87.61904761904762
13147,0.08208410680421552,3,121.90588232425745,40.635294108085816,103.76470585793771
13149,0.03862278239691018,4,57.359999995411194,14.339999998852798,55.67999999554559
13151,0.013392661508295626,8,19.889894419306184,2.486236802413273,9.966817496229261
13153,0.2637178602330097,16,391.65631067961164,24.478519417475727,119.96116504854369
13155,12.80861014839926,51,19022.49999762269,372.99019603181745,1617.7499997977814
13157,0.021294571706745653,4,31.625288423004207,7.906322105751052,18.750346104060977
13159,0.33702322754098357,7,500.52459016393436,71.50351288056206,263.40983606557376
13161,65.0010115940004,57,96535.20003861409,1693.6000006774402,8594.40000343776
13163,11.516538028606615,19,17103.60000684144,900.1894740442863,4914.0000019656
13165,9.403000718486046,37,13964.714287709101,377.4247104786244,1907.5714288439387
13167,0.0,0,0.0,,
13169,2.3331612136729496,12,3465.0566039043415,288.7547169920285,1368.5660377874929
13171,0.36103551255813954,11,536.186046511628,48.744186046511636,384.0
13173,23.619920712729154,68,35078.74285313386,515.8638654872626,4763.314285169907
13175,12.303317451076607,30,18272.072728601608,609.069090953387,3112.36363658999
13177,3.1958285848707235,47,4746.233084133904,100.9836826411469,1210.9172935972683
13179,3.3510416284076436,96,4976.745222929936,51.841096072186836,684.28025477707
13181,0.1399819264789199,4,207.89189188065447,51.97297297016362,98.91891891357194
13183,5.091254793434888,82,7561.1946318871405,92.20969063277,475.44966449334896
13185,4.441711357659454,99,6596.535713992119,66.63167387870827,1830.843749918266
13189,0.6833138487926651,10,1014.8125000633634,101.48125000633634,551.8125000344883
13191,13.266176495516056,92,19702.047250298598,214.15268750324563,1126.9606302762081
13193,19.427620049054653,27,28852.615393493114,1068.6153849441894,5992.615386459267
13195,0.8997532469841271,3,1336.2539682539682,445.4179894179894,673.6507936507936
13197,13.48161347614811,23,20021.999994279427,870.5217388817142,4052.5714274135507
13199,0.22058618400000002,13,327.6,25.200000000000003,179.8
13201,126.62293342675414,70,188051.999623896,2686.4571374842285,13907.999972184001
13205,53.98498064143749,74,80174.92001282782,1083.4448650382137,9712.320001553971
13207,0.37309985055215944,12,554.1032027685262,46.175266897377185,198.32028466927824
13209,18.73173328369883,43,27819.130429944496,646.9565216266162,3484.173912437535
13211,0.12992177411465325,6,192.95121946513385,32.158536577522305,154.3170731330934
13215,0.1298366119587629,17,192.82474226804123,11.342631898120073,76.82474226804123
13217,0.013428583408124833,8,19.943243247281956,2.4929054059102445,14.943243247281957
13219,0.005420889492131239,5,8.050746268053642,1.6101492536107282,3.4388059697386497
13221,0.32966726390580936,5,489.5999998601143,97.91999997202285,166.1142856668245
13225,1.3296024703814955,17,1974.637583362782,116.15515196251658,510.7651005340228
13229,21.494298268249743,79,31921.90909236009,404.0747986374695,2362.5000001073863
13231,0.33323670594871374,8,494.90109892285284,61.862637365356605,480.6593406804686
13235,2.4420117971428574,26,3626.714285714286,139.48901098901098,568.2857142857143
13237,1.92036568,6,2852.0,475.3333333333333,1201.3023255813953
13239,36.03244342,29,53513.0,1845.2758620689656,5892.0
13243,37.729356432988205,49,56033.1428891618,1143.5335283502409,5688.000003250286
13245,0.4266995188235294,17,633.7058823529412,37.27681660899654,153.2620320855615
13247,0.00988680596273292,4,14.683229813664596,3.670807453416149,14.683229813664596
13249,3.9592392,24,5880.0,245.0,1098.0
13251,51.39598363975722,56,76329.91303020349,1363.0341612536338,7101.391303112801
13253,286.41863608641864,80,425370.00042537,5317.125005317125,41220.00004122
13255,0.06716861824561404,6,99.75438596491229,16.625730994152047,37.824561403508774
13259,82.78445947443109,29,122945.99975410801,4239.517232900276,32435.999935128002
13261,11.507898553846154,41,17090.76923076923,416.84803001876173,2479.3846153846152
13263,36.97848604604303,17,54917.99989016401,3230.4705817743534,14255.999971488001
13265,0.0,0,0.0,,
13267,39.16915389992758,65,58171.43478766682,894.9451505794896,4436.608696037966
13269,21.95431190474389,19,32605.090897234513,1716.0574156439218,8029.09090617124
13271,363.1187966524752,51,539280.00215712,10574.117689355295,57348.000229392004
13273,121.56884339686233,46,180545.99963890802,3924.9130356284354,27515.999944968
13275,11.331031905633804,97,16828.098591549297,173.48555249019893,1991.605633802817
13277,6.030631979993038,53,8956.295452509934,168.98670665113082,1220.5227269953357
13279,25.17508077090909,52,37388.36363636364,719.0069930069931,3755.6363636363635
13283,0.0,0,0.0,,
13285,0.042514176202531645,7,63.139240506329116,9.01989150090416,28.075949367088608
13287,25.442376346666666,43,37785.33333333333,878.7286821705425,4448.0
13289,15.258653940147802,20,22661.14287009208,1133.057143504604,6512.571432292898
13293,1.227444224864865,16,1822.9189189189187,113.93243243243242,1198.162162162162
13297,0.0122573739431458,4,18.203840471598003,4.550960117899501,16.909896601659682
13299,64.154353852,90,95277.8,1058.6422222222222,7536.0
13301,16.1844003047376,10,24036.000096144,2403.6000096144,10836.000043344
13303,1.3403138763636364,17,1990.5454545454545,117.0909090909091,876.9090909090909
13305,19.23497331109879,89,28566.509209461474,320.9720135894548,1739.190184475875
13307,0.0,0,0.0,,
13309,0.0,0,0.0,,
13315,0.0,0,0.0,,
13317,1.7713330933333333,6,2630.6666666666665,438.4444444444444,1041.3333333333333
13319,0.0,0,0.0,,
13321,30.450713792238354,56,45223.38460842717,807.5604394361995,3704.7692301992665
22001,87.94624473519818,145,130611.94156770455,900.7720108117555,11624.145982007549
22003,76.53767953709024,123,113668.69566205815,924.1357370899036,7370.086957162616
22005,36.59339843854922,119,54346.0932642487,456.6898593634345,5518.424870466321
22007,169.013457384,134,251007.6,1873.1910447761195,17704.8
22009,194.788643248,75,289287.2,3857.1626666666666,39986.4
22011,90.61301875177774,136,134572.45782483998,989.5033663591175,8150.168674306015
22013,7.693133946666667,10,11425.333333333332,1142.5333333333333,5946.0
22015,0.2853532162969077,6,423.78770947353144,70.63128491225524,281.07821227480014
22017,0.9481114684256811,7,1408.0723979351903,201.1531997050272,670.7511311003165
22019,19.431903491461846,166,28858.976878637604,173.84925830504582,2738.893681744563
22021,22.986929813333333,19,34138.666666666664,1796.7719298245613,6372.0
22023,82.85044696,197,123044.0,624.5888324873097,4620.0
22025,4.686042396,46,6959.4,151.29130434782607,1644.8
22027,21.493012800000002,5,31920.0,6384.0,31032.0
22029,13.076562062222223,53,19420.444444444445,366.42348008385744,3649.777777777778
22031,1.6835168452501412,12,2500.2477875221152,208.3539822935096,1009.3805309377211
22033,11.836923718577745,115,17579.41562743598,152.86448371683463,3488.536411458519
22035,0.0,0,0.0,,
22037,50.853426351428574,96,75524.14285714286,786.7098214285714,4132.285714285715
22039,115.57861863365409,110,171649.71431023566,1560.4519482748697,15661.714287951672
22041,10.539276110461346,14,15652.235290434766,1118.0168064596262,5856.705880974892
22043,271.43735925485015,37,403120.79967750335,10895.156748040632,42647.9999658816
22045,42.32222697286421,137,62854.17021543976,458.7895636163486,18842.936171014593
22047,33.76924408923077,128,50151.846153846156,391.8112980769231,3939.1794871794873
22049,0.0,0,0.0,,
22051,46.575910508836884,174,69171.45945411958,397.5371232995378,15306.718145536162
22053,80.00353616434782,151,118815.95652173914,786.8606392168155,7766.086956521739
22055,17.568528568935204,150,26091.615779450505,173.9441051963367,3966.617035701355
22057,52.71717961306436,190,78292.0658405328,412.06350442385684,4428.677116542781
22061,1.1864487059649125,6,1762.0350877192984,293.6725146198831,1175.7894736842106
22063,30.68987552646402,117,45578.571786117,389.5604426163846,2460.846347483081
22065,11.118190057763622,12,16511.999966976004,1375.9999972480002,11591.999976816001
22067,12.607863006324415,6,18724.363629554777,3120.727271592463,11133.81817776952
22069,9.38206439918397,42,13933.621052044984,331.75288219154726,2451.410526212572
22071,36.58377610667718,122,54331.80281384914,445.3426460151569,9593.459154389102
22073,2.6916268813913042,9,3997.426086956522,444.1584541062802,1135.7217391304348
22075,60.8685893227666,164,90398.00000410878,551.2073170982243,5360.590909334573
22077,66.992481952,113,99492.8,880.4672566371681,7644.6
22079,31.84819032713849,81,47298.824259866466,583.93610197366,8113.255228767655
22081,24.035005948771996,11,35695.19997144384,3245.0181792221674,13672.799989061761
22083,4.303690017777778,10,6391.555555555556,639.1555555555556,2568.0
22085,26.811354438107053,46,39818.448982842325,865.6184561487462,6979.10204138605
22087,25.21239867375749,122,37443.78571562285,306.91627635756436,5004.750000178741
22089,68.89243632708718,133,102314.4864809564,769.2818532402737,17356.378377440196
22091,190.4306521,82,282815.0,3448.9634146341464,13063.0
22093,47.69002092673063,117,70826.06250442663,605.3509615762961,10282.87500064268
22095,58.76344148647551,124,87271.57377621335,703.8030143243012,19699.475411127834
22097,116.23690130429209,141,172627.35216130348,1224.3074621369042,15785.830990362205
22099,234.5347961777778,167,348315.55555555556,2085.721889554225,21003.777777777777
22101,105.06770063568204,160,156039.59461146232,975.2474663216395,26598.810813686356
22103,21.579043375279163,127,32047.766916088694,252.34462138652515,2962.3646615427683
22105,3.258354318867218,96,4839.092165721951,50.40721005960365,1724.5603686000163
22107,0.0,0,0.0,,
22109,45.899029108,177,68166.2,385.1197740112994,5434.56
22111,102.13625103572751,6,151685.99969662802,25280.999949438003,68315.99986336801
22113,34.62030768421053,176,51415.78947368421,292.13516746411483,4513.473684210527
22115,147.6979577034311,88,219351.23073548445,2492.6276219941415,25355.99999609908
22117,478.89906971955963,91,711229.2002844916,7815.705497631776,61694.40002467776
22119,0.2154688,4,320.0,80.0,252.0
22121,34.72605159666667,103,51572.833333333336,500.70711974110037,3729.0833333333335
22123,0.0,0,0.0,,
22125,14.48926679,88,21518.5,244.5284090909091,1503.0
22127,351.54812204619253,29,522096.002088384,18003.310416840828,88404.00035361601
23001,0.04225114458572639,2,62.74860335896633,31.374301679483164,54.000000006033524
23005,0.05333427896180335,3,79.20854094781737,26.40284698260579,55.601423503374065
23009,0.02700841555555556,2,40.111111111111114,20.055555555555557,39.111111111111114
23011,0.04116156696004246,3,61.13043478783743,20.37681159594581,32.139130437577315
23013,0.13705835703426458,4,203.5500000508875,50.88750001272187,86.02500002150624
23015,0.12692885161343576,4,188.50632906620092,47.12658226655023,115.6708860466656
23017,0.00067334,1,1.0,1.0,1.0
23019,0.02782118454292535,2,41.31818181442562,20.65909090721281,41.31818181442562
23023,0.1399570333968823,4,207.85492232287152,51.96373058071788,102.15544043567989
23025,0.01077344,1,16.0,16.0,16.0
23027,0.1510353414962139,4,224.3076922449489,56.076923061237224,217.51048944964742
23029,0.01242161552312965,2,18.44776119513121,9.223880597565605,18.44776119513121
23031,0.05856017575757576,3,86.96969696969697,28.98989898989899,70.96969696969697
24003,0.15869946847542576,7,235.68994635017341,33.66999233573906,94.16730624533147
24009,0.5430453766121567,11,806.4950494730101,73.31773177027365,490.3366336439471
24011,1.3410193788921343,9,1991.5932202039596,221.28813557821775,809.6949151993426
24013,0.07246174307692307,3,107.61538461538461,35.87179487179487,63.46153846153846
24015,0.0720892394975425,4,107.06216695509328,26.76554173877332,59.27531083060211
24017,0.03246704,12,48.217898832684824,4.018158236057069,11.206225680933851
24019,2.1835169274074073,12,3242.814814814815,270.2345679012346,861.3333333333334
24021,0.00471338,5,7.0,1.4,3.0
24025,0.13322572751515688,4,197.8580323687244,49.4645080921811,113.33499376770436
24027,0.01666688465313749,5,24.75255391501691,4.9505107830033825,16.467650396528143
24029,0.3805717679695542,7,565.199999954784,80.7428571363977,197.99999998415998
24031,0.00404004,4,6.0,1.5,3.0
24033,0.025498717455015436,9,37.86900741826631,4.207667490918478,10.452397026211372
24035,0.16382362197952205,8,243.29999996958747,30.412499996198434,83.92499998950937
24037,0.7648939128701727,12,1135.9698114922219,94.66415095768515,297.2377358939227
24039,4.919944222442445,13,7306.775510800554,562.0596546769657,2533.4693879619163
24041,0.5870842935222571,9,871.8987339564812,96.8776371062757,543.569620115552
24043,0.0,1,0.0,0.0,0.0
24045,0.9150642156958679,14,1358.992805560145,97.0709146828675,320.37410067332746
24047,1.012532171864407,14,1503.7457627118645,107.41041162227603,329.2881355932203
25001,0.02554080082191781,15,37.93150684931507,2.5287671232876714,9.242009132420092
25003,0.030144913855429202,4,44.76923078300591,11.192307695751477,34.338461549027215
25005,0.03192694768578457,11,47.415789476021885,4.310526316001989,16.40526315875817
25007,0.00538672,7,8.0,1.1428571428571428,3.0
25009,0.008448068139534885,3,12.546511627906977,4.182170542635659,5.127906976744186
25011,0.00134668,2,2.0,1.0,1.0
25013,0.031566714304635764,4,46.88079470198676,11.72019867549669,26.490066225165563
25015,0.013520821548827604,3,20.080229228662493,6.693409742887497,9.111747852047193
25017,0.00471338,8,7.0,0.875,3.0
25021,0.0101001,7,15.0,2.142857142857143,6.0
25023,0.047975609146550524,10,71.25019922557775,7.125019922557774,32.18486056802705
25025,0.00269336,5,4.0,0.8,3.0
25027,0.008357285826946458,6,12.41168774608141,2.068614624346902,3.0
28001,48.08724944,37,71416.0,1930.162162162162,11414.0
28003,0.812358812557649,1,1206.4615388327575,1206.4615388327575,1206.4615388327575
28005,0.0,0,0.0,,
28007,12.793460000000001,5,19000.0,3800.0,10436.0
28009,0.0,0,0.0,,
28011,3.050230201220092,2,4530.000001812,2265.000000906,3540.000001416
28013,0.0,2,0.0,0.0,0.0
28015,0.0,0,0.0,,
28017,0.0,1,0.0,0.0,0.0
28019,1.1850784,6,1760.0,293.3333333333333,980.0
28021,0.0,0,0.0,,
28023,0.0,0,0.0,,
28025,0.06625665594699467,2,98.39999992128,49.19999996064,98.39999992128
28027,0.1553861538222483,2,230.76923073372785,115.38461536686393,163.3846153594793
28029,100.51215510974393,31,149273.999925363,4815.290320173,27746.9999861265
28031,0.0,0,0.0,,
28033,0.0056525581298701305,2,8.394805194805194,4.197402597402597,5.849350649350649
28035,16.96770056296186,82,25199.30579345035,307.3086072371994,1454.0826451087876
28037,0.0,0,0.0,,
28039,86.639465808,108,128671.2,1191.3999999999999,11789.6
28041,524.9506764300987,79,779621.998440756,9868.63289165514,59345.999881308
28043,7.789197151156789,2,11568.000046272,5784.000023136,11568.000046272
28045,14.073327293215499,113,20900.77419017955,184.96260345291637,2821.7903221255174
28047,8.663341595286756,117,12866.221515559384,109.96770526119131,2196.393801676644
28049,2.340610478960333,13,3476.1197596464385,267.3938276651107,1279.8323350227947
28051,1.576000365714286,5,2340.5714285714284,468.1142857142857,1556.5714285714287
28053,0.0,0,0.0,,
28055,0.0,0,0.0,,
28059,21.44840011023256,126,31853.74418604651,252.80749354005167,5679.53488372093
28061,167.59432600000002,41,248900.0,6070.731707317073,18184.0
28063,0.0,0,0.0,,
28065,0.0,0,0.0,,
28067,82.20743652135523,61,122089.04345702799,2001.4597288037376,8705.73912892074
28069,0.0,0,0.0,,
28071,0.02380651801003527,2,35.355864808321606,17.677932404160803,35.355864808321606
28073,38.92003956533333,68,57801.46666666667,850.021568627451,3055.2
28075,12.461727826666667,22,18507.333333333332,841.2424242424241,4823.333333333333
28077,0.0,0,0.0,,
28079,0.0,0,0.0,,
28081,0.003305487273585841,1,4.909090910365998,4.909090910365998,4.909090910365998
28083,0.16070381333333333,3,238.66666666666666,79.55555555555556,238.66666666666666
28085,159.7472217038989,47,237246.0000948984,5047.787236061668,26101.20001044048
28087,0.013238900311765816,3,19.661538467588166,6.553846155862722,19.661538467588166
28089,0.23718614583994113,5,352.25316458244146,70.45063291648829,106.76311031513657
28091,859.3488266013024,63,1276247.997447504,20257.904721388953,125357.999749284
28093,0.06101763639497002,1,90.6193548504025,90.6193548504025,90.6193548504025
28095,0.0,1,0.0,0.0,0.0
28097,0.03756066173752664,4,55.78260869327032,13.94565217331758,54.78260869327032
28099,131.13161884452649,11,194748.000778992,17704.36370718109,78636.000314544
28101,55.90338016,22,83024.0,3773.818181818182,12724.0
28103,14.972388299889554,9,22236.000088944,2470.6666765493337,12936.000051744
28105,0.2057971890909091,4,305.6363636363636,76.4090909090909,305.6363636363636
28107,7.731020547092408,2,11481.60000459264,5740.80000229632,11481.60000459264
28109,21.017382771287284,111,31213.625763042866,281.2038357030889,3021.6073615924406
28111,0.0,0,0.0,,
28113,219.49052523979623,57,325972.8001303891,5718.821054919107,44035.20001761408
28115,0.05881546604377603,2,87.34883720523959,43.674418602619795,87.34883720523959
28117,0.2681117453570503,1,398.1818180370248,398.1818180370248,398.1818180370248
28119,4.896528470206944,2,7271.999985456001,3635.9999927280005,7217.999985564001
28121,2.7159905062059466,20,4033.609329916456,201.6804664958228,1187.4752187973734
28123,13.641301379713958,22,20259.15789900193,920.8708135909968,4282.105264059391
28125,0.0,0,0.0,,
28127,32.67853688,34,48532.0,1427.4117647058824,8592.0
28129,0.0,0,0.0,,
28131,38.425897784,97,57067.6,588.3257731958763,4024.4
28133,0.4322842801080711,2,642.0000001605,321.00000008025,642.0000001605
28135,23.173669532694678,1,34416.000137664,34416.000137664,34416.000137664
28137,0.3324882042105263,2,493.7894736842105,246.89473684210526,481.05263157894734
28139,3.481706473392683,1,5170.80000206832,5170.80000206832,5170.80000206832
28141,0.0,1,0.0,0.0,0.0
28143,0.13296220533333336,2,197.46666666666667,98.73333333333333,140.8
28145,1.2795044326401166,1,1900.2352936705327,1900.2352936705327,1900.2352936705327
28147,0.0,0,0.0,,
28149,13.43515302,9,19953.0,2217.0,7558.0
28151,6.135204746454082,4,9111.60000364464,2277.90000091116,9111.60000364464
28153,97.6246809129284,65,144985.71436856326,2230.5494518240503,15792.000009024
28155,0.12423122993788438,2,184.49999990775,92.249999953875,98.9999999505
28157,0.0,0,0.0,,
28159,34.5908226183633,9,51372.000205488,5708.0000228320005,29508.000118032003
28161,0.8753420000000001,1,1300.0,1300.0,1300.0
28163,6.122680620000001,7,9093.0,1299.0,3737.0
33001,0.0,2,0.0,0.0,0.0
33003,0.0007242648739495799,1,1.0756302521008403,1.0756302521008403,1.0756302521008403
33013,0.0,1,0.0,0.0,0.0
33015,0.028362600573154418,4,42.122257066496005,10.530564266624001,20.53918495941667
33017,0.018592255583596215,3,27.61198738170347,9.203995793901157,25.48895899053628
34001,0.038765145714285715,8,57.57142857142857,7.196428571428571,22.964285714285715
34005,0.0033810330127461386,6,5.021286441836425,0.8368810736394042,2.021286441836425
34007,0.002403651827179973,4,3.569744597350481,0.8924361493376203,2.569744597350481
34009,0.0280384304002745,7,41.640820982378145,5.948688711768306,19.3751425322406
34011,0.08985348222222223,6,133.44444444444446,22.240740740740744,47.44444444444444
34015,0.009756677306590258,4,14.48997134670487,3.6224928366762175,5.237822349570201
34021,0.0,1,0.0,0.0,0.0
34023,0.0008116975342465754,2,1.2054794520547945,0.6027397260273972,1.2054794520547945
34025,0.006221282252739727,4,9.239436618557825,2.3098591546394562,4.37746478811585
34029,0.004806317320703654,6,7.138024357239513,1.1896707262065855,1.7889039242219216
34033,0.026876897683078868,4,39.91578947200354,9.978947368000885,14.52631578886205
34035,0.00067334,1,1.0,1.0,1.0
36021,0.020913148241445044,2,31.05882353854671,15.529411769273356,29.29411765567474
36027,0.016603261160219145,3,24.65806451453819,8.219354838179397,14.38064516036254
36047,0.0,1,0.0,0.0,0.0
36059,0.00134668,2,2.0,1.0,1.0
36079,0.005576393241007434,2,8.28169014317794,4.14084507158897,8.28169014317794
36085,0.0,1,0.0,0.0,0.0
36103,0.10836633405710092,15,160.9385066342426,10.729233775616173,57.6632503829175
36119,0.00067334,3,1.0,0.3333333333333333,1.0
37001,0.031240682384428224,6,46.39659367396594,7.732765612327657,24.632603406326034
37003,0.10632813238561671,2,157.911504419189,78.9557522095945,157.911504419189
37007,1.3718506735543166,14,2037.3818183299916,145.52727273785655,724.5818182345151
37013,13.979548410000001,64,20761.5,324.3984375,2134.777777777778
37015,20.317009853940608,38,30173.478263493344,794.0389016708774,4619.739130836499
37017,7.145636534339623,61,10612.22641509434,173.97092483761213,1131.1698113207547
37019,3.5497378726798687,75,5271.835733329178,70.2911431110557,372.30039269452226
37023,0.0,1,0.0,0.0,0.0
37025,0.0,3,0.0,0.0,0.0
37029,3.1950944914285717,46,4745.142857142857,103.15527950310559,404.22857142857146
37031,9.997491625369264,101,14847.612833589665,147.0060676593036,1475.1529411133624
37033,0.1424488177777778,5,211.55555555555554,42.31111111111111,138.22222222222223
37035,0.012180239642857143,2,18.089285714285715,9.044642857142858,18.089285714285715
37037,0.3399808333327528,14,504.91703052358804,36.06550218025629,198.5764191966309
37041,14.536905595,39,21589.25,553.5705128205128,2162.5
37045,0.013706339608355201,4,20.35574837133573,5.088937092833932,16.216919738289207
37047,169.71703035000002,73,252052.5,3452.77397260274,16433.0
37049,10.251893048433,77,15225.432988435265,197.73289595370474,1757.4185565560892
37051,1.9802606196800001,37,2940.952,79.4851891891892,420.448
37053,0.09118342027972028,47,135.41958041958043,2.881267668501711,32.41958041958042
37055,5.404286732193681,81,8026.088947921823,99.08751787557806,1819.9892181326156
37057,0.0,1,0.0,0.0,0.0
37059,0.0,1,0.0,0.0,0.0
37061,32.056330511027966,50,47607.94028429614,952.1588056859229,4578.089550872212
37063,0.019984870274603998,10,29.680206544396587,2.9680206544396586,16.6678141158923
37065,1.1591144095074863,24,1721.4399998626047,71.72666666094186,381.1199999695104
37067,0.0,1,0.0,0.0,0.0
37069,0.7430860913924051,18,1103.5822784810127,61.310126582278485,368.62025316455697
37071,0.00067334,5,1.0,0.2,1.0
37073,58.4247498690215,28,86768.5714037804,3098.877550135014,14215.714281652652
37077,0.4844649835061248,9,719.4953270355612,79.94392522617346,268.06542053569484
37079,11.406120623954319,32,16939.615385918434,529.3629808099511,2770.615384828509
37081,0.00134668,3,2.0,0.6666666666666666,1.0
37083,6.786030703402572,20,10078.163637096523,503.9081818548261,2993.4545456722512
37085,0.7716450503790331,24,1145.9961540663455,47.749839752764395,164.85000003170194
37091,53.24611114140311,33,79077.59993673793,2396.2909071738763,13600.79998911936
37093,1.4425016884637565,29,2142.30802932212,73.87269066628001,378.6569343286807
37095,25.175070120839116,83,37388.34781958463,450.4620219227064,3691.3043471841206
37097,0.030621643328773065,2,45.477237842357596,22.738618921178798,45.477237842357596
37101,0.7562261457268339,24,1123.0970174456202,46.795709060234174,176.7574559573471
37103,17.288470658461538,59,25675.69230769231,435.1812255541069,1981.8461538461538
37105,0.08028405069247416,15,119.2325581318118,7.948837208787453,31.734219266994405
37107,12.687982202347921,43,18843.35135644388,438.2174734056716,1899.3243248376552
37109,0.0007419298709177578,3,1.1018651363616565,0.3672883787872188,1.1018651363616565
37111,0.00067334,2,1.0,0.5,1.0
37117,0.0,0,0.0,,
37119,0.00134668,5,2.0,0.4,1.0
37123,0.3189289547826087,8,473.6521739130435,59.20652173913044,218.95652173913044
37125,0.01952686,19,29.0,1.5263157894736843,3.0
37127,1.1177497866305801,19,1660.0079998671995,87.36884209827366,474.0479999620762
37129,2.8472874549782703,60,4228.602867761117,70.47671446268528,1490.022472141034
37131,32.88117260402796,24,48832.94116498048,2034.7058818741868,12981.882349886615
37133,5.47315826795286,69,8128.372394262719,117.80249846757565,454.24719115706165
37135,0.01034788912,8,15.368,1.921,6.048
37137,14.942937480562883,68,22192.261681413376,326.35678943254965,1609.4579438650671
37139,2.442217382745098,44,3627.0196078431372,82.43226381461676,376.0
37141,8.560841904201888,72,12713.995758757666,176.58327442718982,1164.381760388733
37143,0.8552296270308309,40,1270.1304348929677,31.753260872324194,135.9130434900794
37145,0.5976398994478712,5,887.5752212075195,177.5150442415039,535.1150442288455
37147,2.1727355844824685,43,3226.8030779137853,75.04193204450664,338.96307702737323
37149,0.00067334,3,1.0,0.3333333333333333,1.0
37151,0.08737546585551331,6,129.7642585551331,21.627376425855516,63.96958174904943
37153,4.102735435555556,23,6093.111111111111,264.9178743961353,1682.0
37155,13.266220607153262,43,19702.112761982447,458.18866888331274,2314.3264097702468
37157,0.0,2,0.0,0.0,0.0
37159,0.0,2,0.0,0.0,0.0
37161,0.007661423006769208,4,11.378238344327098,2.8445595860817745,7.150259068839433
37163,14.726512260634921,45,21870.841269841272,486.0186948853616,2561.84126984127
37165,13.764281612786494,27,20441.80000116805,757.1037037469648,3304.800000188846
37167,0.004953727520975884,3,7.356948229684681,2.4523160765615604,7.356948229684681
37169,0.0,1,0.0,0.0,0.0
37171,0.0,1,0.0,0.0,0.0
37177,36.246504314092185,63,53830.909071334216,854.4588741481622,3883.6363622241324
37179,0.00134668,4,2.0,0.5,1.0
37181,3.269997307576439,7,4856.383561909939,693.7690802728484,1798.0273973587962
37183,0.0525215797521149,20,78.00157387369663,3.9000786936848315,16.429667519181585
37185,0.9687857487058824,13,1438.7764705882353,110.67511312217195,470.21176470588233
37187,95.2399027695202,52,141443.99971711202,2720.0769176367694,12347.999975304001
37191,6.411109425691828,32,9521.355371271316,297.54235535222864,1557.8578511366707
37193,0.0009044865668941832,1,1.3432835816885722,1.3432835816885722,1.3432835816885722
37195,1.1198898006287723,25,1663.1862070109783,66.52744828043913,425.17241382242565
37197,0.0,1,0.0,0.0,0.0
42001,0.023109095634981217,3,34.32009925889033,11.440033086296777,33.32009925889033
42011,0.054086426976744185,1,80.32558139534883,80.32558139534883,80.32558139534883
42017,0.0,1,0.0,0.0,0.0
42029,0.027332352578276896,2,40.59220093604553,20.296100468022765,35.833443499228935
42045,0.0027293915715412183,1,4.053511705143342,4.053511705143342,4.053511705143342
42071,0.04526471165764921,2,67.22415370785816,33.61207685392908,39.22781335916662
42075,0.0,1,0.0,0.0,0.0
42077,0.0,1,0.0,0.0,0.0
42091,0.004983272480368445,1,7.400826447810088,7.400826447810088,7.400826447810088
42107,0.0,1,0.0,0.0,0.0
42133,0.07155657190636047,3,106.27108430564124,35.42369476854708,82.88855419190104
44003,0.058726398853503184,8,87.21656050955414,10.902070063694268,24.45859872611465
44005,0.7713897651392081,8,1145.6170213253454,143.20212766566817,319.02127660932007
44007,0.01885004917445962,8,27.99484535963944,3.49935566995493,10.036082473709481
44009,0.11143019220440427,10,165.48874595955127,16.548874595955127,54.63665594152583
45001,0.7284331433733608,5,1081.8206899536058,216.36413799072116,473.1310346132775
45003,0.25920465706493406,28,384.9536000607926,13.748342859314022,95.27520001524404
45005,36.93202564153399,53,54848.999972575504,1034.8867919353868,25031.999987484
45007,0.28583524445763675,4,424.50358579267044,106.12589644816761,186.0239044417606
45009,34.15009083121815,45,50717.45452701183,1127.0545450447073,14067.272722157355
45011,34.38545378,39,51067.0,1309.4102564102564,14382.666666666666
45013,4.970728776052631,88,7382.1973684210525,83.88860645933015,3836.6973684210525
45015,3.3430931184542887,75,4964.940622054665,66.1992082940622,552.2714420358153
45017,6.688454555,42,9933.25,236.50595238095238,1852.25
45019,2.3328107326766045,89,3464.536092726712,38.92737182839002,957.0288740093387
45021,0.4635945899072811,4,688.4999998623,172.124999965575,482.69999990345997
45023,0.031118821110614304,7,46.21561337602742,6.602230482289632,30.066914493670346
45025,0.7425918582736327,30,1102.848276166027,36.761609205534235,179.58620694609274
45027,14.90753496631579,56,22139.684210526313,395.35150375939844,2056.4210526315787
45029,65.97331452272267,81,97979.19999216245,1209.61975298966,14056.559998875475
45031,9.784614312307692,40,14531.461538461539,363.2865384615385,2082.9538461538464
45033,19.577803917114494,45,29075.658533748912,646.1257451944202,2877.365853377818
45035,3.7295858946879656,69,5538.934111575081,80.27440741413162,671.0892410118068
45037,0.24356307452896422,9,361.72375698601627,40.191528554001806,138.69613262733617
45039,1.5041379692968855,11,2233.846153944345,203.07692308584956,653.8021978309364
45041,0.6098308171689498,56,905.6803652968036,16.17286366601435,141.46118721461187
45043,13.095554093610623,81,19448.650152390506,240.10679200482107,2177.089783012125
45045,0.061681554402144775,5,91.6053619302949,18.32107238605898,43.88847184986595
45047,0.3531790409022133,8,524.5181348237344,65.5647668529668,242.42487051656477
45049,141.5468414835529,65,210216.00006468187,3234.092308687413,48077.53847633155
45051,2.6432503096397997,80,3925.5804046095577,49.069755057619474,590.613651816562
45053,2.061218197919088,79,3061.184836663629,38.74917514764088,610.735017874156
45055,1.0143531114856474,26,1506.4501017103503,57.94038852732116,319.47861504525633
45057,0.1409157121368952,14,209.27868853312617,14.948477752366156,71.02868852750117
45059,0.16551803169082127,6,245.81642512077295,40.969404186795494,122.06763285024155
45061,39.19467250666667,37,58209.333333333336,1573.2252252252254,9319.333333333334
45063,0.4052201022886573,25,601.8060746259798,24.072242985039193,213.78504667902217
45065,0.031790243829787235,7,47.212765957446805,6.744680851063829,21.27659574468085
45067,2.5022377569737313,55,3716.1578949323243,67.56650718058772,318.78947370098894
45069,20.617670800000003,35,30620.0,874.8571428571429,3764.0
45071,0.314966731273557,6,467.7677418147696,77.96129030246159,173.49677414877502
45073,0.0,1,0.0,0.0,0.0
45075,37.81932524965517,63,56166.75862068965,891.5358511220579,4568.0
45077,0.09831325116666667,3,146.00833333333333,48.669444444444444,71.88333333333334
45079,0.1403200221815215,28,208.39400923979193,7.442643187135426,67.91820277280164
45081,1.5914649878147282,11,2363.538461720272,214.8671328836611,949.384615457645
45083,0.027470077027804414,4,40.7967401725791,10.199185043144775,23.056567593480345
45085,2.4585318025433667,50,3651.248704285156,73.02497408570312,489.54404140004726
45087,0.49444419368421055,5,734.3157894736842,146.86315789473684,368.63157894736844
45089,98.46246971217573,72,146229.94284043086,2030.9714283393175,11010.857141598759
45091,0.003119544611764706,6,4.632941176470588,0.772156862745098,1.6329411764705883
48001,0.0015092103447122938,6,2.2413793101736026,0.3735632183622671,1.2413793101736028
48005,14.21690076,41,21114.0,514.9756097560976,2691.7
48007,54.54172824705883,138,81001.76470588235,586.9693094629156,4208.529411764706
48013,1.6564524714902797,22,2460.0535709898118,111.82061686317326,775.392857004394
48015,2.8317001661628924,57,4205.453658126493,73.77988873906128,848.3121950391891
48021,0.4159920852872746,10,617.8039107839644,61.78039107839644,170.4573600933281
48025,44.808352976,95,66546.4,700.4884210526316,4054.4
48027,0.016772059292364992,3,24.90875232774674,8.302917442582247,22.90875232774674
48029,0.03363652626051724,9,49.95474241916007,5.55052693546223,26.920558499129537
48031,0.4048120081619248,1,601.20000024048,601.20000024048,601.20000024048
48035,0.015082815999999999,1,22.4,22.4,22.4
48039,8.699858863636363,167,12920.454545454546,77.36799129014697,1334.6151515151514
48041,0.11344819696065128,15,168.48575305291723,11.232383536861148,66.3012211668928
48047,0.0,0,0.0,,
48051,2.0714386907207785,8,3076.3636360839673,384.5454545104959,1831.9090907425539
48053,0.023351521885521885,1,34.68013468013468,34.68013468013468,34.68013468013468
48055,0.5194926293020411,12,771.5160681112677,64.29300567593897,480.3175803765835
48057,31.432241240992468,147,46681.084208561006,317.5583959766055,1712.3368420331647
48061,7.482364246732944,115,11112.312125720948,96.62880109322563,2532.3817717166608
48067,0.08618752,2,128.0,64.0,128.0
48071,8.183448929655585,138,12153.516692392528,88.06896153907628,1091.9427662262676
48073,0.43901768,10,652.0,65.2,286.7692307692308
48089,15.175318982735183,78,22537.379307237326,288.94076034919647,3205.655171971634
48091,0.027994405824561405,4,41.575438596491225,10.393859649122806,40.575438596491225
48099,0.018462773469589352,2,27.419689116329568,13.709844558164784,27.419689116329568
48123,77.17015072000001,70,114608.0,1637.2571428571428,7453.333333333333
48131,0.0,0,0.0,,
48139,0.0,2,0.0,0.0,0.0
48145,1.6806566416806565,3,2496.000002496,832.000000832,1512.000001512
48149,16.464041266701905,33,24451.304343573684,740.9486164719298,5373.391303413323
48157,1.6434889735698337,128,2440.8010419250804,19.06875814003969,714.3378814190028
48161,0.016160159967679683,2,23.999999952000003,11.999999976000002,23.999999952000003
48163,0.00538672,2,8.0,4.0,8.0
48167,9.131818479447514,158,13561.972375690608,85.83526820057347,1708.97605893186
48175,51.75614445270246,107,76864.80003074592,718.3626171097749,5762.40000230496
48177,27.779315029898434,34,41255.99998499782,1213.4117642646418,8894.181814947571
48183,0.01996993865698859,1,29.658031094229646,29.658031094229646,29.658031094229646
48185,4.987980294364074,30,7407.818181548807,246.92727271829355,1385.9999999496001
48187,0.17221061976744187,11,255.75581395348837,23.250528541226217,154.4418604651163
48193,0.0,1,0.0,0.0,0.0
48199,30.844430195289657,114,45808.10615036929,401.82549254709903,2568.737430454608
48201,4.657270586587692,131,6916.670013050898,52.79900773321296,1871.5510490914567
48203,0.059507412708682705,4,88.3764705923942,22.09411764809855,66.63529412078285
48209,0.056922400390366425,5,84.53738139775808,16.907476279551616,75.01480075331956
48213,0.0,1,0.0,0.0,0.0
48215,5.714978999891323,87,8487.50853935801,97.55756941790817,1097.098942862407
48217,0.06314893291919084,1,93.78461537884402,93.78461537884402,93.78461537884402
48225,11.16936392,19,16588.0,873.0526315789474,7988.0
48239,0.0,0,0.0,,
48241,77.07853159066667,109,114471.93333333333,1050.2012232415902,10444.8
48245,48.05087338087947,141,71361.97668470531,506.113309820605,19333.0495649368
48247,0.0,0,0.0,,
48249,150.68541192,100,223788.0,2237.88,13208.0
48251,0.0,1,0.0,0.0,0.0
48255,3.1269391646153846,42,4643.923076923077,110.56959706959708,675.3846153846154
48259,0.00067334,1,1.0,1.0,1.0
48261,0.0,0,0.0,,
48273,59.57846988,103,88482.0,859.0485436893204,18701.0
48281,0.0,1,0.0,0.0,0.0
48283,0.07070069996464966,7,104.9999999475,14.9999999925,38.9999999805
48285,61.38436776,80,91164.0,1139.55,7834.666666666667
48287,2.9806517333333336,9,4426.666666666666,491.8518518518518,2240.0
48289,0.0,0,0.0,,
48291,11.697524989286471,124,17372.389861416923,140.09991823723325,1083.1430737571968
48293,0.06701713410187832,4,99.52941174128719,24.882352935321798,99.52941174128719
48297,73.15031092,64,108638.0,1697.46875,7200.0
48309,0.035961933964497046,2,53.40828402366864,26.70414201183432,35.65680473372781
48311,0.0,0,0.0,,
48313,46.95334506781339,13,69732.000278928,5364.000021456,29628.000118512
48315,0.11514113994242943,2,170.9999999145,85.49999995725,170.9999999145
48321,27.81964942627451,164,41315.901960784315,251.92623146819705,1834.2745098039215
48325,0.0,1,0.0,0.0,0.0
48331,0.3892517327070868,4,578.0909090609302,144.52272726523256,317.92207790556245
48339,2.1851380094504633,83,3245.2223385666425,39.09906432008003,526.5030543701628
48347,10.436693045664379,21,15499.8857125143,738.0897958340144,3246.1714282004377
48349,0.00067334,2,1.0,0.5,1.0
48351,0.0,0,0.0,,
48355,9.561405825723678,123,14199.967068232509,115.44688673359764,2882.4910514294943
48361,75.78757454770853,117,112554.68938086038,962.0058921441058,9560.4255335422
48365,7.9858124,9,11860.0,1317.7777777777778,5486.0
48373,4.439030287824827,67,6592.553966532252,98.39632785869033,552.561768559301
48391,28.186012400000003,135,41860.0,310.0740740740741,4918.5
48395,0.0,0,0.0,,
48401,5.777257205777257,5,8580.000008579998,1716.0000017159996,5628.000005628
48403,0.0,0,0.0,,
48405,115.83602664832796,35,172031.999655936,4915.1999901696,23111.999953776
48407,3.1226452819742176,66,4637.546086634119,70.26584979748665,448.21565214273284
48409,13.981928586979471,118,20765.03488130732,175.97487187548577,2487.209302036371
48419,125.217000260868,18,185964.000743856,10331.333374658667,73596.00029438401
48423,0.0,1,0.0,0.0,0.0
48427,0.0,0,0.0,,
48453,0.02090598585596636,5,31.04818643770808,6.209637287541616,16.831259856316805
48455,595.4372577417491,32,884304.0035372161,27634.500110538003,92292.000369168
48457,569.1091222327127,92,845203.1993238374,9186.991296998232,77349.59993812031
48469,83.15858614261903,130,123501.6279184647,950.0125224497284,4746.139535325222
48471,2.1287088305405666,41,3161.4174570656232,77.1077428552591,495.87096770429827
48473,2.4712916315527953,62,3670.198757763975,59.19675415748347,773.0683229813665
48477,0.5679349924324324,23,843.4594594594594,36.67215041128084,353.18918918918916
48479,0.02161942215244403,15,32.107734803285155,2.1405156535523435,12.107734803285156
48481,12.704843517864694,130,18868.392666208296,145.1414820477561,947.4345547754064
48489,37.364085493333334,113,55490.666666666664,491.0678466076696,12917.333333333334
48491,0.025023288984490164,3,37.16293252218814,12.387644174062714,28.075831898612
48493,3.935388000888889,23,5844.577777777778,254.11207729468597,2101.511111111111
48505,0.0,0,0.0,,
51001,0.45289369225448556,16,672.6077349548304,42.0379834346769,140.61878456146272
51003,0.013771049925925927,4,20.451851851851853,5.112962962962963,16.785185185185185
51007,0.020738872000000002,5,30.8,6.16,10.8
51025,0.2101184767793267,9,312.0540540875734,34.67267267639704,93.72972973986268
51029,0.0022725225,4,3.375,0.84375,1.25
51031,0.0,1,0.0,0.0,0.0
51033,0.5000375294339623,11,742.622641509434,67.51114922813036,207.0566037735849
51036,0.01952686,11,29.0,2.6363636363636362,6.0
51037,0.004195426153846154,4,6.230769230769231,1.5576923076923077,4.0
51041,0.025445072041612483,8,37.789336801040314,4.723667100130039,10.95448634590377
51043,0.3097364,2,460.0,230.0,437.6
51047,0.03792884611407729,5,56.329411759404294,11.265882351880858,23.6611764683613
51049,0.3019929899849004,5,448.499999977575,89.699999995515,181.3499999909325
51053,0.01686634585411998,8,25.048780488490184,3.131097561061273,9.219512195571683
51057,4.401517262694577,14,6536.842104575069,466.9172931839335,1660.736841930449
51061,0.19640809848900814,6,291.69230773310386,48.615384622183974,107.74825176332143
51065,0.20434405217391305,5,303.47826086956525,60.69565217391305,120.69565217391305
51069,0.01304673467830061,2,19.376146788102012,9.688073394051006,19.376146788102012
51073,4.639779977394782,20,6890.69411797128,344.534705898564,1422.352941243405
51075,0.02711761838779266,7,40.273291929474944,5.75332741849642,11.552795032491032
51079,0.019091169411764707,4,28.352941176470587,7.088235294117647,25.294117647058822
51081,7.8484510400000005,12,11656.0,971.3333333333334,3219.0
51083,0.007254023711611574,4,10.773195876691677,2.693298969172919,8.41237113436752
51085,0.012445492348993288,7,18.483221476510067,2.6404602109300095,6.0
51087,0.022180394850374534,12,32.940854323780755,2.7450711936483962,7.077765606335648
51089,0.0,1,0.0,0.0,0.0
51093,0.21382343996672007,21,317.5564201840379,15.121734294477996,46.50583656863722
51095,0.027020118549226074,17,40.128491622695925,2.3604995072174075,6.033519553746762
51097,1.63082948,15,2422.0,161.46666666666667,484.0
51099,0.01481348,9,22.0,2.4444444444444446,6.0
51101,0.5972212618604651,13,886.953488372093,68.22719141323793,165.7674418604651
51103,0.9411066409263328,14,1397.6692917787934,99.83352084134239,315.77952765851325
51107,0.0033667000000000002,5,5.0,1.0,3.0
51109,0.45472234529411765,6,675.3235294117648,112.55392156862746,202.2058823529412
51111,0.0142748080020685,5,21.200000003072,4.240000000614399,8.640000001382399
51115,0.018853520000000002,12,28.0,2.3333333333333335,6.0
51117,0.03511930196078431,6,52.15686274509804,8.69281045751634,14.431372549019608
51119,1.9260578326567446,19,2860.4536083653793,150.55018991396733,689.1958763170802
51127,0.01952686,11,29.0,2.6363636363636362,6.0
51131,1.1595735943519805,24,1722.121950800458,71.75508128335242,363.7317072283581
51133,0.036225692000000004,14,53.8,3.8428571428571425,14.4
51135,0.02324794947368421,4,34.526315789473685,8.631578947368421,14.526315789473685
51137,0.02034402019608453,5,30.21359223584598,6.042718447169196,8.708737864923178
51139,0.08351058290646085,3,124.0243902136526,41.341463404550865,63.3658536430815
51141,0.0,1,0.0,0.0,0.0
51143,0.011334556666666667,2,16.833333333333332,8.416666666666666,16.833333333333332
51145,0.2874810492273672,7,426.9478261017721,60.99254658596744,123.0260869608009
51147,0.00202002,3,3.0,1.0,1.0
51149,0.3042374566666667,14,451.8333333333333,32.273809523809526,125.0
51153,0.0348370350826111,8,51.73765866072281,6.467207332590351,14.064880108867454
51157,0.09173267295196855,5,136.23529413367476,27.24705882673495,80.47058824476125
51165,0.0,2,0.0,0.0,0.0
51171,0.00134668,3,2.0,0.6666666666666666,1.0
51175,6.381916520000001,24,9478.0,394.9166666666667,1590.4
51177,0.2786532350903548,11,413.8373408535877,37.62157644123525,135.2588401620787
51179,0.31342205056104405,10,465.4736842621024,46.54736842621024,141.20775624833328
51181,0.24240240000000002,20,360.0,18.0,64.0
51183,5.137537762049996,19,7629.9310334303555,401.5753175489661,1891.862068704571
51187,0.005259973646454915,3,7.8117647049854675,2.6039215683284893,3.811764704985467
51193,1.1280158958414577,13,1675.2545457591373,128.8657342891644,476.8363637230612
51199,0.4296701365624963,19,638.1176471953193,33.58513932606943,109.34759360627756
51550,0.36945387567839194,26,548.6884422110553,21.103401623502126,74.41206030150754
51590,0.0,1,0.0,0.0,0.0
51630,0.07075529514278436,7,105.08108109244121,15.011583013205888,35.027027030813734
51650,0.8238116858340122,20,1223.4705881635016,61.17352940817508,211.76470586989618
51670,0.0808008,9,120.0,13.333333333333334,25.714285714285715
51683,0.2796605466666667,4,415.33333333333337,103.83333333333334,178.0
51700,0.2866338724137931,21,425.6896551724138,20.27093596059113,69.24137931034483
51710,0.07807976849315068,21,115.95890410958904,5.521852576647097,16.767123287671232
51730,0.24452513288964492,10,363.15254238519157,36.31525423851916,98.23728813892329
51740,0.2654575616,20,394.24,19.712,53.76
51800,0.05719825258716797,24,84.9470588219443,3.539460784247679,26.947058821944292
51810,0.1953413935135135,30,290.1081081081081,9.67027027027027,28.216216216216218
51840,0.003196515164975671,1,4.747252747461418,4.747252747461418,4.747252747461418
