fips,median_weighted_damage,median_recovery_months,max_weighted_damage,max_recovery_months,damage_ratio,recovery_ratio
01001,1836.5,99.71945699552589,3291.0,178.6968325468422,1.7919956438878302,1.79199564388783
01003,13346.0,41.244398665077966,360389.0,1113.7440124763064,27.003521654428294,27.003521654428294
01005,1058.5,373.5882353380692,11880.0,4192.941176963876,11.22342938119981,11.223429381199814
01007,986.0,739.500000184875,1924.0,1443.0000003607502,1.9513184584178498,1.95131845841785
01013,1032.0,952.6153849084972,13226.0,12208.615388371883,12.815891472868216,12.815891472868218
01017,731.5,204.13953490271064,2240.0,625.1162791279178,3.062200956937799,3.062200956937799
01021,268.0,128.6400000205824,340.0,163.20000002611198,1.2686567164179106,1.2686567164179103
01025,210.0,360.0000002057143,3354.0,5749.714288999837,15.971428571428572,15.971428571428572
01027,80.0,106.66666666666669,80.0,106.66666666666669,1.0,1.0
01031,1323.5,115.92700726542277,13397.0,1173.4598536719825,10.122402720060446,10.122402720060446
01035,650.0,7800.0000312,6686.0,80232.00032092801,10.286153846153846,10.286153846153848
01039,1728.0,1595.0769235677162,34617.0,31954.153855985896,20.03298611111111,20.03298611111111
01041,736.0,2208.000002208,9175.0,27525.000027525,12.466032608695652,12.466032608695652
01045,2931.0,925.5789472709918,19680.0,6214.73684145108,6.714431934493347,6.714431934493346
01047,348.0,596.5714289123265,3905.0,6694.28571811102,11.221264367816092,11.221264367816092
01051,504.0,65.73913043192438,6205.0,809.3478260517675,12.311507936507937,12.311507936507937
01053,2588.0,1725.3333333333335,29153.0,19435.33333333333,11.26468315301391,11.264683153013907
01061,3193.0,982.4615384615385,34097.0,10491.384615384615,10.678672095208269,10.678672095208269
01063,814.0,2442.000002442,1887.0,5661.000005661,2.3181818181818183,2.318181818181818
01065,1198.5,1307.4545449791076,2486.0,2711.999999013818,2.0742594910304546,2.0742594910304546
01067,2122.5,358.7323943459869,24832.0,4196.957746242425,11.699411071849234,11.699411071849235
01069,3356.5,86.99352052587417,32057.0,830.8509719940259,9.550722478772531,9.55072247877253
01073,1209.5,7.203878901285926,2362.0,13.407757802571853,1.9528730880529144,1.8611858953068332
01081,930.0,6.006458558881907,15229.0,98.35737354108878,16.3752688172043,16.3752688172043
01087,447.0,1072.79999914176,5435.0,13043.9999895648,12.158836689038031,12.158836689038031
01097,6093.5,43.576877245191156,695329.0,4972.555424308119,114.10995322885042,114.10995322885042
01099,889.0,226.978723384938,5559.0,1419.319148815377,6.253093363329584,6.253093363329583
01101,828.0,21.60000000187826,10812.0,282.05217393756976,13.057971014492754,13.057971014492754
01107,23.0,137.999999724,43.0,257.999999484,1.8695652173913044,1.8695652173913044
01109,1675.0,478.57142857142856,10371.0,2963.1428571428573,6.191641791044776,6.191641791044777
01113,561.0,36.78688524590164,8595.0,563.6065573770492,15.320855614973262,15.320855614973263
01117,629.0,7.64741641337386,629.0,7.64741641337386,1.0,1.0
01119,845.0,2535.000002535,2270.0,6810.00000681,2.6863905325443787,2.6863905325443787
01123,119.5,6.5779816501691775,1138.0,62.6422018233684,9.523012552301255,9.523012552301255
01125,1535.5,29.623794214123716,2417.0,46.63022508338458,1.574080104200586,1.574080104200586
01127,882.0,294.0,882.0,294.0,1.0,1.0
01131,168.0,504.000000504,4920.0,14760.00001476,29.285714285714285,29.285714285714285
10001,1588.0,15.866777690546805,34314.0,342.8542882074452,21.60831234256927,21.608312342569267
10003,42.0,1.0,3881.0,34.06876370619788,92.4047619047619,34.06876370619788
10005,12135.0,33.44510794978825,48651.0,134.08635738484946,4.009147095179234,4.009147095179234
12001,7454.5,50.425028196262694,372047.0,2516.6651640398345,49.90904822590382,49.90904822590382
12003,4715.5,571.5757575757575,40990.0,4968.484848484848,8.692609479376523,8.692609479376525
12005,8053.0,39.076425400578486,316097.0,1533.830974772961,39.25207997019744,39.252079970197435
12007,3868.0,499.0967741935484,41518.0,5357.1612903225805,10.733712512926576,10.733712512926576
12009,20613.0,53.7496740547588,715749.0,1866.3598435462843,34.723184398195315,34.723184398195315
12011,18086.0,102.810042614342,1640532.0,9325.620083500591,90.70728740462236,90.70728740462235
12013,2464.0,985.6,21557.0,8622.8,8.748782467532468,8.748782467532466
12015,12471.0,32.63947655682787,553292.0,1448.0924755898009,44.36628979231818,44.36628979231818
12017,18783.5,92.2644289958681,425927.0,2092.150634808376,22.675592940612773,22.67559294061278
12019,20625.0,131.92963755478243,222951.0,1426.1257998776389,10.809745454545455,10.809745454545457
12021,6866.0,23.40681818447805,1305911.0,4451.969318687724,190.1996795805418,190.1996795805418
12023,10862.0,732.2696630859033,70014.0,4720.044944880909,6.4457742588841835,6.445774258884183
12027,5565.5,940.6478872709495,71382.0,12064.563379601996,12.825801814751594,12.825801814751593
12029,4696.0,1150.0408164204116,30804.0,7543.836735309702,6.559625212947189,6.559625212947189
12031,22196.5,40.95924957459886,2522136.0,4654.103029084786,113.6276439979276,113.62764399792758
12033,7357.0,59.69168356997972,612817.0,4972.1460446247465,83.2971319831453,83.29713198314529
12035,2519.0,11.6800618219969,153664.0,712.5069550676187,61.00198491464867,61.00198491464867
12037,1424.0,151.22123893270015,15246.0,1619.0442477302995,10.706460674157304,10.706460674157304
12039,5150.0,577.5700934363525,30135.0,3379.6261680979583,5.851456310679612,5.8514563106796125
12041,3758.0,479.7446808714785,28661.0,3658.851063985483,7.626663118680149,7.626663118680149
12043,3329.0,614.5846153467947,28916.0,5338.338461209948,8.686091919495343,8.686091919495343
12045,2795.5,111.07947018396298,17972.0,714.1192052034279,6.4289035950634945,6.4289035950634945
12047,2083.0,961.38461523671,16105.0,7433.076921933373,7.731637061929908,7.731637061929909
12049,3687.0,359.7073170731707,39074.0,3812.0975609756097,10.597775969623,10.597775969623
12051,4720.5,101.6983841937739,66014.0,1422.2046677614217,13.984535536489778,13.98453553648978
12053,13869.5,66.44071856287425,496886.0,2380.2922155688625,35.82580482353365,35.82580482353366
12055,6348.5,77.73673469070462,200141.0,2450.706122348951,31.525714735764353,31.525714735764357
12057,22084.5,29.27361095640015,1355166.0,1796.309731501323,61.36276574067785,61.36276574067785
12059,2408.0,2408.0,29427.0,29427.0,12.220514950166113,12.220514950166113
12061,5036.0,107.14893617021276,208307.0,4432.063829787234,41.36358220810167,41.36358220810167
12063,3345.5,262.39215686274514,36647.0,2874.274509803922,10.95411747123001,10.95411747123001
12065,1091.5,204.65625001279105,17212.0,3227.250000201703,15.76912505726065,15.769125057260649
12067,1826.0,521.7142857142857,12882.0,3680.571428571429,7.054764512595838,7.054764512595839
12069,14868.0,37.17774536051863,296099.0,740.4017503029463,19.915186978746302,19.915186978746302
12071,42925.0,33.42417753552657,1855050.0,1444.461748102005,43.21607454863133,43.21607454863134
12073,9351.0,63.57620398041387,236167.0,1605.667989032446,25.255801518554165,25.255801518554165
12075,9768.0,589.0251257465378,95739.0,5773.206031311198,9.801289926289927,9.801289926289925
12077,808.0,881.4545451340165,7083.0,7726.909088099306,8.766089108910892,8.766089108910892
12079,2022.0,782.7096775203496,25914.0,10031.225807745965,12.816023738872403,12.816023738872405
12081,20048.0,32.19700213960402,584012.0,937.9207708277344,29.130686352753393,29.13068635275339
12083,23288.0,39.52142554094188,584360.0,991.701315231226,25.09275163174167,25.092751631741663
12085,5461.0,88.91723201688373,382642.0,6230.263228969864,70.06811939205274,70.06811939205275
12086,2458.5,4.7499751270420845,2481392.0,2962.561337298281,1009.3113687207647,623.700389594068
12087,3675.5,132.84939757435546,112413.0,4063.120481438178,30.58441028431506,30.584410284315066
12089,9814.0,123.5760755457051,247672.0,3118.640083814538,25.236600774403914,25.236600774403914
12091,4459.0,42.198738157035095,280249.0,2652.1987373336915,62.85019062570083,62.85019062570084
12093,8756.0,5837.333333333333,98635.0,65756.66666666667,11.264846962083142,11.264846962083144
12095,8738.0,13.02073761395856,1123741.0,1674.5178195293438,128.6039139391165,128.6039139391165
12097,4229.0,6.0,192139.0,261.6212413361343,45.433672262946324,43.60354022268905
12099,6064.5,18.312531452610713,1136398.0,3431.498741476447,187.38527496083765,187.38527496083768
12101,34691.0,61.53614190687362,907863.0,1610.4,26.169986451817476,26.169986451817476
12103,18881.0,84.66816143497758,2280943.0,10228.44394618834,120.80626026163868,120.80626026163867
12105,20738.0,23.965331279813764,390966.0,451.8097072593147,18.852637669977817,18.852637669977817
12107,19527.5,2073.7168140858867,150029.0,15932.283185276734,7.682959928306235,7.682959928306233
12109,8089.0,17.411300449679736,361292.0,777.6688789795637,44.66460625540858,44.66460625540858
12111,7358.0,18.138044369914706,379122.0,934.5653244918188,51.525142701821146,51.525142701821146
12113,13631.0,82.48714069591529,261401.0,1581.8517397881997,19.17694960017607,19.176949600176066
12115,20825.0,33.47173854629136,717848.0,1153.7873023759023,34.47049219687875,34.47049219687876
12117,5575.5,33.807983823383935,421114.0,2553.495704385347,75.52936956326786,75.52936956326786
12119,6598.0,19.988891696035232,53617.0,162.4347387187513,8.126250378902698,8.126250378902698
12121,11841.5,1029.695652173913,75636.0,6577.04347826087,6.38736646539712,6.387366465397121
12123,4970.0,1242.5,33978.0,8494.5,6.836619718309859,6.836619718309859
12125,2260.0,602.6666666666666,13241.0,3530.9333333333334,5.858849557522124,5.858849557522125
12127,14570.5,51.39506172839506,560874.0,1978.3915343915344,38.49380597783192,38.49380597783192
12129,4876.0,125.02564102564102,43367.0,1111.974358974359,8.893970467596391,8.89397046759639
12131,8811.0,36.67429760665973,119980.0,499.3964620187305,13.617069572125752,13.617069572125754
12133,4123.0,228.0000000420277,33903.0,1874.820276843285,8.222895949551297,8.222895949551297
13001,2369.5,7108.5000071085,14908.0,44724.000044724,6.29162270521207,6.29162270521207
13003,1293.5,862.3333333333333,8287.0,5524.666666666667,6.406648627754155,6.406648627754156
13009,2417.0,143.5841584442741,12387.0,735.861386284329,5.124948282995449,5.124948282995449
13011,375.5,44.17647058823529,720.0,84.70588235294117,1.9174434087882823,1.9174434087882823
13013,2.0,1.0,2.0,1.0,1.0,1.0
13017,976.0,1952.0,4836.0,9672.0,4.954918032786885,4.954918032786885
13019,2731.0,341.375,12998.0,1624.75,4.759428780666423,4.759428780666423
13021,706.5,55.051948066247256,2469.0,192.3896104395817,3.494692144373673,3.494692144373673
13023,708.0,77.94495413130073,2385.0,262.5688073490851,3.3686440677966103,3.3686440677966103
13025,5792.0,1418.4489797076285,28524.0,6985.469388325345,4.9247237569060776,4.9247237569060776
13027,1259.0,387.38461538461536,25375.0,7807.692307692308,20.154884829229548,20.154884829229548
13029,1115.0,26.235294117647054,15020.0,353.4117647058824,13.47085201793722,13.470852017937222
13031,1481.5,26.613772453496185,19201.0,344.92814369192047,12.96051299358758,12.960512993587578
13033,700.0,129.23076922281655,6762.0,1248.369230692408,9.66,9.660000000000002
13035,1160.0,232.0,2774.0,554.8,2.3913793103448278,2.3913793103448273
13037,571.0,1370.39999890368,3087.0,7408.79999407296,5.406304728546409,5.406304728546409
13039,1205.0,37.754569186657484,127552.0,3996.407310287581,105.85228215767634,105.85228215767634
13043,1440.0,2468.5714299820406,8592.0,14729.14286555951,5.966666666666667,5.966666666666667
13045,254.0,3.4794520547945207,254.0,3.4794520547945207,1.0,1.0
13049,1091.0,267.1836734911987,29435.0,7208.571429159884,26.979835013748854,26.979835013748854
13051,1683.0,7.496659242761693,343696.0,1530.9398663697104,204.21628045157456,204.21628045157456
13059,1044.0,10.689419794857017,1557.0,15.941979521640206,1.4913793103448276,1.4913793103448276
13061,407.0,1628.0,2445.0,9780.0,6.007371007371007,6.007371007371007
13069,2400.0,261.81818180866117,23553.0,2569.4181817247486,9.81375,9.81375
13071,5572.0,711.3191489664391,23569.0,3008.8085107663323,4.2298994974874375,4.2298994974874375
13073,740.5,7.325638914204662,2504.0,24.771640568762287,3.3814989871708305,3.3814989871708305
13075,2325.0,593.6170212260752,21167.0,5404.340425071971,9.104086021505376,9.104086021505376
13077,962.0,11.98753894080997,962.0,11.98753894080997,1.0,1.0
13079,2384.0,665.3023256432839,8281.0,2310.976744401021,3.473573825503356,3.4735738255033555
13081,1274.5,728.2857142857142,6627.0,3786.857142857143,5.199686151431934,5.199686151431935
13087,1787.5,155.43478260869566,40052.0,3482.782608695652,22.406713286713288,22.406713286713284
13091,605.0,558.4615386333728,5407.0,4991.076924612639,8.937190082644628,8.937190082644628
13093,942.0,205.5272727422202,6560.0,1431.2727273768198,6.963906581740977,6.963906581740976
13095,1253.0,334.1333333333333,39667.0,10577.866666666669,31.657621707901036,31.657621707901043
13099,843.5,920.1818178472067,5007.0,5462.181816195571,5.935981031416716,5.935981031416715
13101,458.0,422.76923089931364,3307.0,3052.6153855546518,7.220524017467249,7.22052401746725
13103,4980.5,71.49043061858899,50889.0,730.4641147975855,10.21764883043871,10.217648830438709
13105,2755.0,429.3506493283454,4700.0,732.4675324294822,1.705989110707804,1.705989110707804
13107,834.0,131.68421053324656,10737.0,1695.3157895629115,12.87410071942446,12.87410071942446
13109,994.0,458.7692306986509,5986.0,2762.769230344189,6.022132796780684,6.022132796780683
13119,35.0,2.576687117196733,1120.0,82.45398775029545,32.0,32.0
13121,1.0,1.0,1.0,1.0,1.0,1.0
13127,2452.0,40.087193458305876,89141.0,1457.346048966902,36.35440456769984,36.35440456769983
13131,2950.5,643.7454545922725,39344.0,8584.145455169757,13.334689035756652,13.33468903575665
13133,2174.0,88.43389831707579,3288.0,133.74915256050838,1.5124195032198713,1.5124195032198713
13141,207.0,88.71428572695918,3834.0,1643.1428573775918,18.52173913043478,18.521739130434785
13145,560.5,35.58730158730158,1380.0,87.61904761904762,2.4620874219446924,2.462087421944693
13147,133.0,9.38823529190865,1470.0,103.76470585793771,11.052631578947368,11.052631578947368
13149,119.5,28.679999997705597,232.0,55.67999999554559,1.9414225941422594,1.9414225941422594
13151,739.5,4.461538461538462,1652.0,9.96681749622926,2.23394185260311,2.2339418526031096
13153,1337.0,10.384466019417475,15445.0,119.96116504854368,11.551982049364248,11.551982049364247
13155,922.0,345.74999995678127,4314.0,1617.7499997977814,4.678958785249458,4.678958785249458
13157,1532.0,8.483617906503667,3386.0,18.750346104060977,2.210182767624021,2.210182767624021
13159,1520.0,99.67213114754098,4017.0,263.40983606557376,2.642763157894737,2.642763157894737
13161,1024.5,1229.40000049176,7162.0,8594.40000343776,6.990727183992191,6.990727183992192
13163,640.0,768.0000003072,4095.0,4914.0000019656,6.3984375,6.3984375
13165,600.5,257.35714289390813,4451.0,1907.5714288439387,7.4121565362198165,7.412156536219817
13169,1655.0,187.35849057310784,12089.0,1368.5660377874929,7.304531722054381,7.304531722054381
13171,149.0,13.86046511627907,4128.0,384.0,27.70469798657718,27.70469798657718
13173,1182.0,405.25714281082776,13893.0,4763.314285169907,11.753807106598984,11.753807106598984
13175,2713.0,591.927272770322,14265.0,3112.36363658999,5.258016955399926,5.258016955399926
13177,853.0,76.96240603818418,13421.0,1210.9172935972683,15.73388042203986,15.733880422039858
13179,1437.0,36.611464968152866,26870.0,684.5859872611464,18.698677800974252,18.698677800974252
13181,515.0,83.51351350899927,610.0,98.91891891357194,1.1844660194174756,1.1844660194174756
13183,2372.0,95.51677853631098,11807.0,475.44966449334896,4.977655986509275,4.977655986509275
13185,2242.0,30.026785712945237,136703.0,1830.843749918266,60.973684210526315,60.97368421052631
13189,417.0,78.18750000488673,2943.0,551.8125000344883,7.057553956834532,7.057553956834531
13191,1626.0,153.6377953239804,11935.0,1127.716535788257,7.34009840098401,7.340098400984009
13193,1094.0,1009.8461541568759,6492.0,5992.615386459267,5.93418647166362,5.93418647166362
13195,6369.0,404.3809523809524,10610.0,673.6507936507936,1.6658816140681425,1.6658816140681423
13197,988.0,846.8571426151836,4728.0,4052.571427413551,4.7854251012145745,4.785425101214575
13199,107.5,7.2,2697.0,179.8,25.088372093023256,24.97222222222222
13201,342.0,2051.999995896,2318.0,13907.999972184,6.777777777777778,6.777777777777777
13205,1791.0,859.6800001375487,20234.0,9712.320001553971,11.297599106644332,11.297599106644334
13207,877.0,37.45195729004242,4644.0,198.32028466927824,5.295324971493729,5.295324971493729
13209,985.0,513.9130433888846,6678.0,3484.173912437535,6.779695431472081,6.779695431472082
13211,282.0,20.634146336430696,2109.0,154.3170731330934,7.4787234042553195,7.4787234042553195
13215,333.0,13.731958762886595,1863.0,76.82474226804123,5.594594594594595,5.594594594594596
13217,173.0,2.0,1843.0,14.943243247281956,10.653179190751445,7.471621623640978
13219,71.0,3.0,96.0,3.4388059697386497,1.352112676056338,1.14626865657955
13221,1875.5,160.75714281121225,1938.0,166.1142856668245,1.033324446814183,1.033324446814183
13225,1536.0,123.70469795336788,6342.0,510.7651005340228,4.12890625,4.128906249999999
13229,3242.0,442.0909091110042,17325.0,2362.5000001073863,5.3439235040098705,5.34392350400987
13231,1876.5,247.45054946142642,3645.0,480.6593406804686,1.9424460431654675,1.9424460431654675
13235,223.0,63.71428571428572,1989.0,568.2857142857143,8.919282511210762,8.919282511210762
13237,8159.0,758.9767441860465,12914.0,1201.3023255813953,1.5827920088246108,1.5827920088246108
13239,2952.0,2952.0,5892.0,5892.0,1.9959349593495934,1.9959349593495934
13243,487.0,834.857143334204,3318.0,5688.000003250286,6.813141683778234,6.813141683778235
13245,3256.5,69.65775401069519,7165.0,153.2620320855615,2.200214954705973,2.2002149547059724
13247,591.0,14.683229813664596,591.0,14.683229813664596,1.0,1.0
13249,385.0,256.66666666666663,1647.0,1098.0,4.277922077922078,4.277922077922079
13251,2292.0,1195.826086748552,13611.0,7101.391303112801,5.93848167539267,5.93848167539267
13253,1562.0,4686.0000046860005,13740.0,41220.00004122,8.79641485275288,8.79641485275288
13255,1078.0,37.82456140350877,1078.0,37.82456140350877,1.0,1.0
13259,772.5,4634.99999073,5406.0,32435.999935128,6.998058252427184,6.998058252427184
13261,701.0,215.69230769230768,8058.0,2479.3846153846152,11.495007132667618,11.495007132667618
13263,651.5,3908.9999921820004,2376.0,14255.999971488,3.646968534151957,3.6469685341519567
13267,2122.0,553.5652174394404,17007.0,4436.608696037966,8.014608859566447,8.014608859566447
13269,1221.0,1331.9999995156363,7360.0,8029.09090617124,6.027846027846028,6.027846027846028
13271,679.0,8148.000032592001,4779.0,57348.000229392,7.0382916053019144,7.038291605301914
13273,442.5,2654.99999469,4586.0,27515.999944968,10.363841807909605,10.363841807909603
13275,1792.5,100.98591549295773,35351.0,1991.605633802817,19.721617852161785,19.72161785216179
13277,2444.5,166.6704545075749,17901.0,1220.5227269953357,7.322969932501534,7.322969932501533
13279,1823.0,662.909090909091,10328.0,3755.636363636364,5.665386725178277,5.665386725178277
13285,580.5,14.69620253164557,1109.0,28.075949367088608,1.9104220499569338,1.9104220499569338
13287,445.0,593.3333333333333,3336.0,4448.0,7.496629213483146,7.496629213483147
13289,257.0,440.5714288231837,3799.0,6512.571432292898,14.782101167315176,14.782101167315174
13293,210.0,22.7027027027027,11083.0,1198.162162162162,52.77619047619048,52.77619047619047
13297,513.5,9.101920235799001,954.0,16.909896601659682,1.857838364167478,1.8578383641674778
13299,2479.0,661.0666666666667,28260.0,7536.0,11.399757966922145,11.399757966922145
13301,22.0,264.00000105600003,903.0,10836.000043344,41.04545454545455,41.04545454545454
13303,585.0,106.36363636363636,4823.0,876.9090909090909,8.244444444444444,8.244444444444444
13305,3171.0,233.447852818024,23624.0,1739.190184475875,7.450015767896563,7.450015767896564
13317,1857.0,825.3333333333334,2343.0,1041.3333333333333,1.2617124394184167,1.2617124394184167
13321,1647.0,760.1538460368995,8027.0,3704.7692301992665,4.87370977534912,4.873709775349119
22001,7210.0,631.5328465309393,132709.0,11624.145982007549,18.40624133148405,18.40624133148405
22003,2298.0,599.4782609216937,28252.0,7370.086957162616,12.294168842471715,12.294168842471715
22005,15098.0,312.9119170984456,266264.0,5518.424870466321,17.635713339515167,17.635713339515167
22007,3862.5,1545.0,44262.0,17704.8,11.459417475728156,11.459417475728156
22009,2864.0,2291.2,49983.0,39986.4,17.452164804469273,17.452164804469277
22011,2577.0,372.5783132350565,56372.0,8150.168674306015,21.875048506014746,21.875048506014743
22013,211.0,140.66666666666666,8919.0,5946.0,42.27014218009479,42.27014218009479
22015,3781.0,63.36871508025874,16771.0,281.07821227480014,4.435599047870934,4.435599047870934
22017,3161.0,171.63800901870803,12353.0,670.7511311003165,3.907940525150269,3.907940525150269
22019,6898.5,63.77657933319675,296257.0,2738.893681744563,42.94513299992752,42.945132999927516
22021,759.0,1012.0,4779.0,6372.0,6.296442687747035,6.296442687747035
22023,734.0,326.22222222222223,10395.0,4620.0,14.162125340599456,14.162125340599454
22025,104.5,20.9,8224.0,1644.8,78.69856459330144,78.69856459330144
22027,110.5,442.0,7758.0,31032.0,70.2081447963801,70.2081447963801
22029,356.5,158.44444444444446,8212.0,3649.777777777778,23.035063113604487,23.035063113604487
22031,1380.0,146.54867256118413,9505.0,1009.3805309377212,6.88768115942029,6.88768115942029
22033,2805.0,14.946714029316745,654682.0,3488.536411458519,233.3982174688057,233.39821746880574
22037,2183.0,623.7142857142857,14463.0,4132.285714285715,6.6252863032524045,6.625286303252406
22039,2904.0,1244.5714287492244,36544.0,15661.714287951672,12.584022038567493,12.584022038567493
22041,1879.0,1326.3529408643876,8297.0,5856.705880974892,4.415646620542842,4.415646620542842
22043,2464.0,5913.59999526912,17770.0,42647.9999658816,7.21185064935065,7.21185064935065
22045,1289.0,164.55319149636398,147651.0,18849.063830589323,114.54693560899922,114.54693560899922
22047,1971.5,202.20512820512818,38407.0,3939.1794871794873,19.48110575703779,19.481105757037792
22051,825.0,19.111969110493284,660740.0,15306.718145536162,800.8969696969697,800.8969696969698
22053,2992.5,520.4347826086957,44655.0,7766.086956521739,14.922305764411028,14.922305764411025
22055,11809.5,89.40946374496139,523924.0,3966.617035701355,44.36462170286634,44.36462170286634
22057,5880.0,221.1912225982685,117731.0,4428.752351652508,20.022278911564626,20.022278911564626
22061,2009.0,140.98245614035085,16755.0,1175.7894736842106,8.339970134395221,8.339970134395225
22063,20019.0,302.5541561560426,162826.0,2460.846347483081,8.133573105549727,8.13357310554973
22065,38.0,227.999999544,1932.0,11591.999976816,50.8421052631579,50.8421052631579
22067,1663.0,1814.181817522116,10206.0,11133.81817776952,6.1371016235718585,6.137101623571857
22069,1049.5,132.56842104704972,19407.0,2451.410526212572,18.491662696522152,18.49166269652216
22071,140.0,3.1098591547543744,567878.0,9597.938027628286,4056.2714285714287,3086.2934782608695
22073,12498.5,434.73043478260865,32652.0,1135.7217391304348,2.6124734968196184,2.612473496819619
22075,2575.0,351.1363636523244,39680.0,5410.909091155042,15.409708737864078,15.40970873786408
22077,2494.0,498.8,38223.0,7644.6,15.325982357658381,15.325982357658381
22079,3446.5,173.0460250756408,161589.0,8113.255228767655,46.88495575221239,46.88495575221239
22081,1354.0,3249.5999974003203,5697.0,13672.79998906176,4.2075332348596755,4.207533234859675
22083,304.0,135.11111111111111,5778.0,2568.0,19.00657894736842,19.00657894736842
22085,777.0,190.28571430124785,28498.0,6979.10204138605,36.676962676962674,36.676962676962674
22087,642.0,68.78571428817091,46719.0,5005.607143035914,72.77102803738318,72.77102803738319
22089,2702.0,438.1621621384777,107031.0,17356.378377440196,39.61176905995559,39.61176905995559
22091,3027.5,3027.5,13063.0,13063.0,4.314781172584641,4.314781172584641
22093,1794.0,336.3750000210235,54842.0,10282.87500064268,30.569676700111483,30.56967670011148
22095,994.0,195.54098361937972,100139.0,19699.475411127834,100.74346076458752,100.74346076458754
22097,8726.0,737.408450911946,186799.0,15785.830990362205,21.407173962869585,21.407173962869585
22099,4094.0,909.7777777777778,94517.0,21003.777777777777,23.086712261846603,23.086712261846603
22101,1691.5,548.594594653902,82043.0,26608.540543417137,48.50310375406444,48.50310375406444
22103,15222.0,171.6766917228693,263226.0,2968.71428560268,17.29247142294048,17.29247142294048
22105,465.5,5.673732718684839,155929.0,1724.5603686000163,334.97099892588614,303.9551656920078
22109,5017.0,200.68,136208.0,5448.32,27.149292405820212,27.14929240582021
22111,4192.0,25151.999949696,11386.0,68315.99986336801,2.7161259541984735,2.7161259541984735
22113,2783.0,146.4736842105263,91021.0,4790.578947368421,32.70607258354294,32.70607258354294
22115,2055.0,948.4615383156214,54938.0,25355.99999609908,26.733819951338198,26.733819951338198
22117,5079.5,6095.40000243816,51412.0,61694.40002467776,10.121468648489024,10.121468648489024
22119,156.0,52.0,756.0,252.0,4.846153846153846,4.846153846153846
22121,4729.0,394.0833333333333,44749.0,3729.0833333333335,9.462677098752378,9.46267709875238
22125,677.5,169.375,6012.0,1503.0,8.87380073800738,8.87380073800738
22127,1015.0,12180.00004872,7367.0,88404.00035361601,7.258128078817734,7.258128078817735
23001,936.0,31.37430167948316,1611.0,54.00000000603352,1.7211538461538463,1.7211538461538463
23005,2588.0,22.10391459704026,8019.0,68.48967973480133,3.098531684698609,3.098531684698609
23009,492.0,22.27777777777778,980.0,43.55555555555556,1.991869918699187,1.9551122194513715
23011,1073.0,27.991304350260112,1232.0,32.139130437577315,1.1481826654240448,1.1481826654240448
23013,1059.0,79.42500001985624,1322.0,99.1500000247875,1.2483474976392823,1.2483474976392825
23015,704.5,53.506329100378146,2009.0,152.58227844238425,2.85166784953868,2.8516678495386802
23017,9.0,1.0,9.0,1.0,1.0,1.0
23019,1515.0,41.31818181442562,1515.0,41.31818181442562,1.0,1.0
23023,1547.0,96.18652851734436,1765.0,109.7409326652313,1.140917905623788,1.1409179056237881
23025,172.0,16.0,172.0,16.0,1.0,1.0
23027,81.0,6.797202795301482,3754.0,315.0209789328613,46.34567901234568,46.34567901234568
23029,107.0,19.16417910562174,107.0,19.16417910562174,1.0,1.0
23031,1730.0,14.97835497835498,10380.0,89.87012987012987,6.0,5.999999999999999
24003,5179.0,47.69608597012926,10371.0,95.51189565480028,2.0025101370921026,2.002510137092103
24009,332.0,39.445544552893246,4238.0,503.524752455306,12.765060240963855,12.765060240963857
24011,400.0,81.35593219787417,3981.0,809.6949151993426,9.9525,9.9525
24013,416.0,32.0,825.0,63.46153846153846,1.9831730769230769,1.9831730769230769
24015,2549.0,54.33037299791614,2781.0,59.27531083060211,1.0910160847391133,1.0910160847391133
24017,199.5,3.0,1697.0,13.206225680933851,8.5062656641604,4.40207522697795
24019,1444.0,213.92592592592592,6639.0,983.5555555555557,4.597645429362881,4.597645429362881
24021,178.0,3.0,207.0,3.0,1.1629213483146068,1.0
24025,2904.5,43.40473225188519,9591.0,143.32752178613563,3.302117404028232,3.3021174040282326
24027,31.0,1.0,1209.0,16.467650396528143,39.0,16.467650396528143
24029,437.0,104.8799999916096,1120.0,268.799999978496,2.562929061784897,2.5629290617848968
24031,12.5,1.0,78.0,3.0,6.24,3.0
24033,810.0,6.563133016458304,1290.0,10.452397026211372,1.5925925925925926,1.5925925925925926
24035,1237.0,46.38749999420156,2424.0,90.89999998863748,1.9595796281325788,1.9595796281325784
24037,2447.0,110.807547186537,6564.0,297.2377358939227,2.6824683285655904,2.682468328565591
24039,1491.5,365.2653061522666,12311.0,3014.938775756322,8.254106604089843,8.254106604089843
24041,886.0,67.2911392234706,8753.0,664.7848099582824,9.87923250564334,9.879232505643342
24045,1643.0,70.92086329914807,7422.0,320.37410067332746,4.517346317711503,4.517346317711504
24047,3003.5,101.81355932203388,9714.0,329.2881355932203,3.234226735475279,3.234226735475279
25001,153.0,3.0,605.0,11.050228310502282,3.954248366013072,3.683409436834094
25003,102.0,9.415384618281657,372.0,34.338461549027215,3.6470588235294117,3.6470588235294117
25005,105.5,1.6657894737718837,1172.0,18.505263158868697,11.109004739336493,11.109004739336491
25007,14.0,3.0,21.0,3.0,1.5,1.0
25009,441.0,5.127906976744186,481.0,5.593023255813954,1.090702947845805,1.090702947845805
25011,2.0,1.0,2.0,1.0,1.0,1.0
25013,366.0,9.695364238410596,1000.0,26.490066225165563,2.73224043715847,2.73224043715847
25015,252.0,8.6647564479845,265.0,9.111747852047191,1.0515873015873016,1.0515873015873014
25017,146.0,3.0,178.0,3.0,1.2191780821917808,1.0
25021,53.5,2.0,175.0,3.0,3.2710280373831777,1.5
25023,596.0,5.698804782692846,3657.0,34.9673306884358,6.135906040268456,6.135906040268456
25025,2.0,2.0,3.0,3.0,1.5,1.5
25027,238.0,2.2058438730407053,464.0,3.0,1.949579831932773,1.3600237245551603
28001,606.0,1212.0,5707.0,11414.0,9.417491749174918,9.417491749174918
28003,1307.0,1206.4615388327577,1307.0,1206.4615388327577,1.0,1.0
28007,986.0,3944.0,2609.0,10436.0,2.6460446247464504,2.6460446247464504
28011,1887.5,2265.000000906,2950.0,3540.000001416,1.5629139072847682,1.5629139072847682
28019,97.0,388.0,245.0,980.0,2.5257731958762886,2.5257731958762886
28025,41.0,98.39999992128,41.0,98.39999992128,1.0,1.0
28027,250.0,115.38461536686393,354.0,163.3846153594793,1.416,1.416
28029,1369.0,2053.49999897325,18498.0,27746.9999861265,13.512052593133674,13.512052593133673
28033,404.0,4.197402597402597,563.0,5.849350649350649,1.3935643564356435,1.3935643564356437
28035,1787.0,177.22314055445392,14662.0,1454.0826451087876,8.204812534974819,8.204812534974819
28039,1483.0,593.2,29474.0,11789.6,19.874578556979095,19.874578556979095
28041,973.0,5837.999988324001,9891.0,59345.999881308,10.16546762589928,10.16546762589928
28043,964.0,11568.000046272,964.0,11568.000046272,1.0,1.0
28045,1555.5,75.26612902011836,66572.0,3221.22580593206,42.797814207650276,42.797814207650276
28047,7364.0,40.27711942393384,411030.0,2248.11303596137,55.81613253666485,55.81613253666486
28049,2056.5,147.7724550544258,17811.0,1279.8323350227947,8.660831509846828,8.660831509846826
28051,1282.0,732.5714285714286,2724.0,1556.571428571429,2.124804992199688,2.1248049921996883
28059,4889.0,113.69767441860463,290374.0,6752.883720930233,59.39333196972796,59.393331969727974
28061,1949.0,7796.0,4546.0,18184.0,2.332478193945613,2.332478193945613
28067,3762.0,1962.7826083542984,16686.0,8705.73912892074,4.435406698564593,4.435406698564594
28071,1482.0,35.355864808321606,1482.0,35.355864808321606,1.0,1.0
28073,2224.0,593.0666666666666,11457.0,3055.2,5.1515287769784175,5.1515287769784175
28075,1136.0,757.3333333333334,7235.0,4823.333333333333,6.368838028169014,6.368838028169013
28081,63.0,4.909090910365998,63.0,4.909090910365998,1.0,1.0
28083,179.0,238.66666666666663,179.0,238.66666666666663,1.0,1.0
28085,2398.0,2877.60000115104,21751.0,26101.20001044048,9.07047539616347,9.07047539616347
28087,213.0,19.66153846758817,213.0,19.66153846758817,1.0,1.0
28089,3347.0,72.62929476113051,4920.0,106.76311031513656,1.4699731102479832,1.4699731102479832
28091,3509.0,21053.999957892,20893.0,125357.999749284,5.954117982331148,5.954117982331149
28093,2341.0,90.6193548504025,2341.0,90.6193548504025,1.0,1.0
28097,210.5,27.89130434663516,420.0,54.78260869327032,1.995249406175772,1.9641465315651099
28099,1259.0,15108.000060432,6553.0,78636.000314544,5.204924543288324,5.204924543288324
28101,492.0,1968.0,3181.0,12724.0,6.465447154471545,6.465447154471545
28103,166.0,1992.000007968,1078.0,12936.000051744,6.493975903614458,6.493975903614458
28105,1681.0,305.6363636363636,1681.0,305.6363636363636,1.0,1.0
28107,9568.0,11481.60000459264,9568.0,11481.60000459264,1.0,1.0
28109,3050.0,112.2699386365313,82087.0,3021.6073615924406,26.91377049180328,26.913770491803277
28113,4092.0,4910.40000196416,36696.0,44035.20001761408,8.96774193548387,8.967741935483872
28115,626.0,87.34883720523959,626.0,87.34883720523959,1.0,1.0
28117,365.0,398.1818180370248,365.0,398.1818180370248,1.0,1.0
28119,606.0,3635.9999927280005,1203.0,7217.999985564001,1.9851485148514851,1.9851485148514851
28121,6327.0,221.35276970511404,33942.0,1187.4752187973734,5.364627785680417,5.364627785680417
28123,1338.0,845.0526317568532,6780.0,4282.105264059391,5.067264573991031,5.067264573991031
28127,199.0,796.0,2148.0,8592.0,10.793969849246231,10.793969849246231
28131,2187.5,437.5,20122.0,4024.4,9.198628571428571,9.198628571428571
28133,856.0,642.0000001605,856.0,642.0000001605,1.0,1.0
28135,2868.0,34416.000137664,2868.0,34416.000137664,1.0,1.0
28137,2345.5,246.89473684210526,4570.0,481.05263157894734,1.948411852483479,1.9484118524834788
28139,4309.0,5170.80000206832,4309.0,5170.80000206832,1.0,1.0
28143,740.5,98.73333333333333,1056.0,140.8,1.426063470627954,1.4260634706279542
28145,2692.0,1900.2352936705329,2692.0,1900.2352936705329,1.0,1.0
28149,1509.0,1509.0,7558.0,7558.0,5.0086149768058315,5.0086149768058315
28151,7593.0,9111.60000364464,7593.0,9111.60000364464,1.0,1.0
28153,581.5,996.8571434267753,9212.0,15792.000009024,15.841788478073946,15.841788478073948
28155,61.5,92.249999953875,66.0,98.9999999505,1.0731707317073171,1.073170731707317
28159,287.0,3444.0000137760003,2459.0,29508.000118032003,8.567944250871081,8.567944250871081
28161,2600.0,1300.0,2600.0,1300.0,1.0,1.0
28163,1625.0,1625.0,3737.0,3737.0,2.2996923076923075,2.2996923076923075
33003,32.0,1.0756302521008403,32.0,1.0756302521008403,1.0,1.0
33015,2188.0,20.5768025142874,3227.0,30.347962391958607,1.4748628884826325,1.4748628884826323
33017,675.0,8.517350157728707,2359.0,29.766561514195583,3.4948148148148146,3.4948148148148146
34001,458.0,8.178571428571429,1380.0,24.642857142857142,3.013100436681223,3.0131004366812224
34005,11.5,1.0,364.0,2.021286441836425,31.652173913043477,2.021286441836425
34007,127.0,1.7848722986752406,218.0,2.569744597350481,1.7165354330708662,1.4397358283042347
34009,416.0,5.6921322693588206,1446.0,19.78563284012705,3.4759615384615383,3.475961538461538
34011,539.5,29.97222222222222,856.0,47.55555555555556,1.5866543095458758,1.5866543095458758
34015,360.0,4.126074498567335,457.0,5.237822349570201,1.2694444444444444,1.2694444444444446
34023,171.5,1.535007610350076,340.0,2.070015220700152,1.9825072886297377,1.3485374318294496
34025,948.0,4.005633802252728,2360.0,9.97183098451101,2.4894514767932487,2.489451476793249
34029,577.5,2.904600811907984,1038.0,2.809201623815968,1.7974025974025973,0.9671558350803635
34033,67.0,8.463157894380497,139.0,17.557894736102824,2.074626865671642,2.074626865671642
34035,17.0,1.0,17.0,1.0,1.0,1.0
36021,176.0,15.529411769273356,332.0,29.29411765567474,1.8863636363636365,1.8863636363636365
36027,637.0,12.329032257269095,743.0,14.38064516036254,1.1664050235478807,1.166405023547881
36047,12.0,1.0,12.0,1.0,1.0,1.0
36059,8.0,1.0,8.0,1.0,1.0,1.0
36079,98.0,8.28169014317794,98.0,8.28169014317794,1.0,1.0
36085,128.0,3.2,128.0,3.2,1.0,1.0
36103,616.0,5.411420206562641,8091.0,71.07759884951027,13.13474025974026,13.134740259740258
36119,59.0,1.0,59.0,1.0,1.0,1.0
37001,4267.0,20.7639902676399,5062.0,24.632603406326037,1.186313569252402,1.1863135692524025
37003,1487.0,157.911504419189,1487.0,157.911504419189,1.0,1.0
37007,821.0,179.1272727403002,3321.0,724.5818182345151,4.045066991473813,4.045066991473812
37013,2639.0,146.61111111111111,38426.0,2134.777777777778,14.560818491852975,14.560818491852975
37015,2640.0,688.6956522337996,17709.0,4619.739130836499,6.7079545454545455,6.7079545454545455
37017,1688.0,127.39622641509432,14988.0,1131.169811320755,8.87914691943128,8.879146919431282
37019,24818.5,48.727421469157555,194068.0,381.02356023436016,7.819489493724439,7.819489493724439
37029,747.0,85.37142857142857,3537.0,404.22857142857146,4.734939759036145,4.734939759036145
37031,6734.5,86.4320855577997,115408.0,1481.1721924500034,17.136832727002748,17.136832727002748
37033,476.0,105.77777777777777,622.0,138.22222222222223,1.3067226890756303,1.3067226890756305
37035,3039.0,18.089285714285715,3039.0,18.089285714285715,1.0,1.0
37037,2805.0,73.49344977524075,7579.0,198.5764191966309,2.7019607843137257,2.7019607843137257
37041,2658.0,664.5,8650.0,2162.5,3.254326561324304,3.254326561324304
37045,391.0,10.177874185667864,623.0,16.216919738289207,1.5933503836317136,1.5933503836317136
37047,3743.0,1871.5,32866.0,16433.0,8.780657226823404,8.780657226823404
37049,3169.0,78.40824741621375,71029.0,1757.4185565560892,22.413695171978542,22.413695171978542
37051,7837.5,83.6,39417.0,420.448,5.029282296650718,5.029282296650718
37053,45.0,3.0,1195.0,33.42657342657343,26.555555555555557,11.142191142191143
37055,2120.0,68.57142856403543,57914.0,1873.229110310164,27.317924528301887,27.317924528301887
37061,10352.5,927.0895519620628,51122.0,4578.089550872212,4.938130886259358,4.938130886259358
37063,785.0,3.242685026264053,4035.0,16.6678141158923,5.140127388535032,5.140127388535032
37065,77.0,18.4799999985216,1588.0,381.1199999695104,20.623376623376622,20.623376623376625
37069,5245.0,66.39240506329114,29121.0,368.62025316455697,5.552144899904671,5.552144899904672
37071,160.0,1.0,160.0,1.0,1.0,1.0
37073,3130.0,2682.857142090612,16585.0,14215.714281652652,5.298722044728435,5.298722044728435
37077,4397.0,123.28037382025418,9561.0,268.06542053569484,2.1744371162156018,2.1744371162156013
37079,1304.5,301.0384615616184,12006.0,2770.615384828509,9.20352625527022,9.203526255270216
37081,13.0,1.0,19.0,1.0,1.4615384615384615,1.0
37083,925.5,201.92727274195838,13720.0,2993.4545456722512,14.82441923284711,14.824419232847108
37085,7433.0,42.88269231593898,28574.0,164.85000003170194,3.8442082604601104,3.8442082604601104
37091,861.0,2066.39999834688,5667.0,13600.79998911936,6.581881533101045,6.581881533101046
37093,5153.0,90.27153285198665,21615.0,378.6569343286807,4.194643896759169,4.194643896759169
37095,625.0,326.0869564650284,7155.0,3733.043477611645,11.448,11.448
37097,7409.0,45.4772378423576,7409.0,45.4772378423576,1.0,1.0
37101,10034.5,43.267696723928466,40993.0,176.7574559573471,4.0852060391648815,4.085206039164881
37103,1491.0,458.7692307692307,6441.0,1981.8461538461536,4.3199195171026155,4.3199195171026155
37105,461.0,9.18936877015353,1592.0,31.734219266994405,3.453362255965293,3.453362255965293
37107,4667.0,378.40540550767713,23425.0,1899.3243248376552,5.019284336833083,5.019284336833083
37109,64.0,1.1018651363616565,64.0,1.1018651363616565,1.0,1.0
37111,12.0,1.0,12.0,1.0,1.0,1.0
37119,82.0,1.0,157.0,1.0,1.9146341463414633,1.0
37123,402.0,34.95652173913044,2518.0,218.95652173913044,6.263681592039801,6.2636815920398
37125,27.0,3.0,80.0,3.0,2.962962962962963,1.0
37127,3885.0,93.2399999925408,19752.0,474.0479999620762,5.084169884169884,5.084169884169884
37129,11393.0,52.97016661030146,327279.0,1521.6381249936674,28.726323180900554,28.726323180900554
37131,1663.0,1173.8823526649687,18391.0,12981.882349886617,11.058929645219482,11.058929645219484
37133,14510.5,139.74799362431716,47197.0,454.5457465343646,3.252610178836015,3.2526101788360156
37135,130.0,4.16,189.0,6.048,1.4538461538461538,1.4538461538461538
37137,1729.0,193.90654204882597,14351.0,1609.4579438650671,8.300173510699826,8.300173510699825
37139,1132.0,88.7843137254902,4794.0,376.0,4.234982332155477,4.234982332155477
37141,8431.0,107.28738070444484,91508.0,1164.47083780125,10.853754003083857,10.853754003083857
37143,96.0,25.043478263047263,521.0,135.9130434900794,5.427083333333333,5.427083333333332
37145,1651.5,175.38053096724317,5039.0,535.1150442288455,3.0511656070239175,3.0511656070239175
37147,5258.0,48.535384630318575,36721.0,338.96307702737323,6.983834157474325,6.983834157474325
37149,1.0,1.0,1.0,1.0,1.0,1.0
37151,3883.0,59.05703422053232,4206.0,63.96958174904943,1.0831831058459953,1.0831831058459953
37153,1375.0,305.55555555555554,7569.0,1682.0,5.504727272727273,5.504727272727273
37155,14535.5,517.5845697943721,64994.0,2314.3264097702468,4.47139761274122,4.47139761274122
37161,91.5,5.689119172163549,115.0,7.150259068839433,1.2568306010928962,1.2568306010928962
37163,3742.0,237.5873015873016,40349.0,2561.84126984127,10.782736504543026,10.782736504543024
37165,2904.5,497.914285742738,19278.0,3304.800000188846,6.637286968497159,6.637286968497159
37167,225.0,7.356948229684681,225.0,7.356948229684681,1.0,1.0
37177,684.0,746.1818179104794,3560.0,3883.636362224133,5.204678362573099,5.2046783625731
37179,1.5,1.0,2.0,1.0,1.3333333333333333,1.0
37181,2795.5,459.53424660052235,10938.0,1798.0273973587962,3.9127168663924166,3.9127168663924174
37183,3919.0,3.0840055085579383,20878.0,16.429667519181585,5.327379433528962,5.327379433528961
37185,5509.5,259.2705882352941,9992.0,470.21176470588233,1.8135947000635266,1.8135947000635266
37187,526.0,3155.9999936880004,2058.0,12347.999975304,3.91254752851711,3.9125475285171096
37191,9246.0,183.39173552506503,78542.0,1557.857851136671,8.494700410988536,8.494700410988536
37193,15.0,1.3432835816885722,15.0,1.3432835816885722,1.0,1.0
37195,4003.0,82.82068966088418,20550.0,425.17241382242565,5.133649762677991,5.133649762677991
42001,563.5,17.160049629445165,1119.0,33.32009925889033,1.9858030168589176,1.9417251102651774
42011,1727.0,80.32558139534883,1727.0,80.32558139534883,1.0,1.0
42029,2559.0,20.296100468022765,4518.0,35.833443499228935,1.7655334114888628,1.7655334114888628
42045,101.0,4.053511705143342,101.0,4.053511705143342,1.0,1.0
42071,3061.5,33.61207685392908,3573.0,39.22781335916662,1.1670749632533073,1.167074963253307
42091,1194.0,7.400826447810088,1194.0,7.400826447810088,1.0,1.0
42133,2477.0,22.3825301137402,9173.0,82.88855419190104,3.7032700847799758,3.703270084779976
44003,359.0,9.146496815286625,984.0,25.07006369426752,2.7409470752089136,2.740947075208914
44005,911.0,116.2978723453744,4998.0,638.0425532186401,5.486278814489572,5.486278814489571
44007,124.0,3.827319587508901,711.0,10.994845360257996,5.733870967741935,2.872727272669237
44009,474.0,18.289389065171783,1416.0,54.63665594152583,2.9873417721518987,2.9873417721518987
45001,5532.0,457.82068978146776,5717.0,473.1310346132775,1.0334417932031814,1.0334417932031814
45003,1326.0,6.364800001018368,19849.0,95.27520001524404,14.969079939668175,14.969079939668175
45005,367.0,550.49999972475,16688.0,25031.999987484,45.47138964577657,45.47138964577657
45007,17614.0,168.420717185154,19455.0,186.0239044417606,1.1045191325082322,1.1045191325082322
45009,606.0,661.0909088505124,12895.0,14067.272722157357,21.278877887788777,21.27887788778878
45011,821.0,547.3333333333334,21574.0,14382.666666666666,26.27771010962241,26.277710109622408
45013,3197.5,21.036184210526315,590997.0,3888.1381578947367,184.8309616888194,184.8309616888194
45015,16747.0,63.136663524976434,146490.0,552.2714420358153,8.747238311339345,8.747238311339345
45017,537.0,134.25,7409.0,1852.25,13.797020484171322,13.797020484171322
45019,6565.0,18.95572666207466,340188.0,982.2560154939612,51.81843107387662,51.818431073876624
45021,3409.0,204.539999959092,8045.0,482.69999990346,2.3599295981226165,2.359929598122617
45023,209.0,9.32342007296306,674.0,30.066914493670343,3.22488038277512,3.2248803827751193
45025,528.0,43.69655173619215,2170.0,179.58620694609274,4.109848484848484,4.109848484848485
45027,2973.0,312.94736842105266,19536.0,2056.4210526315787,6.571140262361252,6.57114026236125
45029,3158.5,758.0399999393568,61952.0,14868.47999881052,19.61437391166693,19.61437391166693
45031,3221.5,198.24615384615385,33848.0,2082.9538461538464,10.50690672047183,10.50690672047183
45033,1898.0,555.5121950677549,9831.0,2877.365853377818,5.1796628029504745,5.1796628029504745
45035,5397.0,54.01501250862335,67053.0,671.0892410118068,12.424124513618677,12.424124513618677
45037,708.0,46.939226529710325,2092.0,138.69613262733617,2.9548022598870056,2.954802259887006
45039,1779.5,234.65934066965536,4958.0,653.8021978309364,2.7861758921045237,2.7861758921045237
45041,530.0,9.680365296803654,7745.0,141.46118721461187,14.61320754716981,14.613207547169809
45043,2778.0,103.20743032777617,59540.0,2212.0123836269954,21.432685385169187,21.432685385169187
45045,18951.0,40.6455764075067,20463.0,43.88847184986595,1.07978470793098,1.07978470793098
45047,1652.0,102.71502592802383,3899.0,242.4248705165648,2.360169491525424,2.3601694915254243
45049,2230.0,2058.461539094911,52084.0,48077.53847633155,23.356053811659194,23.356053811659194
45051,17459.0,28.430994709101963,370280.0,602.9800516001075,21.208545735723696,21.2085457357237
45053,2697.0,23.36750901852202,70667.0,612.2772561408586,26.202076381164257,26.202076381164257
45055,1519.0,37.124236249521445,13072.0,319.47861504525633,8.605661619486504,8.605661619486504
45057,2912.0,35.80327868999194,5777.0,71.02868852750117,1.98385989010989,1.9838598901098898
45059,1333.5,25.768115942028984,6317.0,122.06763285024157,4.737157855268092,4.737157855268093
45061,1934.5,1289.6666666666665,13979.0,9319.333333333334,7.226156629620057,7.226156629620058
45063,3292.5,23.078271022645264,30500.0,213.78504667902217,9.263477600607441,9.263477600607441
45065,146.5,12.46808510638298,250.0,21.27659574468085,1.7064846416382253,1.706484641638225
45067,314.5,49.657894739455685,2019.0,318.78947370098894,6.419713831478537,6.4197138314785365
45069,306.5,613.0,1882.0,3764.0,6.140293637846656,6.140293637846656
45071,1848.5,143.1096773824233,2241.0,173.49677414877502,1.2123343251284826,1.2123343251284824
45075,5134.0,708.1379310344828,33118.0,4568.0,6.450720685625243,6.450720685625243
45077,8626.0,71.88333333333334,8626.0,71.88333333333334,1.0,1.0
45079,1453.5,5.023617512099495,19651.0,67.91820277280164,13.519779841761267,13.519779841761267
45081,1508.0,348.00000002676927,4114.0,949.384615457645,2.7281167108753315,2.7281167108753315
45083,4365.0,16.740172579098754,6012.0,23.056567593480345,1.377319587628866,1.377319587628866
45085,2074.5,64.49222797259148,15747.0,489.54404140004726,7.590744757772957,7.590744757772957
45087,865.0,182.10526315789474,1751.0,368.6315789473685,2.0242774566473987,2.024277456647399
45089,3500.0,1199.9999998628573,32115.0,11010.85714159876,9.175714285714285,9.175714285714285
45091,14.0,1.0,347.0,1.6329411764705883,24.785714285714285,1.6329411764705883
48001,2.0,1.1206896550868013,3.0,1.2413793101736028,1.5,1.107692307624142
48005,3347.5,334.75,26917.0,2691.7,8.040926064227035,8.040926064227035
48007,6014.5,353.79411764705884,71554.0,4209.058823529412,11.89691578684845,11.89691578684845
48013,541.0,28.98214285196747,14474.0,775.392857004394,26.754158964879853,26.754158964879853
48015,1445.0,42.29268292270315,28984.0,848.3121950391891,20.058131487889273,20.058131487889273
48021,8048.5,52.461705583386916,26151.0,170.4573600933281,3.249176865254395,3.249176865254395
48025,649.0,519.2,5068.0,4054.4,7.808936825885978,7.8089368258859775
48027,247.0,1.0,6151.0,22.90875232774674,24.902834008097166,22.90875232774674
48029,438.0,1.0,18638.0,26.920558499129537,42.55251141552512,26.920558499129537
48031,501.0,601.20000024048,501.0,601.20000024048,1.0,1.0
48035,28.0,22.4,28.0,22.4,1.0,1.0
48039,16497.5,49.99242424242425,444189.0,1346.0272727272727,26.924624943173207,26.924624943173203
48041,1432.0,7.7720488466757125,12216.0,66.3012211668928,8.53072625698324,8.53072625698324
48051,1378.0,375.8181817840165,6717.0,1831.9090907425536,4.874455732946299,4.874455732946299
48053,2575.0,34.68013468013468,2575.0,34.68013468013468,1.0,1.0
48055,2013.0,45.66351607150575,21174.0,480.3175803765835,10.518628912071534,10.518628912071534
48057,1488.0,187.95789472892807,13608.0,1718.9052630855197,9.14516129032258,9.145161290322582
48061,7217.0,37.23301806315271,520865.0,2687.1797081147342,72.17195510599973,72.17195510599971
48067,128.0,128.0,128.0,128.0,1.0,1.0
48071,3219.0,61.411764701977,57329.0,1093.717011059223,17.809568188878533,17.809568188878533
48073,95.0,29.23076923076923,932.0,286.7692307692308,9.810526315789474,9.810526315789474
48089,279.5,115.65517239784069,7747.0,3205.655171971634,27.717352415026834,27.71735241502683
48091,5792.0,20.787719298245612,11564.0,40.575438596491225,1.9965469613259668,1.951894674656089
48099,882.0,27.419689116329568,882.0,27.419689116329568,1.0,1.0
48123,989.0,1318.6666666666667,5590.0,7453.333333333333,5.6521739130434785,5.652173913043478
48145,327.0,981.000000981,504.0,1512.000001512,1.5412844036697249,1.5412844036697246
48149,638.0,332.8695651595009,10299.0,5373.391303413323,16.142633228840126,16.142633228840126
48157,3668.0,4.173654180104193,719874.0,714.3378814190028,196.25790621592148,171.15406562054207
48161,4.0,23.999999952000003,4.0,23.999999952000003,1.0,1.0
48163,8.0,8.0,8.0,8.0,1.0,1.0
48167,4450.5,16.392265193370164,504698.0,1858.924493554328,113.40253904055724,113.40253904055726
48175,197.5,237.0000000948,4802.0,5762.40000230496,24.313924050632913,24.313924050632913
48177,550.5,600.5454543270744,8153.0,8894.181814947571,14.810172570390554,14.810172570390556
48183,477.0,29.65803109422965,477.0,29.65803109422965,1.0,1.0
48185,1945.0,212.1818181741025,12705.0,1385.9999999496,6.532133676092545,6.532133676092545
48187,2293.0,13.331395348837209,26564.0,154.4418604651163,11.584823375490624,11.584823375490625
48199,8864.0,297.1173184689517,76634.0,2568.737430454608,8.645532490974729,8.64553249097473
48201,15650.0,6.284509587390824,4660630.0,1871.551049091457,297.8038338658147,297.80383386581474
48203,313.0,44.1882352961971,472.0,66.63529412078285,1.5079872204472844,1.5079872204472844
48209,18563.0,42.26869069887904,32944.0,75.01480075331956,1.774713139040026,1.7747131390400257
48215,20984.0,34.129574412259664,674533.0,1097.098942862407,32.14511056042699,32.14511056042699
48217,508.0,93.78461537884402,508.0,93.78461537884402,1.0,1.0
48225,101.5,406.0,1997.0,7988.0,19.67487684729064,19.67487684729064
48241,2301.0,613.5999999999999,39168.0,10444.8,17.022164276401565,17.022164276401565
48245,2566.5,89.79008747402801,553238.0,19355.265308379625,215.56127021235145,215.56127021235145
48249,525.0,1050.0,6604.0,13208.0,12.57904761904762,12.57904761904762
48255,679.0,104.46153846153848,4390.0,675.3846153846154,6.46539027982327,6.465390279823268
48259,10.0,1.0,10.0,1.0,1.0,1.0
48273,380.5,190.25,37500.0,18750.0,98.5545335085414,98.5545335085414
48283,6.0,8.9999999955,26.0,38.9999999805,4.333333333333333,4.333333333333334
48285,215.0,286.6666666666667,5876.0,7834.666666666667,27.330232558139535,27.330232558139535
48287,393.5,262.33333333333337,3360.0,2240.0,8.538754764930115,8.538754764930113
48291,8967.5,81.46101440770961,119236.0,1083.1430737571968,13.296459436855312,13.29645943685531
48293,141.0,99.5294117412872,141.0,99.5294117412872,1.0,1.0
48297,1418.5,1418.5,7200.0,7200.0,5.075784279168135,5.075784279168135
48309,2256.5,26.70414201183432,3013.0,35.65680473372781,1.3352537115001109,1.3352537115001106
48313,406.0,4872.000019488,2469.0,29628.000118512,6.08128078817734,6.08128078817734
48315,114.0,170.9999999145,114.0,170.9999999145,1.0,1.0
48321,1913.0,150.0392156862745,23437.0,1838.1960784313728,12.251437532671197,12.251437532671199
48331,831.5,129.5844155776839,2040.0,317.92207790556245,2.453397474443776,2.4533974744437765
48339,19520.0,17.666490680242404,581742.0,526.5030543701628,29.80235655737705,29.802356557377053
48347,936.0,320.9142856776098,9468.0,3246.1714282004377,10.115384615384615,10.115384615384615
48349,4.0,1.0,4.0,1.0,1.0,1.0
48355,2805.0,24.094488182077452,338192.0,2905.0135997408697,120.56755793226381,120.56755793226384
48361,14354.0,732.9702128907184,187225.0,9560.4255335422,13.043402535878501,13.043402535878501
48365,559.0,1118.0,2743.0,5486.0,4.906976744186046,4.906976744186046
48373,5096.0,79.52145644106743,35410.0,552.561768559301,6.9485871271585555,6.9485871271585555
48391,299.0,149.5,9837.0,4918.5,32.89966555183946,32.89966555183946
48401,263.0,789.000000789,1876.0,5628.000005628,7.133079847908745,7.133079847908745
48405,493.0,2957.999994084,3852.0,23111.999953776,7.813387423935091,7.813387423935092
48407,3207.0,66.92869564751801,21477.0,448.2156521427328,6.696913002806361,6.69691300280636
48409,2576.0,89.86046510583017,71300.0,2487.209302036371,27.678571428571427,27.67857142857143
48419,677.0,8124.000032496,6133.0,73596.00029438401,9.059084194977844,9.059084194977844
48453,8826.0,6.186087261258104,24014.0,16.831259856316805,2.720824835712667,2.7208248357126674
48455,1802.0,21624.000086496002,7691.0,92292.000369168,4.26803551609323,4.26803551609323
48457,2051.0,4922.39999606208,32229.0,77349.59993812031,15.713798147245246,15.713798147245244
48469,1431.0,399.3488372464511,17007.0,4746.139535325222,11.884696016771489,11.884696016771485
48471,2659.5,60.55787475821192,21777.0,495.8709677042983,8.188381274675692,8.188381274675693
48473,1444.0,35.87577639751553,31116.0,773.0683229813665,21.548476454293628,21.548476454293628
48477,96.5,10.432432432432432,3267.0,353.1891891891892,33.854922279792746,33.85492227979275
48479,39.0,2.0,1461.0,12.107734803285156,37.46153846153846,6.053867401642578
48481,1598.0,100.39790573813657,15080.0,947.4345547754064,9.436795994993743,9.43679599499374
48489,769.0,256.3333333333333,39760.0,13253.333333333334,51.70351105331599,51.703511053316
48491,3572.0,5.682619647656509,17648.0,28.075831898612,4.940649496080627,4.940649496080627
48493,701.0,62.31111111111112,23642.0,2101.511111111111,33.72610556348074,33.726105563480736
51001,575.0,38.12154696975062,2181.0,144.596685114828,3.7930434782608695,3.79304347826087
51003,90.0,1.3333333333333335,1133.0,16.785185185185185,12.588888888888889,12.588888888888887
51007,44.0,8.8,54.0,10.8,1.2272727272727273,1.2272727272727273
51025,33.0,10.702702703859751,289.0,93.72972973986268,8.757575757575758,8.757575757575758
51029,9.0,1.125,10.0,1.25,1.1111111111111112,1.1111111111111112
51033,677.0,25.547169811320757,5487.0,207.0566037735849,8.104874446085672,8.10487444608567
51036,3.0,3.0,6.0,6.0,2.0,2.0
51037,4.0,1.2307692307692308,13.0,4.0,3.25,3.25
51041,679.0,3.53185955786736,2106.0,10.95448634590377,3.101620029455081,3.101620029455081
51043,287.5,230.0,547.0,437.6,1.902608695652174,1.902608695652174
51047,345.0,9.74117646967142,838.0,23.6611764683613,2.428985507246377,2.428985507246377
51049,688.0,103.19999999484,1209.0,181.3499999909325,1.757267441860465,1.7572674418604652
51053,18.0,3.0,63.0,9.219512195571683,3.5,3.073170731857228
51057,2205.5,696.4736841372132,5553.0,1753.578947183834,2.5177964180457946,2.517796418045795
51061,1253.0,52.573426580779504,2568.0,107.74825176332143,2.0494812450119713,2.0494812450119713
51065,696.0,60.52173913043478,1388.0,120.69565217391305,1.9942528735632183,1.9942528735632186
51069,1408.0,19.37614678810201,1408.0,19.37614678810201,1.0,1.0
51073,1516.0,214.0235294218364,10222.0,1443.105882420852,6.742744063324539,6.742744063324538
51075,104.0,6.0,310.0,11.552795032491032,2.980769230769231,1.9254658387485053
51079,241.0,14.176470588235293,430.0,25.294117647058822,1.7842323651452283,1.7842323651452283
51081,1427.0,713.5,6438.0,3219.0,4.51156271899089,4.51156271899089
51083,11.0,1.3608247423241575,68.0,8.41237113436752,6.181818181818182,6.1818181818181825
51085,47.0,3.0,198.0,6.0,4.212765957446808,2.0
51087,297.0,3.0,1077.0,7.077765606335648,3.6262626262626263,2.3592552021118824
51093,321.0,14.988326845916212,996.0,46.50583656863722,3.102803738317757,3.102803738317757
51095,74.0,3.0,180.0,6.033519553746762,2.4324324324324325,2.0111731845822542
51097,534.5,178.16666666666669,1680.0,560.0,3.1431244153414406,3.14312441534144
51099,23.0,3.0,66.0,6.0,2.869565217391304,2.0
51101,1146.0,106.6046511627907,1782.0,165.7674418604651,1.5549738219895288,1.5549738219895286
51103,592.0,55.937007891633705,3552.0,335.6220473498022,6.0,5.999999999999999
51107,31.0,1.0,337.0,3.0,10.870967741935484,3.0
51109,5535.0,162.7941176470588,6875.0,202.2058823529412,1.2420957542908762,1.2420957542908764
51111,4.0,1.9200000003072,18.0,8.640000001382399,4.5,4.499999999999999
51115,3.0,3.0,6.0,6.0,2.0,2.0
51117,83.5,6.549019607843137,184.0,14.431372549019608,2.2035928143712575,2.2035928143712575
51119,768.0,95.01030928226845,5571.0,689.1958763170802,7.25390625,7.253906250000001
51127,6.0,3.0,12.0,6.0,2.0,2.0
51131,1056.0,77.2682926640809,5397.0,394.90243892807257,5.110795454545454,5.110795454545454
51133,27.0,5.4,72.0,14.4,2.6666666666666665,2.6666666666666665
51135,38.0,8.0,69.0,14.526315789473683,1.8157894736842106,1.8157894736842104
51137,282.0,8.213592233807145,299.0,8.708737864923178,1.0602836879432624,1.0602836879432624
51139,783.0,57.29268291285545,866.0,63.3658536430815,1.1060025542784164,1.1060025542784162
51143,101.0,16.833333333333332,101.0,16.833333333333332,1.0,1.0
51145,793.0,82.7478260898347,1179.0,123.0260869608009,1.4867591424968474,1.4867591424968474
51147,3.0,1.0,5.0,1.0,1.6666666666666667,1.0
51149,265.0,44.16666666666666,750.0,125.0,2.830188679245283,2.8301886792452837
51153,1238.0,10.476727782658187,1668.0,14.11565584933268,1.3473344103392568,1.3473344103392568
51157,84.0,29.6470588270173,228.0,80.47058824476125,2.7142857142857144,2.7142857142857144
51171,8.0,1.0,14.0,1.0,1.75,1.0
51175,996.0,199.2,7952.0,1590.4,7.983935742971887,7.983935742971888
51177,4573.0,77.61810466321822,7969.0,135.2588401620787,1.7426197244697135,1.7426197244697135
51179,826.5,27.473684213570493,6534.0,217.19667592434317,7.90562613430127,7.905626134301271
51181,80.0,26.666666666666668,192.0,64.0,2.4,2.4
51183,825.0,341.3793102977408,4572.0,1891.862068704571,5.541818181818182,5.541818181818182
51187,9.0,3.0,54.0,3.811764704985467,6.0,1.2705882349951556
51193,2008.0,109.52727274718679,10488.0,572.0727273767405,5.223107569721115,5.223107569721115
51199,427.0,27.401069524577768,1704.0,109.34759360627756,3.990632318501171,3.990632318501171
51550,1234.0,24.804020100502512,3702.0,74.41206030150754,3.0,3.0
51630,81.0,26.2702702731103,108.0,35.027027030813734,1.3333333333333333,1.3333333333333335
51650,236.0,41.64705882107958,1200.0,211.76470586989615,5.084745762711864,5.084745762711863
51670,45.0,12.857142857142858,90.0,25.714285714285715,2.0,2.0
51683,1335.0,178.0,1335.0,178.0,1.0,1.0
51700,915.5,21.04597701149425,3012.0,69.24137931034483,3.2900054614964502,3.2900054614964502
51710,130.0,3.5616438356164384,612.0,16.767123287671232,4.707692307692308,4.707692307692308
51730,395.0,40.16949152678541,966.0,98.23728813892328,2.4455696202531647,2.445569620253164
51740,672.0,26.88,1344.0,53.76,2.0,2.0
51800,21.0,3.0,1527.0,26.94705882194429,72.71428571428571,8.982352940648097
51810,294.0,5.297297297297297,1566.0,28.216216216216218,5.326530612244898,5.326530612244898
51840,36.0,4.747252747461418,36.0,4.747252747461418,1.0,1.0
