fips,wua_wind,wua_scaled,eard_wind,eard_scaled,eard_diff,eard_ratio
1001,12816.0,17010.0,8.62952544,11.4535134,2.82398796,1.327247191011236
1003,2972639.0,3263010.0,2001.5967442600002,2197.1151534,195.5184091399999,1.0976812186074394
1005,95343.0,101658.0,64.19825562,68.45039772,4.2521421,1.0662345426512696
1007,1872.0,1972.0,1.2604924800000001,1.3278264800000001,0.067334,1.0534188034188035
1009,0.0,0.0,0.0,0.0,0.0,
1011,5859.0,6604.0,3.94509906,4.44673736,0.5016383000000002,1.1271548045741595
1013,79680.0,85866.0,53.6517312,57.81701244,4.165281239999999,1.0776355421686747
1015,0.0,0.0,0.0,0.0,0.0,
1017,2782.0,4183.0,1.87323188,2.81658122,0.9433493400000001,1.5035945363048167
1019,0.0,0.0,0.0,0.0,0.0,
1021,585.0,780.0,0.39390390000000003,0.5252052,0.1313013,1.3333333333333333
1023,25355.0,29803.0,17.0725357,20.06755202,2.9950163200000013,1.1754289094853088
1025,31759.0,37676.0,21.384605060000002,25.36875784,3.9841527799999987,1.1863093926131174
1027,80.0,80.0,0.053867200000000004,0.053867200000000004,0.0,1.0
1031,182785.0,193812.0,123.07645190000001,130.50137208,7.424920180000001,1.0603277074158164
1035,90480.0,98803.0,60.9238032,66.52801202,5.604208820000004,1.0919871794871796
1037,71.0,71.0,0.047807140000000005,0.047807140000000005,0.0,1.0
1039,309707.0,330592.0,208.53811138,222.60081728,14.062705899999997,1.067434704414172
1041,64025.0,69940.0,43.1105935,47.093399600000005,3.982806100000005,1.0923857868020306
1043,0.0,0.0,0.0,0.0,0.0,
1045,226752.0,235832.0,152.68119168,158.79511888000002,6.113927200000006,1.0400437482359584
1047,14212.0,16375.0,9.56950808,11.025942500000001,1.4564344200000008,1.1521953278919224
1049,0.0,0.0,0.0,0.0,0.0,
1051,10480.0,11576.0,7.0566032000000005,7.7945838400000005,0.73798064,1.1045801526717558
1053,477115.0,504463.0,321.2606141,339.67511642,18.414502319999997,1.057319514163252
1055,0.0,0.0,0.0,0.0,0.0,
1057,274.0,369.0,0.18449516000000002,0.24846246000000002,0.0639673,1.3467153284671534
1061,434349.0,465109.0,292.46455566000003,313.17649406000004,20.711938400000008,1.0708186274171232
1063,4828.0,5195.0,3.25088552,3.4980013000000003,0.24711578000000012,1.0760149130074566
1065,8016.0,8689.0,5.39749344,5.85065126,0.4531578200000004,1.0839570858283434
1067,145979.0,154438.0,98.29349986,103.98928292000001,5.695783060000011,1.057946690962399
1069,511421.0,546849.0,344.36021614000003,368.21530566,23.85508951999998,1.0692736512579655
1071,0.0,0.0,0.0,0.0,0.0,
1073,2134.0,2419.0,1.43690756,1.62880946,0.19190189999999996,1.133552014995314
1075,162.0,181.0,0.10908108000000001,0.12187454,0.012793459999999993,1.1172839506172838
1077,0.0,0.0,0.0,0.0,0.0,
1081,28981.0,33548.0,19.51406654,22.58921032,3.0751437799999977,1.1575860046237187
1085,471.0,527.0,0.31714314,0.35485018,0.037707040000000025,1.118895966029724
1087,15479.0,17631.0,10.42262986,11.871657540000001,1.4490276800000004,1.1390270689321016
1089,0.0,0.0,0.0,0.0,0.0,
1091,12761.0,16057.0,8.59249174,10.81182038,2.2193286400000005,1.2582869681059479
1093,0.0,0.0,0.0,0.0,0.0,
1095,0.0,0.0,0.0,0.0,0.0,
1097,2661743.0,3068373.0,1792.25803162,2066.0582758200003,273.8002442000002,1.1527683176024133
1099,76187.0,82360.0,51.299754580000005,55.4562824,4.156527819999994,1.081024321734679
1101,45051.0,49452.0,30.33464034,33.29800968,2.96336934,1.09768928547646
1105,2395.0,2973.0,1.6126493000000002,2.0018398200000003,0.3891905200000001,1.2413361169102297
1107,78.0,106.0,0.05252052,0.07137404,0.01885352,1.358974358974359
1109,113096.0,124775.0,76.15206064,84.01599850000001,7.863937860000007,1.1032662516799887
1111,51.0,76.0,0.034340340000000004,0.051173840000000005,0.0168335,1.4901960784313726
1113,30593.0,34692.0,20.59949062,23.35951128,2.7600206599999986,1.1339848985061942
1115,0.0,0.0,0.0,0.0,0.0,
1117,629.0,629.0,0.42353086,0.42353086,0.0,1.0
1119,9051.0,10132.0,6.09440034,6.82228088,0.7278805400000001,1.119434316650094
1121,0.0,0.0,0.0,0.0,0.0,
1123,2326.0,2675.0,1.5661888400000001,1.8011845,0.23499565999999983,1.1500429922613928
1125,6425.0,7551.0,4.3262095,5.084390340000001,0.7581808400000005,1.1752529182879379
1127,882.0,882.0,0.59388588,0.59388588,0.0,1.0
1129,182383.0,212616.0,122.80576922,143.16285744,20.35708822000001,1.1657665462241547
1131,19952.0,21799.0,13.43447968,14.67813866,1.2436589799999993,1.0925721732157176
1133,0.0,0.0,0.0,0.0,0.0,
9001,1.0,142.0,0.00067334,0.09561428000000001,0.09494094000000002,142.0
9003,7427.0,9561.0,5.00089618,6.4378037400000006,1.4369075600000007,1.2873300121179483
9005,862.0,1235.0,0.58041908,0.8315749,0.25115582000000003,1.4327146171693736
9007,7157.0,9953.0,4.81909438,6.70175302,1.8826586399999998,1.3906664803688695
9009,3796.0,7117.0,2.5559986400000003,4.792160780000001,2.2361621400000002,1.874868282402529
9011,17198.0,30225.0,11.58010132,20.3517015,8.77160018,1.7574717990464006
9013,2234.0,2490.0,1.50424156,1.6766166,0.17237503999999992,1.1145926589077886
9015,10524.0,16049.0,7.08623016,10.80643366,3.7202034999999993,1.5249904979095399
10001,44743.0,68557.0,30.127251620000003,46.16217038,16.034918759999996,1.532239679949936
10003,2990.0,4111.0,2.0132866000000003,2.76810074,0.7548141399999997,1.374916387959866
10005,159531.0,211781.0,107.41860354,142.60061854,35.18201499999999,1.327522550476083
12001,1850344.0,1990960.0,1245.91062896,1340.5930064000001,94.68237744000021,1.0759945177761543
12003,617795.0,645747.0,415.9860853,434.80728498,18.821199680000007,1.0452447818451105
12005,2042518.0,2192159.0,1375.3090701200001,1476.06834106,100.75927093999985,1.0732630018438025
12007,584396.0,607058.0,393.49720264,408.75643372,15.259231080000006,1.0387784995106057
12009,7134410.0,7720773.0,4803.8836294,5198.705291820001,394.8216624200004,1.0821880155471861
12011,8200222.0,8813572.0,5521.537481480001,5934.53057048,412.9930889999996,1.074796755502473
12013,389752.0,414749.0,262.43561168,279.26709166,16.831479979999983,1.0641356554937498
12015,5020115.0,5605733.0,3380.2442341,3774.5642582200003,394.3200241200002,1.1166542997520974
12017,4277527.0,4569335.0,2880.23003018,3076.7160289000003,196.48599872000023,1.0682188563625665
12019,2640109.0,2833647.0,1777.69099406,1908.00787098,130.3168769199999,1.0733068218016755
12021,9272957.0,10174730.0,6243.852866380001,6851.0526982,607.1998318199994,1.0972476201496457
12023,1532329.0,1626427.0,1031.7784088600001,1095.13835618,63.35994731999995,1.0614084834262094
12027,1470072.0,1550843.0,989.8582804800001,1044.24462562,54.38634514,1.0549435673898966
12029,1056042.0,1134617.0,711.07532028,763.9830107800001,52.90769050000006,1.0744051846422775
12031,5836021.0,6310240.0,3929.62638014,4248.9370016,319.3106214600002,1.081257247018131
12033,2492601.0,2637795.0,1678.36795734,1776.1328853,97.76492796000002,1.0582499966902044
12035,657211.0,713599.0,442.52645474,480.49475066,37.96829592,1.0857989291110466
12037,340450.0,373636.0,229.238603,251.58406424,22.34546123999999,1.0974768688500514
12039,697454.0,753956.0,469.62367636000005,507.66873304,38.04505667999996,1.0810117943262207
12041,619104.0,654778.0,416.86748736000004,440.88821852,24.02073115999997,1.0576219827363416
12043,1034767.0,1096595.0,696.75001178,738.3812773000001,41.631265520000056,1.0597506491799604
12045,420196.0,463173.0,282.93477464,311.87290782,28.938133180000023,1.102278460527944
12047,268479.0,291686.0,180.77764986,196.40385124,15.626201379999998,1.0864387903709414
12049,713607.0,757556.0,480.50013738,510.09275704000004,29.592619660000025,1.0615871200815015
12051,2137813.0,2241025.0,1439.4750054200001,1508.9717735000002,69.49676808000004,1.048279246126766
12053,3310586.0,3632727.0,2229.14997724,2446.06039818,216.91042093999977,1.0973063379111734
12055,2898418.0,3062208.0,1951.62077612,2061.90713472,110.28635860000009,1.0565101375992008
12057,9209169.0,10173791.0,6200.90185446,6850.4204319400005,649.5185774800002,1.1047458245146766
12059,357224.0,377022.0,240.53320816000002,253.86399348,13.33078531999999,1.0554218081651847
12061,1411279.0,1611060.0,950.27060186,1084.7911404000001,134.52053854000008,1.1415602442890458
12063,621892.0,662531.0,418.74475928000004,446.10862354,27.363864259999957,1.0653473593485685
12065,201926.0,221813.0,135.96485284,149.35556542,13.390712580000013,1.0984865742895913
12067,273516.0,296459.0,184.16926344,199.61770306,15.448439619999988,1.0838817473200837
12069,3963183.0,4271312.0,2668.56964122,2876.0452220800003,207.47558086000026,1.0777478607472832
12071,19869306.0,21661512.0,13378.798502040001,14585.562490080001,1206.7639880400002,1.0901997281636309
12073,1771869.0,1887500.0,1193.07027246,1270.9292500000001,77.85897754000007,1.0652593391497904
12075,2038928.0,2206935.0,1372.89177952,1486.0176129000001,113.12583338000013,1.08239967276922
12077,154917.0,165697.0,104.31181278000001,111.57041798,7.258605199999991,1.0695856490895124
12079,383273.0,406716.0,258.07304182,273.85815144000003,15.785109620000014,1.0611652790569646
12081,5636213.0,6107282.0,3795.08766142,4112.27726188,317.18960045999984,1.083578991780474
12083,6363879.0,6799039.0,4285.05428586,4578.06492026,293.0106343999996,1.0683796784948298
12085,2017600.0,2234086.0,1358.530784,1504.29946724,145.76868323999997,1.107298770816812
12086,12055963.0,13489330.0,8117.762126420001,9082.9054622,965.1433357799997,1.118892783595968
12087,2064463.0,2216822.0,1390.08551642,1492.67492548,102.58940905999998,1.073800789842201
12089,1566529.0,1667376.0,1054.80663686,1122.71095584,67.90431897999997,1.0643760824089437
12091,1319518.0,1443461.0,888.4842501200001,971.94002974,83.45577961999993,1.093930510989619
12093,2334963.0,2464107.0,1572.22398642,1659.18180738,86.95782095999994,1.055308799325728
12095,5120580.0,5571357.0,3447.8913372,3751.4175223800003,303.5261851800001,1.0880324103910104
12097,1685669.0,1800295.0,1135.0283644600001,1212.2106353000001,77.18227084,1.0680003013640282
12099,5657889.0,6017662.0,3809.68297926,4051.93253108,242.24955181999985,1.0635878505216345
12101,8335945.0,9077788.0,5612.9252063,6112.43777192,499.5125656199998,1.0889932695093358
12103,10099310.0,11270601.0,6800.269395400001,7588.9464773400005,788.6770819399999,1.1159773291442683
12105,9642463.0,10380149.0,6492.65603642,6989.36952766,496.7134912399997,1.0765038973963394
12107,3072420.0,3260116.0,2068.7832828,2195.1665074400003,126.38322464000021,1.0610906061020304
12109,2135351.0,2326598.0,1437.8172423400001,1566.5914973200001,128.77425498000002,1.0895623248824198
12111,3044643.0,3226305.0,2050.0799176200003,2172.4002087,122.3202910799996,1.059666108637367
12113,2333630.0,2531310.0,1571.3264242,1704.4322754,133.10585119999996,1.0847092298264935
12115,8577899.0,9194008.0,5775.8425126600005,6190.693346720001,414.8508340600001,1.0718251637143315
12117,1979640.0,2052700.0,1332.9707976,1382.1650180000001,49.19422040000018,1.0369057000262676
12119,1234087.0,1321684.0,830.96014058,889.94270456,58.98256398000001,1.0709812193143595
12121,1765588.0,1913753.0,1188.84102392,1288.6064450200001,99.76542110000014,1.0839182187463894
12123,809948.0,891937.0,545.37038632,600.57685958,55.20647326000005,1.1012274862089912
12125,242690.0,253886.0,163.4128846,170.95159924,7.538714639999995,1.0461329267790185
12127,4539668.0,4847969.0,3056.7400511200003,3264.3314464600003,207.59139533999996,1.0679126755524853
12129,805091.0,864699.0,542.09997394,582.23642466,40.13645071999997,1.0740388353614685
12131,1461933.0,1612851.0,984.3779662200001,1085.99709234,101.61912612000003,1.1032318170531754
12133,690131.0,729577.0,464.69280754000005,491.25337718000003,26.560569639999983,1.0571572643454648
13001,198083.0,212250.0,133.37720722,142.916415,9.539207779999998,1.0715205242246937
13003,87427.0,98380.0,58.86809618,66.2431892,7.375093020000001,1.1252816635593124
13005,114884.0,120479.0,77.35599256,81.12332986,3.767337299999994,1.0487012987012987
13007,13954.0,14823.0,9.39578636,9.980918820000001,0.5851324600000005,1.0622760498781711
13009,24153.0,26722.0,16.26318102,17.99299148,1.7298104599999995,1.106363598724796
13011,751.0,751.0,0.50567834,0.50567834,0.0,1.0
13013,2.0,2.0,0.00134668,0.00134668,0.0,1.0
13017,48791.0,54763.0,32.852931940000005,36.87411842,4.021186479999997,1.122399622881269
13019,171963.0,181540.0,115.78956642,122.2381436,6.448577180000001,1.055692212859743
13021,10050.0,10437.0,6.767067,7.02764958,0.26058258000000034,1.0385074626865671
13023,12633.0,13446.0,8.50630422,9.05372964,0.5474254199999997,1.0643552600332462
13025,419334.0,439954.0,282.35435556,296.23862636,13.884270800000024,1.0491732127611881
13027,202662.0,214136.0,136.46043108,144.18633424,7.725903160000001,1.0566164352468643
13029,182185.0,202009.0,122.67244790000001,136.02074006,13.34829216,1.1088124708400802
13031,203606.0,225351.0,137.09606404000002,151.73784234000001,14.641778299999999,1.1067994066972486
13033,42691.0,47610.0,28.74555794,32.0577174,3.31215946,1.1152233491836687
13035,5948.0,6418.0,4.00502632,4.32149612,0.31646980000000013,1.0790181573638198
13037,33861.0,35627.0,22.79996574,23.989084180000003,1.1891184400000014,1.052154395912702
13039,305229.0,351562.0,205.52289486,236.72075708,31.19786221999999,1.1517975028585095
13043,62096.0,68227.0,41.811720640000004,45.93996818,4.128247539999997,1.0987342179850552
13045,254.0,254.0,0.17102836000000002,0.17102836000000002,0.0,1.0
13049,197232.0,209748.0,132.80419488,141.23171832,8.427523439999987,1.0634582623509368
13051,916259.0,1071927.0,616.9538350600001,721.7713261800001,104.81749112,1.169895193389642
13053,12435.0,12939.0,8.3729829,8.71234626,0.3393633600000001,1.040530759951749
13059,3484.0,3600.0,2.34591656,2.424024,0.07810744000000014,1.0332950631458095
13061,24362.0,25853.0,16.403909080000002,17.40785902,1.0039499399999983,1.0612018717675067
13063,0.0,0.0,0.0,0.0,0.0,
13065,94653.0,103358.0,63.73365102,69.59507572,5.8614246999999935,1.0919675023506914
13069,226000.0,241314.0,152.17484000000002,162.48636876,10.311528759999987,1.0677610619469025
13071,293241.0,310962.0,197.45089494,209.38315308,11.932258139999988,1.0604315221950544
13073,4276.0,5480.0,2.87920184,3.6899032000000003,0.8107013600000004,1.2815715622076709
13075,171079.0,190858.0,115.19433386,128.51232572,13.317991860000006,1.1156132546951993
13077,962.0,962.0,0.64775308,0.64775308,0.0,1.0
13079,38786.0,39801.0,26.11616524,26.79960534,0.6834400999999986,1.0261692363223842
13081,43305.0,48545.0,29.158988700000002,32.6872903,3.528301599999999,1.121002193742062
13087,270287.0,282115.0,181.99504858,189.9593141,7.964265519999998,1.0437608912008347
13089,0.0,0.0,0.0,0.0,0.0,
13091,37278.0,40938.0,25.100768520000003,27.56519292,2.4644243999999986,1.0981812328987606
13093,33549.0,35361.0,22.58988366,23.809975740000002,1.2200920800000006,1.054010551730305
13095,97255.0,106225.0,65.4856817,71.5255415,6.039859800000002,1.0922317618631434
13097,0.0,0.0,0.0,0.0,0.0,
13099,73477.0,78972.0,49.47500318,53.17500648,3.7000032999999988,1.0747853069668059
13101,57781.0,60463.0,38.90625854,40.71215642,1.8058978799999963,1.046416642148803
13103,435589.0,481397.0,293.29949726,324.14385598,30.844358720000002,1.1051633535282113
13105,7454.0,8746.0,5.019076360000001,5.889031640000001,0.8699552800000001,1.173329755835793
13107,55457.0,59402.0,37.34141638,39.99774268,2.6563263000000035,1.0711361956110141
13109,63556.0,71250.0,42.79479704,47.975475,5.180677960000004,1.1210585939958462
13113,0.0,0.0,0.0,0.0,0.0,
13119,1172.0,1172.0,0.78915448,0.78915448,0.0,1.0
13121,1.0,1.0,0.00067334,0.00067334,0.0,1.0
13125,1807.0,2025.0,1.21672538,1.3635135,0.14678812000000008,1.1206419479800775
13127,293297.0,322796.0,197.48860198,217.35145864,19.862856660000006,1.1005772305887889
13131,263434.0,290558.0,177.38064956,195.64432372000002,18.263674160000022,1.102963171040944
13133,8112.0,8513.0,5.46213408,5.73214342,0.27000933999999965,1.0494329388560157
13135,0.0,0.0,0.0,0.0,0.0,
13139,0.0,0.0,0.0,0.0,0.0,
13141,6486.0,7773.0,4.36728324,5.23387182,0.8665885800000002,1.198427382053654
13145,5807.0,6441.0,3.91008538,4.33698294,0.42689756000000045,1.1091785775787844
13147,1142.0,1727.0,0.76895428,1.16285818,0.3939039,1.5122591943957968
13149,41.0,239.0,0.02760694,0.16092826000000002,0.13332132000000002,5.829268292682928
13151,2656.0,3135.0,1.78839104,2.1109209,0.32252985999999995,1.1803463855421685
13153,48940.0,50344.0,32.9532596,33.89862896,0.9453693600000008,1.028688189619943
13155,48421.0,50722.0,32.60379614,34.15315148,1.5493553399999982,1.047520703826852
13157,5711.0,5711.0,3.84544474,3.84544474,0.0,1.0
13159,7570.0,7633.0,5.0971838,5.13960422,0.042420420000000014,1.0083223249669748
13161,74268.0,80446.0,50.007615120000004,54.167509640000006,4.159894520000002,1.0831852210911832
13163,13639.0,14253.0,9.18368426,9.59711502,0.4134307600000007,1.0450179631937826
13165,29625.0,32584.0,19.9476975,21.94011056,1.9924130600000005,1.0998818565400843
13167,12082.0,13620.0,8.13529388,9.1708908,1.0355969199999997,1.1272968051647079
13169,29027.0,30608.0,19.54504018,20.60959072,1.064550539999999,1.0544665311606436
13171,4430.0,5764.0,2.9828962000000003,3.88113176,0.8982355599999998,1.3011286681715575
13173,92975.0,102313.0,62.603786500000005,68.89143542000001,6.287648920000002,1.100435600968002
13175,75908.0,83747.0,51.11189272,56.39020498,5.27831226,1.1032697475891868
13177,47598.0,52596.0,32.04963732,35.41499064,3.365353319999997,1.105004411950082
13179,178063.0,199307.0,119.89694042,134.20137538,14.304434959999995,1.1193060882945922
13181,1074.0,1282.0,0.72316716,0.86322188,0.14005471999999997,1.1936685288640596
13183,170522.0,187752.0,114.81928348000001,126.42093168000001,11.6016482,1.1010426807098204
13185,452834.0,491458.0,304.91124556,330.91832972000003,26.007084160000034,1.0852939487759312
13189,3901.0,5410.0,2.62669934,3.6427694,1.01607006,1.3868238913099207
13191,193113.0,210204.0,130.03070742,141.53876136,11.508053939999996,1.0885025865684859
13193,28391.0,31257.0,19.11679594,21.04658838,1.92979244,1.100947483357402
13195,21012.0,21046.0,14.14822008,14.17111364,0.02289355999999998,1.0016181229773462
13197,20145.0,23359.0,13.5644343,15.72854906,2.1641147600000004,1.1595433109952842
13199,3480.0,4886.0,2.3432232,3.2899392400000003,0.9467160400000001,1.4040229885057471
13201,28313.0,31342.0,19.06427542,21.10382228,2.039546859999998,1.1069826581429025
13205,156365.0,167030.0,105.2868091,112.4679802,7.1811711,1.0682058005308093
13207,12775.0,12917.0,8.6019185,8.69753278,0.0956142799999995,1.0111154598825831
13209,49216.0,53320.0,33.139101440000005,35.9024888,2.763387359999996,1.0833875162548763
13211,2346.0,2637.0,1.5796556400000001,1.7755975800000001,0.19594193999999998,1.1240409207161126
13215,4181.0,4676.0,2.81523454,3.14853784,0.33330329999999986,1.118392729012198
13217,2046.0,2191.0,1.3776536400000001,1.47528794,0.09763429999999995,1.0708699902248289
13219,208.0,212.0,0.14005472,0.14274808,0.0026933600000000057,1.0192307692307692
13221,5541.0,5712.0,3.73097694,3.84611808,0.11514113999999998,1.0308608554412562
13225,23733.0,24515.0,15.98037822,16.5069301,0.5265518800000013,1.0329499009817555
13229,216393.0,234094.0,145.70606262,157.62485396,11.918791339999984,1.0818002430762546
13231,3744.0,3753.0,2.5209849600000003,2.52704502,0.006060059999999812,1.002403846153846
13235,11762.0,12691.0,7.919825080000001,8.54535794,0.6255328599999999,1.0789831661282094
13237,25012.0,30659.0,16.84158008,20.64393106,3.80235098,1.2257716296177834
13239,48220.0,53513.0,32.4684548,36.03244342,3.5639886199999964,1.109767731231854
13243,31232.0,32686.0,21.029754880000002,22.00879124,0.9790363599999985,1.0465548155737705
13245,26094.0,29586.0,17.57013396,19.92143724,2.3513032799999998,1.13382386755576
13247,591.0,591.0,0.39794394,0.39794394,0.0,1.0
13249,7944.0,8820.0,5.3490129600000005,5.9388588,0.5898458399999997,1.1102719033232629
13251,140614.0,146299.0,94.68103076,98.50896866000001,3.827937900000009,1.0404298291777492
13253,131013.0,141790.0,88.21629342,95.4728786,7.256585180000002,1.082259012464412
13255,2843.0,2843.0,1.9143056200000002,1.9143056200000002,0.0,1.0
13259,17910.0,20491.0,12.059519400000001,13.797409940000001,1.7378905400000004,1.144109436069235
13261,51138.0,55545.0,34.43326092,37.4006703,2.9674093799999994,1.0861785756189135
13263,7191.0,9153.0,4.84198794,6.16308102,1.3210930799999998,1.2728410513141426
13265,2455.0,2475.0,1.6530497000000002,1.6665165000000002,0.013466800000000001,1.0081466395112015
13267,204175.0,222988.0,137.4791945,150.14673992000002,12.66754542000001,1.0921415452430514
13269,26387.0,29888.0,17.76742258,20.12478592,2.357363339999999,1.1326789707052716
13271,40539.0,44940.0,27.29653026,30.2598996,2.96336934,1.1085621253607636
13273,26935.0,30091.0,18.1364129,20.261473940000002,2.125061040000002,1.1171709671431225
13275,274174.0,298600.0,184.61232116000002,201.059324,16.447002839999982,1.0890894103744337
13277,118130.0,131359.0,79.5416542,88.44926906,8.90761486000001,1.111986794209769
13279,95893.0,102818.0,64.56859262,69.23147212,4.6628795000000025,1.0722159073133597
13283,16144.0,18103.0,10.870400960000001,12.18947402,1.3190730599999991,1.1213453914767095
13285,2285.0,2494.0,1.5385819,1.67930996,0.14072806000000004,1.0914660831509848
13287,26470.0,28339.0,17.8233098,19.08178226,1.2584724600000001,1.070608235738572
13289,12306.0,13219.0,8.28612204,8.90088146,0.6147594200000004,1.0741914513245572
13293,15195.0,16862.0,10.2314013,11.353859080000001,1.1224577800000013,1.1097071405067458
13297,954.0,1027.0,0.64236636,0.69152018,0.049153820000000015,1.0765199161425576
13299,328303.0,357289.0,221.05954202,240.57697526,19.517433240000003,1.0882903902797112
13301,1920.0,2003.0,1.2928128,1.34870002,0.055887220000000015,1.0432291666666667
13303,10101.0,10948.0,6.80140734,7.3717263200000005,0.5703189800000006,1.083853083853084
13305,363642.0,387927.0,244.85470428000002,261.20676618,16.352061899999967,1.0667827148679194
13307,1939.0,2154.0,1.30560626,1.45037436,0.14476810000000007,1.110881897885508
13309,22519.0,23978.0,15.162943460000001,16.14534652,0.9824030599999993,1.064789733114259
13315,26181.0,27329.0,17.62871454,18.40170886,0.7729943199999987,1.0438485924907375
13317,5903.0,5919.0,3.9747260200000003,3.98549946,0.010773439999999912,1.002710486193461
13319,16930.0,17726.0,11.399646200000001,11.935624840000001,0.5359786399999997,1.0470171293561725
13321,88748.0,97984.0,59.75757832,65.97654656,6.218968240000002,1.1040699508721323
22001,1294307.0,1491153.0,871.50867538,1004.05296102,132.54428564,1.152086019777379
22003,373130.0,435730.0,251.2433542,293.3944382,42.151084000000026,1.1677699461313753
22005,2220232.0,2622149.0,1494.97101488,1765.5978076600002,270.6267927800002,1.181024775789197
22007,542330.0,627519.0,365.1724822,422.53364346,57.36116126000002,1.1570796378588684
22009,301547.0,361609.0,203.04365698,243.48580406000002,40.44214708000001,1.199179564048059
22011,807560.0,930781.0,543.7624504,626.73207854,82.96962813999994,1.1525843280994599
22013,14993.0,17138.0,10.095386620000001,11.539700920000001,1.4443143000000003,1.1430667644900954
22015,21623.0,25286.0,14.55963082,17.02607524,2.46644442,1.1694029505619017
22017,22878.0,25932.0,15.40467252,17.46105288,2.0563803600000004,1.1334906897456072
22019,2612018.0,3119808.0,1758.77620012,2100.69151872,341.9153186000001,1.1944052452931029
22021,20137.0,25604.0,13.559047580000001,17.24019736,3.6811497799999984,1.271490291503203
22023,262055.0,283801.0,176.4521137,191.09456534,14.64245163999999,1.0829825799927495
22025,31217.0,34736.0,21.01965478,23.38913824,2.3694834600000014,1.1127270397539804
22027,6933.0,7980.0,4.6682662200000005,5.373253200000001,0.7049869800000002,1.151016875811337
22029,38431.0,43689.0,25.877129540000002,29.41755126,3.5404217199999977,1.1368166324061304
22031,19924.0,23544.0,13.41562616,15.853116960000001,2.437490800000001,1.181690423609717
22033,2727328.0,3294032.0,1836.41903552,2218.0035068800003,381.5844713600002,1.2077872555116218
22035,791.0,1206.0,0.53261194,0.8120480400000001,0.2794361000000001,1.524652338811631
22037,228124.0,264332.0,153.60501416,177.98530888000002,24.380294720000023,1.1587206957619542
22039,341653.0,400516.0,230.04863102000002,269.68344344,39.63481242,1.1722888427732232
22041,18183.0,22174.0,12.243341220000001,14.93064116,2.687299939999999,1.2194907331023483
22043,147311.0,167967.0,99.19038874,113.09889978000001,13.908511040000008,1.140220350143574
22045,447538.0,498184.0,301.34523692,335.44721456,34.10197764000003,1.1131658093837842
22047,435852.0,488970.0,293.47658568,329.2430598,35.76647412,1.12187164450318
22049,22703.0,26501.0,15.286838020000001,17.84418334,2.5573453199999996,1.167290666431749
22051,2805696.0,2991191.0,1889.18734464,2014.0885479400001,124.90120330000013,1.0661137200894182
22053,607029.0,683176.0,408.73690686000003,460.00972784000004,51.272820980000006,1.1254421123208282
22055,3001439.0,3444444.0,2020.9889362600002,2319.28192296,298.2929866999998,1.1475975357153685
22057,1933399.0,2101978.0,1301.83488266,1415.34586652,113.51098386000012,1.087193072924937
22061,22433.0,25109.0,15.10503622,16.90689406,1.8018578399999985,1.1192885481210715
22063,2535364.0,3015731.0,1707.16199576,2030.61231154,323.45031578,1.1894666801295593
22065,1997.0,2752.0,1.34465998,1.8530316800000002,0.5083717000000001,1.3780671006509766
22067,15928.0,17164.0,10.72495952,11.55720776,0.8322482400000002,1.0775991963837268
22069,97069.0,110296.0,65.36044046,74.26670864,8.906268179999998,1.1362638947552772
22071,2928152.0,3251031.0,1971.6418676800001,2189.04921354,217.40734585999985,1.1102671582622758
22073,95842.0,114926.0,64.53425228,77.38427284000001,12.850020560000004,1.1991193839861438
22075,605549.0,682509.0,407.74036366,459.56061006000004,51.82024640000003,1.1270912841074794
22077,437776.0,497464.0,294.77209184000003,334.96240976,40.190317919999984,1.1363437008881254
22079,838257.0,942016.0,564.4319683800001,634.29705344,69.86508505999996,1.1237794614300864
22081,13055.0,14873.0,8.7904537,10.01458582,1.2241321200000002,1.1392569896591345
22083,11268.0,14381.0,7.5871951200000005,9.68330254,2.096107419999999,1.2762690805821795
22085,140422.0,162592.0,94.55174948,109.47969728000001,14.927947800000013,1.1578812436797654
22087,308549.0,359094.0,207.75838366000002,241.79235396,34.03397029999999,1.1638151476750855
22089,549159.0,630898.0,369.77072106,424.80885932,55.03813825999998,1.1488439595818332
22091,245438.0,282815.0,165.26322292,190.4306521,25.16742918,1.1522869319339304
22093,308630.0,377739.0,207.8129242,254.34677826,46.53385406000001,1.223921848167709
22095,368735.0,443558.0,248.28402490000002,298.66534372,50.38131881999999,1.2029180848034495
22097,1774094.0,2042757.0,1194.56845396,1375.46999838,180.90154442000016,1.1514367333410744
22099,1353720.0,1567415.0,911.5138248000001,1055.4032161,143.88939129999994,1.1578576071861242
22101,430151.0,494014.0,289.63787434,332.63938676000004,43.00151242000004,1.148466468751671
22103,2689609.0,2898163.0,1811.02132406,1951.44907442,140.4277503599999,1.077540638806607
22105,393648.0,434826.0,265.05894432,292.78573884,27.72679452,1.1046061455920009
22107,800.0,918.0,0.538672,0.61812612,0.07945411999999996,1.1475
22109,1601245.0,1739571.0,1078.1823083,1171.32273714,93.14042884000014,1.0863865304809697
22111,20496.0,25281.0,13.80077664,17.02270854,3.2219318999999995,1.23346018735363
22113,919805.0,1002478.0,619.3414987,675.00853652,55.66703782000002,1.0898810073874354
22115,405236.0,475261.0,272.86160824,320.01224174000004,47.150633500000026,1.1728005409193656
22117,522280.0,592691.0,351.67201520000003,399.08255794,47.41054273999998,1.1348146588037067
22119,759.0,960.0,0.5110650600000001,0.6464064,0.13534133999999998,1.2648221343873518
22121,533761.0,618874.0,359.40263174,416.71261916000003,57.30998742000003,1.1594590088073127
22123,3270.0,4104.0,2.2018218000000003,2.7633873600000003,0.56156556,1.255045871559633
22125,74742.0,86074.0,50.32677828,57.95706716,7.630288880000002,1.151614888549945
22127,39778.0,43508.0,26.78411852,29.29567672,2.5115581999999996,1.0937704258635426
23001,546.0,1872.0,0.36764364,1.2604924800000001,0.8928488400000001,3.428571428571429
23005,4632.0,10783.0,3.11891088,7.2606252200000005,4.14171434,2.32793609671848
23009,574.0,984.0,0.38649716,0.66256656,0.2760694,1.7142857142857144
23011,209.0,2326.0,0.14072806000000002,1.5661888400000001,1.42546078,11.129186602870814
23013,1317.0,3007.0,0.88678878,2.0247333800000002,1.1379446000000002,2.2832194381169324
23015,1521.0,3440.0,1.0241501400000002,2.3162896,1.29213946,2.261669953977646
23017,0.0,9.0,0.0,0.00606006,0.00606006,
23019,805.0,1515.0,0.5420387,1.0201101000000001,0.47807140000000015,1.8819875776397519
23023,1795.0,3465.0,1.2086453000000001,2.3331231,1.1244777999999997,1.9303621169916432
23025,21.0,172.0,0.01414014,0.11581448000000001,0.10167434000000002,8.190476190476192
23027,1616.0,3854.0,1.08811744,2.59505236,1.50693492,2.38490099009901
23029,7.0,107.0,0.0047133800000000005,0.07204738000000001,0.067334,15.285714285714286
23031,4926.0,12674.0,3.3168728400000003,8.53391116,5.21703832,2.5728786033292734
24003,20886.0,29695.0,14.06337924,19.9948313,5.931452060000002,1.4217657761179738
24009,3298.0,7377.0,2.2206753200000002,4.96722918,2.74655386,2.236810187992723
24011,7281.0,9792.0,4.90258854,6.59334528,1.6907567400000003,1.3448702101359704
24013,902.0,1399.0,0.60735268,0.94200266,0.33464998,1.5509977827050998
24015,4178.0,5098.0,2.8132145200000003,3.4326873200000003,0.6194728,1.2202010531354714
24017,3766.0,5735.0,2.53579844,3.8616049,1.32580646,1.5228359001593201
24019,16299.0,27016.0,10.97476866,18.19095344,7.216184780000001,1.6575250015338365
24021,315.0,388.0,0.21210210000000002,0.26125592000000003,0.049153820000000015,1.2317460317460318
24025,10700.0,15668.0,7.204738,10.54989112,3.34515312,1.4642990654205608
24027,457.0,1644.0,0.30771638,1.10697096,0.7992545799999999,3.597374179431072
24029,1682.0,2883.0,1.13255788,1.9412392200000002,0.8086813400000001,1.7140309155766946
24031,78.0,104.0,0.05252052,0.07002736,0.017506839999999996,1.3333333333333333
24033,3593.0,4253.0,2.41931062,2.8637150200000003,0.44440440000000025,1.1836905093236851
24035,5980.0,7530.0,4.0265732000000005,5.0702502,1.0436769999999997,1.2591973244147157
24037,21010.0,29559.0,14.1468734,19.90325706,5.756383660000001,1.406901475487863
24039,26374.0,35940.0,17.75866916,24.1998396,6.4411704400000005,1.3627056950026541
24041,9729.0,13389.0,6.55092486,9.01534926,2.4644244000000004,1.376194881282763
24043,0.0,0.0,0.0,0.0,0.0,
24045,26002.0,31448.0,17.50818668,21.17519632,3.66700964,1.209445427274825
24047,34132.0,58238.0,22.982440880000002,39.21397492,16.231534039999996,1.7062580569553496
25001,1246.0,2990.0,0.8389816400000001,2.0132866000000003,1.1743049600000002,2.399678972712681
25003,366.0,485.0,0.24644244,0.3265699,0.08012746000000001,1.325136612021858
25005,1897.0,3484.0,1.27732598,2.34591656,1.06859058,1.8365840801265154
25007,28.0,74.0,0.018853520000000002,0.04982716,0.03097364,2.642857142857143
25009,475.0,1195.0,0.3198365,0.8046413,0.4848048,2.5157894736842104
25011,0.0,4.0,0.0,0.00269336,0.00269336,
25013,1224.0,1733.0,0.82416816,1.16689822,0.34273005999999995,1.4158496732026142
25015,418.0,584.0,0.28145612000000003,0.39323056,0.11177443999999997,1.3971291866028708
25017,137.0,331.0,0.09224758000000001,0.22287554,0.13062796,2.4160583941605838
25021,166.0,431.0,0.11177444,0.29020954,0.17843509999999999,2.5963855421686746
25023,3778.0,9093.0,2.5438785200000003,6.122680620000001,3.5788021000000003,2.4068290100582317
25025,3.0,4.0,0.00202002,0.00269336,0.0006733400000000001,1.3333333333333335
25027,834.0,1396.0,0.56156556,0.9399826400000001,0.3784170800000001,1.6738609112709832
28001,28843.0,35708.0,19.42114562,24.04362472,4.6224791,1.238012689387373
28003,1307.0,1307.0,0.88005538,0.88005538,0.0,1.0
28005,115478.0,134595.0,77.75595652,90.62819730000001,12.872240780000013,1.1655466842169073
28007,4297.0,4750.0,2.89334198,3.1983650000000003,0.30502302000000014,1.1054223877123575
28009,3087.0,3087.0,2.0786005800000003,2.0786005800000003,0.0,1.0
28011,3775.0,3775.0,2.5418585,2.5418585,0.0,1.0
28013,0.0,0.0,0.0,0.0,0.0,
28015,496.0,496.0,0.33397664,0.33397664,0.0,1.0
28017,0.0,0.0,0.0,0.0,0.0,
28019,349.0,440.0,0.23499566000000002,0.2962696,0.06127394,1.2607449856733524
28021,14753.0,17529.0,9.93378502,11.802976860000001,1.869191840000001,1.188165118958856
28023,24494.0,32734.0,16.49278996,22.04111156,5.548321600000001,1.3364089164693396
28025,0.0,41.0,0.0,0.02760694,0.02760694,
28027,500.0,500.0,0.33667,0.33667,0.0,1.0
28029,87830.0,99516.0,59.1394522,67.00810344,7.868651239999998,1.1330524877604462
28031,71065.0,90953.0,47.8509071,61.242293020000005,13.391385920000005,1.2798564694293957
28033,808.0,808.0,0.54405872,0.54405872,0.0,1.0
28035,209194.0,254010.0,140.85868796,171.0350934,30.176405439999996,1.2142317657294186
28037,30688.0,35666.0,20.663457920000003,24.01534444,3.351886519999997,1.162213242961418
28039,283502.0,321678.0,190.89323668,216.59866452,25.70542784,1.134658662020021
28041,112130.0,129937.0,75.5016142,87.49177958,11.990165379999993,1.1588067421742618
28043,964.0,964.0,0.64909976,0.64909976,0.0,1.0
28045,394299.0,451385.0,265.49728866000004,303.9355759,38.438287239999966,1.1447784549288735
28047,2182335.0,2401108.0,1469.4534489,1616.7620607200001,147.30861182000012,1.1002472122749258
28049,36808.0,48376.0,24.784298720000002,32.57349584,7.789197119999997,1.314279504455553
28051,3525.0,4096.0,2.3735235,2.75800064,0.38447714,1.1619858156028369
28053,273.0,391.0,0.18382182,0.26327594,0.07945411999999999,1.4322344322344323
28055,362.0,381.0,0.24374908,0.25654254,0.012793459999999979,1.0524861878453038
28059,1291402.0,1458666.0,869.55262268,982.17816444,112.62554176000003,1.1295212489991497
28061,52542.0,62225.0,35.37863028,41.8985815,6.519951219999996,1.1842906627079288
28063,17109.0,20672.0,11.52017406,13.91928448,2.3991104199999995,1.2082529662750598
28065,62609.0,74653.0,42.15714406,50.266851020000004,8.109706960000004,1.1923685093197465
28067,198890.0,234004.0,133.9205926,157.56425336,23.643660760000017,1.1765498516768065
28069,2987.0,3825.0,2.01126658,2.5755255,0.5642589199999999,1.2805490458654167
28071,1482.0,1482.0,0.99788988,0.99788988,0.0,1.0
28073,181581.0,216754.0,122.26575054,145.94913836,23.683387820000007,1.1937041871120877
28075,22674.0,27761.0,15.26731116,18.69259174,3.425280580000001,1.22435388550763
28077,65165.0,74658.0,43.8782011,50.270217720000005,6.392016620000007,1.1456763600092075
28079,330.0,401.0,0.22220220000000002,0.27000934,0.04780713999999997,1.215151515151515
28081,63.0,63.0,0.04242042,0.04242042,0.0,1.0
28083,179.0,179.0,0.12052786,0.12052786,0.0,1.0
28085,171846.0,197705.0,115.71078564000001,133.1226847,17.411899059999996,1.1504777533372903
28087,107.0,213.0,0.07204738000000001,0.14342142,0.07137403999999999,1.9906542056074763
28089,14393.0,16233.0,9.69138262,10.93032822,1.2389455999999992,1.127839922184395
28091,183386.0,212708.0,123.48112924,143.22480472,19.743675480000007,1.1598922491357029
28093,2341.0,2341.0,1.57628894,1.57628894,0.0,1.0
28095,0.0,0.0,0.0,0.0,0.0,
28097,413.0,421.0,0.27808942000000003,0.28347614,0.005386719999999956,1.019370460048426
28099,12507.0,16229.0,8.42146338,10.927634860000001,2.506171480000001,1.297593347725274
28101,15344.0,20756.0,10.331728960000001,13.975845040000001,3.64411608,1.352711157455683
28103,1172.0,1853.0,0.78915448,1.24769902,0.45854454,1.5810580204778157
28105,1250.0,1681.0,0.8416750000000001,1.13188454,0.2902095399999999,1.3447999999999998
28107,9568.0,9568.0,6.442517120000001,6.442517120000001,0.0,1.0
28109,749170.0,847677.0,504.4461278,570.77483118,66.32870337999998,1.1314881802528132
28111,136411.0,160132.0,91.85098274,107.82328088,15.972298139999992,1.1738936009559346
28113,231362.0,271644.0,155.78528908,182.90877096,27.123481879999986,1.1741081076408397
28115,626.0,626.0,0.42151084,0.42151084,0.0,1.0
28117,365.0,365.0,0.24576910000000002,0.24576910000000002,0.0,1.0
28119,1212.0,1212.0,0.81608808,0.81608808,0.0,1.0
28121,103342.0,115294.0,69.58430228,77.63206196,8.047759679999999,1.1156548160476862
28123,26083.0,32077.0,17.56272722,21.59872718,4.035999960000002,1.2298048537361501
28125,282.0,417.0,0.18988188,0.28078278,0.0909009,1.4787234042553192
28127,9492.0,12133.0,6.39134328,8.16963422,1.7782909400000007,1.2782343025705858
28129,44008.0,54410.0,29.63234672,36.636429400000004,7.004082680000003,1.2363661152517724
28131,246597.0,285338.0,166.04362398,192.12948892,26.085864939999993,1.1571024789433773
28133,856.0,856.0,0.5763790400000001,0.5763790400000001,0.0,1.0
28135,2868.0,2868.0,1.93113912,1.93113912,0.0,1.0
28137,4691.0,4691.0,3.15863794,3.15863794,0.0,1.0
28139,4309.0,4309.0,2.9014220600000002,2.9014220600000002,0.0,1.0
28141,0.0,0.0,0.0,0.0,0.0,
28143,1481.0,1481.0,0.99721654,0.99721654,0.0,1.0
28145,2692.0,2692.0,1.8126312800000002,1.8126312800000002,0.0,1.0
28147,134810.0,155046.0,90.7729654,104.39867364,13.625708239999994,1.15010755878644
28149,15831.0,19953.0,10.65964554,13.435153020000001,2.7755074800000017,1.2603752131893122
28151,7593.0,7593.0,5.11267062,5.11267062,0.0,1.0
28153,70706.0,84575.0,47.60917804,56.947730500000006,9.338552460000002,1.1961502559895907
28155,123.0,123.0,0.08282082,0.08282082,0.0,1.0
28157,58546.0,69012.0,39.42136364,46.468540080000004,7.047176440000001,1.1787654152290508
28159,3133.0,4281.0,2.1095742200000003,2.8825685400000003,0.77299432,1.3664219597829557
28161,2600.0,2600.0,1.7506840000000001,1.7506840000000001,0.0,1.0
28163,7710.0,9093.0,5.1914514,6.122680620000001,0.9312292200000005,1.1793774319066148
33001,0.0,0.0,0.0,0.0,0.0,
33003,0.0,32.0,0.0,0.02154688,0.02154688,
33013,0.0,0.0,0.0,0.0,0.0,
33015,1743.0,5565.0,1.17363162,3.7471371,2.57350548,3.192771084337349
33017,436.0,3056.0,0.29357624,2.05772704,1.7641508000000001,7.009174311926606
34001,1946.0,3379.0,1.3103196400000001,2.2752158600000003,0.9648962200000002,1.736382322713258
34005,22.0,393.0,0.01481348,0.26462262000000003,0.24980914000000004,17.863636363636367
34007,36.0,254.0,0.02424024,0.17102836000000002,0.14678812000000002,7.055555555555556
34009,2118.0,3353.0,1.42613412,2.25770902,0.8315749000000001,1.5830972615675167
34011,1371.0,2899.0,0.92314914,1.95201266,1.02886352,2.1145149525893507
34015,445.0,1189.0,0.2996363,0.80060126,0.5009649599999999,2.67191011235955
34021,0.0,0.0,0.0,0.0,0.0,
34023,0.0,343.0,0.0,0.23095562,0.23095562,
34025,1638.0,3483.0,1.1029309200000001,2.34524322,1.2423122999999998,2.126373626373626
34029,276.0,2960.0,0.18584184,1.9930864000000001,1.8072445600000002,10.72463768115942
34033,119.0,340.0,0.08012746,0.22893560000000002,0.14880814000000003,2.8571428571428577
34035,0.0,17.0,0.0,0.01144678,0.01144678,
36021,205.0,352.0,0.1380347,0.23701568,0.09898098,1.7170731707317073
36027,386.0,1274.0,0.25990924,0.85783516,0.59792592,3.300518134715026
36047,0.0,12.0,0.0,0.00808008,0.00808008,
36059,11.0,16.0,0.00740674,0.01077344,0.0033667000000000002,1.4545454545454546
36079,0.0,98.0,0.0,0.06598732,0.06598732,
36085,0.0,128.0,0.0,0.08618752,0.08618752,
36103,13353.0,23855.0,8.99110902,16.062525700000002,7.071416680000002,1.7864899273571484
36119,0.0,59.0,0.0,0.03972706,0.03972706,
37001,8102.0,9369.0,5.45540068,6.30852246,0.8531217799999995,1.1563811404591458
37003,194.0,1487.0,0.13062796000000002,1.00125658,0.87062862,7.664948453608246
37007,8439.0,9338.0,5.68231626,6.2876489200000005,0.6053326600000002,1.1065292096219932
37013,346236.0,373676.0,233.13454824000002,251.61099784,18.476449599999995,1.0792523018981273
37015,107337.0,115665.0,72.27429558,77.8818711,5.6075755199999975,1.0775874116101622
37017,133417.0,140612.0,89.83500278000001,94.67968408,4.844681299999991,1.0539286597659967
37019,2522348.0,2734076.0,1698.39780232,1840.96273384,142.56493152000007,1.0839408360781304
37023,0.0,0.0,0.0,0.0,0.0,
37025,0.0,0.0,0.0,0.0,0.0,
37029,38949.0,41498.0,26.225919660000002,27.942263320000002,1.7163436599999997,1.065444555701045
37031,1091168.0,1180379.0,734.72706112,794.7963958600001,60.069334740000045,1.0817573462564885
37033,374.0,952.0,0.25182916,0.64101968,0.38919052,2.5454545454545454
37035,2763.0,3039.0,1.8604384200000001,2.04628026,0.18584183999999992,1.0998914223669924
37037,15350.0,19271.0,10.335769,12.97593514,2.64016614,1.2554397394136807
37041,78751.0,86357.0,53.02619834,58.14762238,5.121424040000001,1.0965829005345964
37045,558.0,782.0,0.37572372000000004,0.52655188,0.15082815999999993,1.4014336917562722
37047,481585.0,504105.0,324.27044390000003,339.43406070000003,15.1636168,1.046762253807739
37049,567855.0,615275.0,382.3594857,414.2892685,31.929782799999998,1.083507233360629
37051,262524.0,275599.0,176.76791016,185.57183066000002,8.803920500000004,1.0498049702122472
37053,2700.0,2839.0,1.8180180000000001,1.91161226,0.09359425999999993,1.0514814814814815
37055,239581.0,251840.0,161.31947054,169.5739456,8.254475060000004,1.0511684983366796
37057,0.0,0.0,0.0,0.0,0.0,
37059,0.0,0.0,0.0,0.0,0.0,
37061,490961.0,531622.0,330.58367974000004,357.96235748000004,27.37867774,1.0828192055988153
37063,5961.0,7014.0,4.01377974,4.72280676,0.7090270199999997,1.1766482133870155
37065,7138.0,7163.0,4.80630092,4.823134420000001,0.016833500000000612,1.0035023816195014
37067,0.0,0.0,0.0,0.0,0.0,
37069,81006.0,86989.0,54.54458004,58.573173260000004,4.028593220000005,1.0738587265140855
37071,2.0,160.0,0.00134668,0.10773440000000001,0.10638772,80.0
37073,94799.0,101230.0,63.831958660000005,68.16220820000001,4.330249540000004,1.067838268336164
37077,23156.0,25662.0,15.591861040000001,17.27925108,1.6873900400000004,1.1082224909310763
37079,66519.0,73405.0,44.789903460000005,49.4265227,4.636619239999995,1.103519295238954
37081,0.0,26.0,0.0,0.01750684,0.01750684,
37083,44770.0,46188.0,30.1454318,31.100227920000002,0.954796120000001,1.031672995309359
37085,184845.0,198470.0,124.46353230000001,133.6377898,9.174257499999996,1.073710406015851
37091,31956.0,32949.0,21.51725304,22.18587966,0.6686266200000013,1.0310739767179873
37093,114541.0,122261.0,77.12503694,82.32322174000001,5.198184800000007,1.0673994464864112
37095,67031.0,72147.0,45.13465354,48.57946098,3.444807439999998,1.0763228953767658
37097,4935.0,7409.0,3.3229329,4.98877606,1.66584316,1.5013171225937183
37101,242674.0,260238.0,163.40211116,175.22865492,11.826543759999993,1.0723769336640925
37103,77010.0,83446.0,51.8539134,56.18752964,4.333616239999998,1.083573561875081
37105,5529.0,5915.0,3.72289686,3.9828061000000003,0.25990924000000026,1.069813709531561
37107,216665.0,232393.0,145.8892111,156.47950262,10.590291519999994,1.0725913276255972
37109,64.0,64.0,0.04309376,0.04309376,0.0,1.0
37111,12.0,12.0,0.00808008,0.00808008,0.0,1.0
37117,12246.0,13661.0,8.245721640000001,9.19849774,0.9527760999999995,1.1155479340192715
37119,0.0,164.0,0.0,0.11042776,0.11042776,
37123,4950.0,5447.0,3.3330330000000004,3.6676829800000004,0.33464998,1.1004040404040405
37125,345.0,390.0,0.23230230000000002,0.2626026,0.030300300000000002,1.1304347826086956
37127,64419.0,69167.0,43.37588946,46.57290778,3.197018319999998,1.0737049628215278
37129,868200.0,927451.0,584.593788,624.4898563400001,39.896068340000056,1.0682457958995624
37131,62611.0,69180.0,42.158490740000005,46.5816612,4.423170459999994,1.1049176662247846
37133,785123.0,868009.0,528.65472082,584.4651800600001,55.810459240000114,1.10557071949236
37135,436.0,455.0,0.29357624,0.3063697,0.012793460000000034,1.0435779816513762
37137,186916.0,197881.0,125.85801944,133.24119254000001,7.383173100000008,1.0586627148023713
37139,41774.0,46186.0,28.12810516,31.09888124,2.9707760800000003,1.1056159333556759
37141,935257.0,1011521.0,629.7459483800001,681.0975501400001,51.351601759999994,1.081543361878072
37143,4439.0,4867.0,2.98895626,3.27714578,0.28818952,1.0964181121874297
37145,7097.0,8358.0,4.77869398,5.62777572,0.8490817399999999,1.1776807101592222
37147,328152.0,349040.0,220.95786768000002,235.02259360000002,14.06472592,1.063653428898803
37149,1.0,1.0,0.00067334,0.00067334,0.0,1.0
37151,5214.0,8532.0,3.51079476,5.74493688,2.23414212,1.6363636363636365
37153,24766.0,27419.0,16.67593844,18.46230946,1.7863710200000007,1.1071226681741098
37155,515911.0,553301.0,347.38351274,372.55969534,25.176182600000004,1.0724737406258056
37157,0.0,0.0,0.0,0.0,0.0,
37159,0.0,0.0,0.0,0.0,0.0,
37161,139.0,183.0,0.09359426,0.12322122,0.029626960000000008,1.316546762589928
37163,328441.0,344463.0,221.15246294000002,231.94071642,10.78825347999998,1.0487819730179848
37165,108601.0,119242.0,73.12539734,80.29040828000001,7.165010940000002,1.0979825231811862
37167,0.0,225.0,0.0,0.1515015,0.1515015,
37169,0.0,0.0,0.0,0.0,0.0,
37171,0.0,0.0,0.0,0.0,0.0,
37177,46477.0,49345.0,31.29482318,33.2259623,1.9311391199999974,1.0617079415624933
37179,1.0,3.0,0.00067334,0.00202002,0.0013466799999999998,3.0
37181,22481.0,29543.0,15.13735654,19.89248362,4.755127079999999,1.3141319336328454
37183,88041.0,94735.0,59.28152694,63.7888649,4.507337960000001,1.076032757465272
37185,27569.0,30574.0,18.56331046,20.58669716,2.0233866999999996,1.108999238274874
37187,22231.0,23574.0,14.96902154,15.873317160000001,0.904295620000001,1.0604111376006478
37191,452146.0,480035.0,304.44798764,323.22676690000003,18.77877926000002,1.0616814037943496
37193,0.0,15.0,0.0,0.0101001,0.0101001,
37195,73830.0,80277.0,49.7126922,54.053715180000005,4.341022980000005,1.0873222267370988
37197,0.0,0.0,0.0,0.0,0.0,
42001,814.0,1127.0,0.54809876,0.75885418,0.21075542000000003,1.3845208845208845
42011,0.0,1727.0,0.0,1.16285818,1.16285818,
42017,0.0,0.0,0.0,0.0,0.0,
42029,1828.0,5118.0,1.23086552,3.44615412,2.2152886,2.799781181619256
42045,31.0,101.0,0.02087354,0.06800734,0.047133800000000003,3.2580645161290325
42071,3480.0,6123.0,2.3432232,4.1228608200000005,1.7796376200000004,1.7594827586206898
42075,0.0,0.0,0.0,0.0,0.0,
42077,0.0,0.0,0.0,0.0,0.0,
42091,0.0,1194.0,0.0,0.80396796,0.80396796,
42107,0.0,0.0,0.0,0.0,0.0,
42133,7516.0,11741.0,5.06082344,7.90568494,2.8448615000000004,1.5621341138903673
44003,2394.0,4011.0,1.61197596,2.70076674,1.08879078,1.6754385964912282
44005,6242.0,12885.0,4.2029882800000005,8.6759859,4.47299762,2.06424223005447
44007,912.0,1861.0,0.61408608,1.25308574,0.63899966,2.0405701754385963
44009,3150.0,5031.0,2.1210210000000003,3.38757354,1.2665525399999997,1.597142857142857
45001,12252.0,13072.0,8.24976168,8.80190048,0.5521387999999998,1.0669278485145282
45003,73618.0,79454.0,49.56994412,53.49955636,3.9296122399999973,1.0792740905756744
45005,35489.0,36566.0,23.89616326,24.62135044,0.7251871799999989,1.0303474315985235
45007,43216.0,44396.0,29.09906144,29.89360264,0.7945412000000012,1.0273047019622363
45009,44529.0,46491.0,29.98315686,31.304249940000002,1.3210930800000007,1.0440611736171934
45011,74480.0,76600.0,50.1503632,51.577844,1.4274807999999979,1.0284640171858217
45013,1097874.0,1149007.0,739.24247916,773.6723733800001,34.42989422000005,1.046574561379539
45015,1232887.0,1315615.0,830.15213258,885.8562041,55.70407151999996,1.0671010400790988
45017,36802.0,39733.0,24.78025868,26.75381822,1.9735595400000001,1.0796424107385467
45019,1044683.0,1219634.0,703.42685122,821.2283575600001,117.80150634000006,1.167468026185934
45021,7798.0,11475.0,5.25070532,7.7265765,2.4758711800000004,1.4715311618363685
45023,717.0,1036.0,0.48278478,0.6975802400000001,0.21479546000000005,1.4449093444909344
45025,12628.0,13322.0,8.50293752,8.97023548,0.4672979599999998,1.054957237884067
45027,194917.0,210327.0,131.24541278,141.62158218000002,10.376169400000009,1.0790592919037334
45029,374543.0,419072.0,252.19478362,282.17794048,29.98315686000001,1.1188888859223107
45031,226646.0,236124.0,152.60981764000002,158.99173416,6.381916519999976,1.0418185187472975
45033,88364.0,99337.0,59.49901576,66.88757558,7.388559820000005,1.1241795301253905
45035,530916.0,553335.0,357.48697944,372.5825889,15.095609459999991,1.0422270189634517
45037,5159.0,5456.0,3.47376106,3.67374304,0.19998198,1.0575692963752665
45039,13832.0,16940.0,9.313638880000001,11.406379600000001,2.09274072,1.2246963562753037
45041,46075.0,48969.0,31.0241405,32.97278646,1.9486459600000003,1.062810634834509
45043,496316.0,536716.0,334.18941544,361.39235144,27.202936000000022,1.0813997533829254
45045,38087.0,42711.0,25.64550058,28.75902474,3.1135241600000008,1.1214062541024497
45047,7192.0,8436.0,4.842661280000001,5.6802962400000006,0.8376349599999999,1.1729699666295883
45049,212074.0,227734.0,142.79790716,153.34241156000002,10.544504400000022,1.0738421494384038
45051,2214909.0,2452858.0,1491.38682606,1651.60740572,160.2205796600001,1.1074305987288868
45053,335381.0,358892.0,225.82544254,241.65633928,15.830896739999986,1.0701023611951779
45055,56477.0,61609.0,38.028223180000005,41.483804060000004,3.4555808799999994,1.090868849266073
45057,16016.0,16951.0,10.78421344,11.41378634,0.6295728999999994,1.058379120879121
45059,10291.0,12721.0,6.9293419400000005,8.56555814,1.6362161999999998,1.2361286561072782
45061,81292.0,87314.0,54.73715528,58.79200876,4.0548534799999985,1.0740786301235055
45063,78477.0,85756.0,52.84170318,57.74294504,4.901241859999999,1.0927532907730928
45065,528.0,545.0,0.35552352000000004,0.3669703,0.01144677999999999,1.0321969696969697
45067,21180.0,23529.0,14.2613412,15.84301686,1.5816756600000001,1.1109065155807365
45069,14528.0,15310.0,9.78228352,10.308835400000001,0.5265518800000013,1.0538270925110134
45071,5403.0,6042.0,3.63805602,4.06832028,0.43026425999999995,1.1182676290949471
45073,0.0,0.0,0.0,0.0,0.0,
45075,380565.0,407209.0,256.24963710000003,274.19010806,17.94047095999997,1.0700116931404622
45077,14427.0,17521.0,9.71427618,11.79759014,2.08331396,1.2144590004852014
45079,50664.0,59401.0,34.11409776,39.99706934,5.882971580000003,1.1724498657824096
45081,9500.0,10242.0,6.396730000000001,6.896348280000001,0.49961827999999997,1.0781052631578947
45083,7766.0,10380.0,5.22915844,6.9892692,1.7601107599999999,1.336595415915529
45085,106971.0,117381.0,72.02785314,79.03732254,7.0094694,1.0973160950164063
45087,3016.0,3488.0,2.03079344,2.34860992,0.31781647999999985,1.1564986737400529
45089,396858.0,426504.0,267.22036572,287.18220336,19.96183764,1.0747017825015497
45091,374.0,381.0,0.25182916,0.25654254,0.004713379999999989,1.0187165775401068
48001,1.0,4.0,0.00067334,0.00269336,0.00202002,4.0
48005,168484.0,211115.0,113.44701656000001,142.1521741,28.705157539999988,1.2530269936611191
48007,1256667.0,1388286.0,846.16415778,934.7884952400001,88.6243374600001,1.1047365769929505
48013,37849.0,45871.0,25.48524566,30.88677914,5.401533480000001,1.211947475494729
48015,116750.0,143664.0,78.61244500000001,96.73471776000001,18.12227276,1.230526766595289
48021,75803.0,94649.0,51.041192020000004,63.73095766,12.689765639999997,1.2486181285701092
48025,73096.0,83183.0,49.21846064,56.010441220000004,6.791980580000001,1.1379966072014884
48027,4347.0,6585.0,2.92700898,4.4339439,1.50693492,1.5148378191856453
48029,28997.0,32658.0,19.52483998,21.98993772,2.465097740000001,1.1262544401144947
48031,381.0,501.0,0.25654254,0.33734334,0.0808008,1.31496062992126
48035,28.0,28.0,0.018853520000000002,0.018853520000000002,0.0,1.0
48039,3951276.0,4341099.0,2660.5521818400002,2923.03560066,262.48341881999977,1.0986574969705987
48041,22772.0,30073.0,15.33329848,20.24935382,4.91605534,1.3206130335499737
48047,30699.0,37174.0,20.67086466,25.03074116,4.359876500000002,1.2109189224404704
48051,9524.0,11280.0,6.41289016,7.595275200000001,1.1823850400000007,1.1843763124737505
48053,2004.0,2575.0,1.34937336,1.7338505,0.38447714,1.2849301397205588
48055,21302.0,34011.0,14.34348868,22.90096674,8.557478060000001,1.5966106468876162
48057,348352.0,376511.0,234.55933568,253.51991674,18.96058106000001,1.0808349026272277
48061,1950286.0,2187189.0,1313.2055752400001,1472.72184126,159.51626601999988,1.1214709022163927
48067,128.0,128.0,0.08618752,0.08618752,0.0,1.0
48071,590805.0,650234.0,397.81263870000004,437.82856156,40.01592285999999,1.1005898731391914
48073,1525.0,2119.0,1.0268435,1.42680746,0.39996396,1.3895081967213114
48089,46655.0,54454.0,31.414677700000002,36.66605636,5.251378659999997,1.1671632193762724
48091,10278.0,11584.0,6.92058852,7.79997056,0.8793820400000003,1.1270675228643705
48099,882.0,882.0,0.59388588,0.59388588,0.0,1.0
48123,72743.0,85956.0,48.98077162,57.87761304,8.896841420000001,1.1816394704645121
48131,29115.0,32153.0,19.6042941,21.64990102,2.045606920000001,1.1043448394298472
48139,0.0,0.0,0.0,0.0,0.0,
48145,654.0,832.0,0.44036436,0.56021888,0.11985451999999996,1.27217125382263
48149,37978.0,46865.0,25.572106520000002,31.5560791,5.98397258,1.2340038969929958
48157,1951657.0,2411724.0,1314.12872438,1623.91023816,309.78151378000007,1.2357314835547435
48161,0.0,4.0,0.0,0.00269336,0.00269336,
48163,8.0,8.0,0.00538672,0.00538672,0.0,1.0
48167,3446992.0,3799656.0,2320.9975932800003,2558.46037104,237.46277775999988,1.102310652302065
48175,55953.0,64054.0,37.67539302,43.13012036,5.454727339999998,1.1447822279413078
48177,30861.0,37818.0,20.779945740000002,25.46437212,4.684426379999998,1.2254301545640127
48183,477.0,477.0,0.32118318,0.32118318,0.0,1.0
48185,54794.0,67905.0,36.89499196,45.7231527,8.828160740000001,1.23927802314122
48187,32151.0,43846.0,21.64855434,29.52326564,7.874711300000001,1.3637522938633324
48193,0.0,0.0,0.0,0.0,0.0,
48199,1218962.0,1366549.0,820.77587308,920.1521036600001,99.37623058000008,1.1210759646322035
48201,13713438.0,17084359.0,9233.806342920001,11503.582289060001,2269.77594614,1.24581151714107
48203,380.0,626.0,0.2558692,0.42151084,0.16564163999999998,1.6473684210526314
48209,24241.0,37126.0,16.32243494,24.99842084,8.6759859,1.5315374778268223
48213,0.0,0.0,0.0,0.0,0.0,
48215,4685833.0,5203790.0,3155.15879222,3503.9199586,348.76116637999985,1.110536803168188
48217,508.0,508.0,0.34205672000000004,0.34205672000000004,0.0,1.0
48225,3206.0,4147.0,2.15872804,2.79234098,0.6336129399999999,1.293512164691204
48239,140500.0,163145.0,94.60427,109.8520543,15.247784300000006,1.1611743772241994
48241,373527.0,429250.0,251.51067018,289.031195,37.52052482000002,1.1491806482530045
48245,1926509.0,2172501.0,1297.1955700600001,1462.83182334,165.6362532799999,1.1276879578553747
48247,4608.0,6839.0,3.10275072,4.60497226,1.5022215400000003,1.4841579861111112
48249,97680.0,111894.0,65.7718512,75.34270596,9.570854760000003,1.1455159705159705
48251,0.0,0.0,0.0,0.0,0.0,
48255,26837.0,30184.0,18.070425580000002,20.324094560000002,2.2536689800000005,1.1247158773335322
48259,4.0,10.0,0.00269336,0.0067334000000000005,0.00404004,2.5
48261,4551.0,5157.0,3.06437034,3.47241438,0.40804404000000005,1.1331575477916942
48273,152442.0,178454.0,102.64529628000001,120.16021636,17.514920079999996,1.1706353891972028
48281,0.0,0.0,0.0,0.0,0.0,
48283,53.0,70.0,0.03568702,0.047133800000000003,0.011446780000000004,1.3207547169811322
48285,55855.0,68373.0,37.6094057,46.03827582,8.42887012,1.22411601468087
48287,5235.0,6640.0,3.5249349000000003,4.4709776,0.9460427,1.268385864374403
48289,3217.0,4924.0,2.16613478,3.31552616,1.14939138,1.53061858874728
48291,1699055.0,1909758.0,1144.0416937,1285.91645172,141.87475801999994,1.1240118771905558
48293,1.0,141.0,0.00067334,0.09494094,0.09426760000000001,141.0
48297,94566.0,108638.0,63.675070440000006,73.15031092000001,9.475240480000004,1.1488061248228751
48309,1771.0,4513.0,1.19248514,3.03878342,1.84629828,2.5482778091473746
48311,3624.0,4256.0,2.4401841600000003,2.86573504,0.42555087999999985,1.17439293598234
48313,4733.0,5811.0,3.18691822,3.9127787400000003,0.7258605200000003,1.2277625184872176
48315,73.0,114.0,0.04915382,0.07676076,0.027606939999999996,1.5616438356164384
48321,485463.0,535247.0,326.88165642,360.40321498000003,33.52155856000002,1.1025495248865516
48325,0.0,0.0,0.0,0.0,0.0,
48331,3012.0,3708.0,2.02810008,2.49674472,0.46864463999999995,1.2310756972111554
48339,3122594.0,3579462.0,2102.56744396,2410.19494308,307.6274991199998,1.146310407308795
48347,32757.0,45208.0,22.05659838,30.440354720000002,8.383756340000001,1.380101962939219
48349,0.0,4.0,0.0,0.00269336,0.00269336,
48351,304646.0,343965.0,205.13033764000002,231.60539310000001,26.475055459999993,1.129064553613046
48355,1331509.0,1669082.0,896.55827006,1123.85967388,227.3014038199999,1.2535266378222
48361,1894676.0,2204196.0,1275.76113784,1484.1733346400001,208.41219680000017,1.1633630235459784
48365,3616.0,5930.0,2.43479744,3.9929062,1.55810876,1.6399336283185841
48373,350185.0,422094.0,235.7935679,284.21277396,48.41920605999999,1.2053457458200665
48391,71118.0,83716.0,47.886594120000005,56.36933144,8.482737319999998,1.177142214347985
48395,3273.0,4365.0,2.20384182,2.9391291,0.7352872800000001,1.3336388634280476
48401,2386.0,2860.0,1.6065892400000001,1.9257524000000001,0.31916316,1.198658843252305
48403,124733.0,143530.0,83.98771822,96.6444902,12.656771980000002,1.1506978906945236
48405,23645.0,28672.0,15.9211243,19.306004480000002,3.3848801800000015,1.2126030873334743
48407,195570.0,222153.0,131.6851038,149.58450102,17.899397219999997,1.13592575548397
48409,505982.0,595142.0,340.69791988000003,400.73291428,60.03499439999996,1.1762118020008616
48419,13251.0,15497.0,8.92242834,10.434749980000001,1.5123216400000015,1.169496641762886
48423,0.0,0.0,0.0,0.0,0.0,
48427,44942.0,51147.0,30.26124628,34.43932098,4.178074699999996,1.138066841707089
48453,35416.0,44298.0,23.84700944,29.82761532,5.980605879999999,1.2507906031172351
48455,60907.0,73692.0,41.011119380000004,49.61977128,8.608651899999998,1.2099101909468533
48457,301718.0,352168.0,203.15879812,237.12880112000002,33.97000300000002,1.16720911579687
48469,367910.0,442539.0,247.7285194,297.97921026,50.25069085999999,1.2028458046804924
48471,118374.0,138797.0,79.70594916,93.45757198,13.751622819999994,1.1725294405866151
48473,124597.0,147665.0,83.89614398,99.4287511,15.532607119999994,1.1851408942430395
48477,6812.0,7802.0,4.58679208,5.25339868,0.6666065999999997,1.1453317674691719
48479,1624.0,2294.0,1.09350416,1.54464196,0.45113780000000014,1.41256157635468
48481,257354.0,300175.0,173.28674236,202.1198345,28.83309213999999,1.1663894868546827
48489,160037.0,168654.0,107.75931358000001,113.56148436000001,5.802170779999997,1.0538437986215687
48491,20021.0,23360.0,13.480940140000001,15.729222400000001,2.24828226,1.1667748863693121
48493,50981.0,65722.0,34.32754654,44.25325148,9.925704940000003,1.2891469370942117
48505,7460.0,7832.0,5.0231164,5.273598880000001,0.2504824800000005,1.0498659517426274
51001,7654.0,11325.0,5.15374436,7.6255755,2.47183114,1.4796185001306505
51003,937.0,1320.0,0.63091958,0.8888088000000001,0.25788922000000003,1.4087513340448239
51007,117.0,154.0,0.07878078000000001,0.10369436,0.02491357999999999,1.316239316239316
51025,671.0,960.0,0.45181114,0.6464064,0.19459526000000005,1.4307004470938898
51029,6.0,23.0,0.00404004,0.01548682,0.01144678,3.8333333333333335
51031,0.0,0.0,0.0,0.0,0.0,
51033,14869.0,19666.0,10.01189246,13.24190444,3.2300119800000004,1.3226175263972022
51036,21.0,29.0,0.01414014,0.01952686,0.005386719999999999,1.380952380952381
51037,5.0,19.0,0.0033667000000000002,0.012793460000000001,0.009426760000000001,3.8000000000000003
51041,5893.0,7265.0,3.96799262,4.8918151000000005,0.9238224800000006,1.2328185983370101
51043,540.0,575.0,0.3636036,0.38717050000000003,0.023566900000000002,1.0648148148148149
51047,1129.0,1995.0,0.76020086,1.3433133000000002,0.5831124400000002,1.7670504871567763
51049,1468.0,2990.0,0.98846312,2.0132866000000003,1.0248234800000002,2.036784741144414
51053,138.0,161.0,0.09292092,0.10840774,0.015486819999999998,1.1666666666666667
51057,14070.0,25405.0,9.4738938,17.1062027,7.6323089,1.8056147832267235
51061,5549.0,6952.0,3.7363636600000003,4.681059680000001,0.9446960200000003,1.2528383492521176
51065,2606.0,3490.0,1.7547240400000002,2.3499566,0.5952325599999999,1.3392171910974673
51069,1296.0,1408.0,0.8726486400000001,0.94806272,0.07541407999999994,1.0864197530864197
51073,37852.0,60576.0,25.48726568,40.78824384,15.30097816,1.600338159146148
51075,846.0,975.0,0.5696456400000001,0.6565065,0.08686085999999993,1.152482269503546
51079,79.0,482.0,0.05319386,0.32454988,0.27135602000000003,6.10126582278481
51081,19443.0,23312.0,13.09174962,15.696902080000001,2.605152460000001,1.1989919251144372
51083,7.0,80.0,0.0047133800000000005,0.053867200000000004,0.04915382,11.428571428571429
51085,473.0,577.0,0.31848982000000003,0.38851718,0.07002735999999998,1.219873150105708
51087,3345.0,3720.0,2.2523223,2.5048248,0.2525025000000003,1.1121076233183858
51089,0.0,0.0,0.0,0.0,0.0,
51093,4588.0,7754.0,3.08928392,5.22107836,2.1317944399999997,1.690061028770706
51095,646.0,1198.0,0.43497764,0.80666132,0.37168368,1.8544891640866874
51097,5464.0,9177.0,3.6791297600000004,6.17924118,2.5001114199999996,1.6795387994143482
51099,127.0,232.0,0.08551418000000001,0.15621488,0.07070069999999999,1.826771653543307
51101,8095.0,9528.0,5.4506873,6.41558352,0.96489622,1.1770228536133416
51103,9862.0,16032.0,6.64047908,10.79498688,4.154507799999999,1.6256337456905292
51107,342.0,386.0,0.23028228,0.25990924,0.02962695999999998,1.1286549707602338
51109,18182.0,22961.0,12.24266788,15.46055974,3.21789186,1.2628423715762842
51111,42.0,44.0,0.02828028,0.02962696,0.0013466799999999994,1.0476190476190477
51115,25.0,32.0,0.0168335,0.02154688,0.00471338,1.28
51117,416.0,665.0,0.28010944,0.44777110000000003,0.16766166000000005,1.5985576923076925
51119,16844.0,24667.0,11.34173896,16.60927778,5.267538819999999,1.4644383756827355
51127,42.0,66.0,0.02828028,0.044440440000000005,0.016160160000000003,1.5714285714285716
51131,17439.0,29548.0,11.74237626,19.89585032,8.15347406,1.6943632088995928
51133,201.0,310.0,0.13534134,0.20873540000000002,0.07339406000000001,1.5422885572139304
51135,120.0,164.0,0.0808008,0.11042776,0.029626959999999994,1.3666666666666665
51137,772.0,1029.0,0.51981848,0.69286686,0.17304838,1.3329015544041452
51139,686.0,1695.0,0.46191124,1.1413113000000001,0.6794000600000001,2.470845481049563
51141,0.0,0.0,0.0,0.0,0.0,
51143,0.0,101.0,0.0,0.06800734,0.06800734,
51145,2651.0,4089.0,1.78502434,2.75328726,0.9682629199999999,1.5424368162957374
51147,3.0,11.0,0.00202002,0.00740674,0.00538672,3.666666666666667
51149,2068.0,2709.0,1.39246712,1.8240780600000002,0.4316109400000001,1.3099613152804643
51153,3425.0,6600.0,2.3061895,4.444044,2.1378545,1.927007299270073
51157,228.0,386.0,0.15352152,0.25990924,0.10638771999999999,1.6929824561403508
51165,0.0,0.0,0.0,0.0,0.0,
51171,1.0,16.0,0.00067334,0.01077344,0.0101001,16.0
51175,36005.0,47390.0,24.2436067,31.9095826,7.665975899999999,1.3162060824885433
51177,17704.0,24341.0,11.92081136,16.38976894,4.46895758,1.3748870311793944
51179,10957.0,17172.0,7.37778638,11.562594480000001,4.1848081000000015,1.5672173040065713
51181,735.0,1348.0,0.49490490000000004,0.90766232,0.41275742,1.8340136054421767
51183,15437.0,18439.0,10.39434958,12.41571626,2.02136668,1.194467837014964
51187,26.0,64.0,0.01750684,0.04309376,0.025586920000000003,2.4615384615384617
51193,20803.0,38104.0,14.00749202,25.65694736,11.64945534,1.831658895351632
51199,7265.0,12060.0,4.8918151000000005,8.1204804,3.2286652999999994,1.6600137646249138
51550,21589.0,27166.0,14.53673726,18.29195444,3.7552171800000007,1.2583259993515217
51590,0.0,0.0,0.0,0.0,0.0,
51630,180.0,324.0,0.12120120000000001,0.21816216000000002,0.09696096000000001,1.8
51650,5203.0,8812.0,3.50338802,5.9334720800000005,2.4300840600000004,1.6936382856044592
51670,255.0,420.0,0.1717017,0.2828028,0.11110110000000001,1.6470588235294117
51683,2225.0,3115.0,1.4981815,2.0974541,0.5992726000000002,1.4000000000000001
51700,13165.0,21879.0,8.864521100000001,14.732005860000001,5.86748476,1.6619065704519558
51710,2768.0,4294.0,1.86380512,2.89132196,1.0275168399999999,1.551300578034682
51730,2517.0,3571.0,1.6947967800000001,2.40449714,0.70970036,1.4187524831148193
51740,7840.0,10752.0,5.2789856,7.23975168,1.96076608,1.3714285714285714
51800,1520.0,2001.0,1.0234768,1.34735334,0.3238765399999999,1.3164473684210525
51810,12311.0,17063.0,8.28948874,11.489200420000001,3.199711680000002,1.3859962635041836
51840,36.0,36.0,0.02424024,0.02424024,0.0,1.0
