fips,earb_wind,earb_scaled,earb_diff,earb_ratio
01001,0.468571517019263,0.6219102297516904,0.15333871273242744,1.3272471910112362
01003,6.200529857376012,6.804680227425579,0.6041503700495667,1.097435281168896
01005,22.65864355913623,24.15939959460691,1.5007560354706797,1.0662332690636973
01007,0.9453693602363424,0.9958698602489676,0.05050050001262518,1.0534188034188035
01009,0.0,0.0,0.0,
01011,0.0,0.0,0.0,
01013,49.52477855985337,53.36970534719006,3.8449267873366963,1.0776364256266162
01015,0.0,0.0,0.0,
01017,0.5227623851649081,0.78602266611963,0.26326028095472187,1.5035945363048167
01019,0.0,0.0,0.0,
01021,0.1890738720302518,0.2520984960403357,0.06302462401008388,1.333333333333333
01023,0.0,0.0,0.0,
01025,36.65932298094818,43.489299179136744,6.829976198188561,1.1863093926131176
01027,0.0718229333333333,0.0718229333333333,0.0,1.0
01031,10.780419141377982,11.430777113158898,0.6503579717809167,1.0603277074158164
01035,731.0856413243426,798.3361474333446,67.250506109002,1.0919871794871794
01037,0.0,0.0,0.0,
01039,192.4967182561529,205.4776775524547,12.980959296301819,1.067434704414172
01041,129.33178062933175,141.28019894128022,11.948418311948473,1.0923857868020308
01043,0.0,0.0,0.0,
01045,48.21511315702999,50.14582700945834,1.9307138524283474,1.0400437482359584
01047,16.404871003659927,18.901615725086636,2.4967447214267082,1.1521953278919221
01049,0.0,0.0,0.0,
01051,0.9204265043078076,1.0166848486514486,0.096258344343641,1.1045801526717558
01053,214.17374273333337,226.45007761333335,12.276334879999979,1.0573195141632519
01055,0.0,0.0,0.0,
01057,0.0,0.0,0.0,
01061,89.98909404923077,96.3619981723077,6.372904123076921,1.070818627417123
01063,9.752656569752656,10.494003910494005,0.7413473407413491,1.0760149130074568
01065,5.888174659677028,6.382528644951808,0.49435398527478025,1.0839570858283434
01067,16.613545426951386,17.576212986333772,0.9626675593823855,1.0579447393462864
01069,8.928046294161785,9.546320752616928,0.6182744584551436,1.0692508123372348
01071,0.0,0.0,0.0,
01073,0.0088260413418821,0.0097013196387837,0.000875278296901599,1.099169974736936
01075,0.0,0.0,0.0,
01077,0.0,0.0,0.0,
01081,0.1271880551401165,0.1471831365005733,0.0199950813604568,1.1572087987227202
01085,0.0,0.0,0.0,
01087,25.014311643988552,28.49197807320642,3.477666429217866,1.1390270689321016
01089,0.0,0.0,0.0,
01091,0.0,0.0,0.0,
01093,0.0,0.0,0.0,
01095,0.0,0.0,0.0,
01097,12.828087656188298,14.785789598252435,1.957701942064137,1.1526105834738147
01099,13.099127706119454,14.15970983794397,1.0605821318245159,1.080965859377724
01101,0.7913384437209859,0.868643730858143,0.07730528713715701,1.09768928547646
01105,0.0,0.0,0.0,
01107,0.3151231193697538,0.4282442391435115,0.11312111977375772,1.3589743589743588
01109,21.758789717142857,24.00514814857143,2.246358431428572,1.1032391259178702
01111,0.0,0.0,0.0,
01113,1.3507862701639346,1.53177123147541,0.18098496131147535,1.1339848985061942
01115,0.0,0.0,0.0,
01117,0.0051493113677811,0.0051493113677811,0.0,1.0
01119,18.2832010382832,20.46684266046684,2.1836416221836394,1.1194343166500937
01121,0.0,0.0,0.0,
01123,0.0862122297089518,0.0991477706240095,0.012935540915057706,1.150042992261393
01125,0.0834638488799655,0.0980911319677229,0.014627283087757403,1.175252918287938
01127,0.19796196,0.19796196,0.0,1.0
01129,0.0,0.0,0.0,
01131,40.30343908030344,44.034416024034414,3.7309769437309726,1.0925721732157176
01133,0.0,0.0,0.0,
09001,0.00067334,0.00202002,0.0013466799999999998,3.0
09003,0.0358712311265689,0.0473191011870881,0.0114478700605192,1.319137919190068
09005,0.025814478624026,0.0376726226982821,0.011858144074256102,1.459360200411699
09007,0.2232585714984405,0.3117001148086532,0.08844154331021267,1.3961395198250226
09009,0.0221781927978918,0.0417345463159463,0.0195563535180545,1.8817830062291403
09011,0.2974779819245949,0.5209876947397536,0.2235097128151587,1.7513487598951583
09013,0.0651921289453068,0.0739509847545131,0.008758855809206309,1.134354498785499
09015,0.4603425476548199,0.7020180112581306,0.24167546360331066,1.5249904985635325
10001,0.3012711539219309,0.4628873308612381,0.16161617693930724,1.536447565043639
10003,0.0179861083343634,0.0276532413539312,0.0096671330195678,1.5374777489301694
10005,0.2960549477718011,0.3930196193470849,0.09696467157528382,1.327522550476083
12001,8.430170495541557,9.071132482517797,0.6409619869762402,1.0760319126778306
12003,50.42433096303031,52.7050967769697,2.2807658139393894,1.0452314541488232
12005,6.680989208543396,7.169080659305832,0.4880914507624361,1.0730567638304644
12007,50.77598294258065,52.745154912258066,1.9691719696774186,1.0387815627696313
12009,12.546384602842243,13.577582426701436,1.031197823859193,1.0821908347704874
12011,31.39057333412843,33.737846142703084,2.3472728085746546,1.07477635988326
12013,104.974244672,111.706836664,6.732591991999996,1.0641356554937498
12015,8.890906923628155,9.926781403718056,1.0358744800899018,1.1165094280018835
12017,14.15104463750192,15.116855916522,0.9658112790200803,1.0682501754294922
12019,11.375130309374926,12.209944132878864,0.8348138235039375,1.0733893855102405
12021,21.325598288803377,23.395371228606912,2.069772939803535,1.0970557970647994
12023,69.56073539563087,73.8331306559165,4.272395260285634,1.0614196390533557
12027,167.30355691451842,176.4970662478034,9.193509333284965,1.0549510691992177
12029,174.14174675788902,187.09873218751815,12.956985429629128,1.0744048206180183
12031,7.260225025935923,7.848773990073055,0.5885489641371322,1.081064837802498
12033,13.622919273914809,14.41619027878296,0.793271004868151,1.0582306177492447
12035,2.0631387367474057,2.237020726210068,0.1738819894626622,1.0842803183157677
12037,24.351007408518957,26.724119753921677,2.3731123454027205,1.097454380658293
12039,52.6686736767227,56.93481117992768,4.26613750320498,1.0809995241078272
12041,53.21762747162626,56.28460521345887,3.066977741832609,1.0576308619445278
12043,128.63351655300738,136.3192886485344,7.685772095527028,1.0597493740471589
12045,11.247440144074703,12.3976029664391,1.150162822364397,1.1022599638345547
12047,83.43583838408681,90.64793132759264,7.212092943505837,1.0864387903709416
12049,46.88044350780488,49.76752835268293,2.8870848448780535,1.0615839917213539
12051,31.02090314674997,32.51834602771953,1.4974428809695617,1.0482720594524808
12053,10.689112833748505,11.727732929389225,1.03862009564072,1.0971661644698434
12055,23.910058797963707,25.260226424276084,1.350167626312377,1.0564686033489539
12057,8.231566698503624,9.098457474469273,0.8668907759656488,1.1053129747613217
12059,240.53320816,253.86399348,13.330785320000018,1.055421808165185
12061,20.226474586382977,23.086794253617025,2.860319667234048,1.1414146422313107
12063,32.84312230039216,34.98951897647059,2.1463966760784317,1.0653530031781662
12065,25.49521951034316,28.00580978425011,2.5105902739069528,1.098472981293157
12067,52.62027051142857,57.03362944571429,4.413358934285718,1.0838718404787977
12069,6.680132056610462,7.197309932524621,0.5171778759141592,1.0774203071932351
12071,10.44536350666537,11.386438931477516,0.941075424812146,1.0900950382637837
12073,8.1146137601837,8.643870445176166,0.5292566849924665,1.0652226588515392
12075,82.7880767443794,89.60973504002193,6.821658295642536,1.082399043001149
12077,113.7947048095292,121.71318320664976,7.918478397120566,1.0695856490895126
12079,99.89924200772892,106.00960702271092,6.110365014982008,1.0611652790569648
12081,6.1331682145894435,6.644032498127695,0.5108642835382513,1.0832953321454675
12083,7.284172693983878,7.780683668434451,0.49651097445057246,1.068162987796905
12085,22.146380090876026,24.517108818617167,2.3707287277411417,1.1070481368970022
12086,9.82239900196584,10.979180708888403,1.1567817069225637,1.117769773625674
12087,50.316321222622385,54.03334461036862,3.717023387746238,1.0738731150733463
12089,13.283504557511824,14.138424501484335,0.8549199439725115,1.0643595174956337
12091,8.412548525676824,9.20157768347166,0.7890291577948361,1.0937919294476053
12093,1048.14932428,1106.12120492,57.97188064000011,1.0553087993257282
12095,5.152020332257448,5.603105121282709,0.45108478902526183,1.087554931839256
12097,1.5930435919935182,1.701618425439419,0.10857483344590091,1.0681555947317372
12099,11.5397737764692,12.268113488866543,0.728339712397343,1.0631155971083683
12101,9.95793926358315,10.845704162634147,0.8877648990509979,1.0891514675428493
12103,30.49847634179372,34.035585712107626,3.5371093703139067,1.1159765927541374
12105,7.535596163085072,8.115629032298168,0.5800328692130963,1.076972392981265
12107,219.69433026532064,233.11555766024375,13.421227394923108,1.0610904586327492
12109,3.105946760235942,3.383434824227152,0.27748806399121007,1.089340895196198
12111,5.072959051384326,5.377885800891237,0.3049267495069108,1.0601082615527324
12113,9.512630714039334,10.318974209409983,0.8063434953706494,1.0847655627144863
12115,9.298677491975656,9.965170996793844,0.6664935048181881,1.0716761609802408
12117,8.084537515971194,8.382235113879558,0.29769759790836403,1.0368230832401055
12119,2.5223246705646316,2.7017005086688837,0.17937583810425206,1.0711152851167642
12121,103.37748034086955,112.05273434956524,8.675254008695688,1.0839182187463896
12123,136.343438255,150.14556157500002,13.802123320000021,1.1012305652303283
12125,43.57676922666667,45.587093130666666,2.0103239039999963,1.0461329267790185
12127,10.791934880352734,11.529792015308642,0.7378571349559078,1.0683711626447279
12129,13.900862588205127,14.930951932307693,1.0300893441025654,1.0741025484977167
12131,4.104911159105099,4.527194133007284,0.4222829739021847,1.1028726219727116
12133,25.698570326764468,27.166085379016792,1.467515052252324,1.0571049297136947
13001,400.1316220601316,428.7492454287493,28.61762336861773,1.071520524224694
13003,39.24539745333334,44.16212613333334,4.9167286799999985,1.1252816635593124
13005,0.0,0.0,0.0,
13007,0.0,0.0,0.0,
13009,0.9662028997951544,1.0689639172412455,0.10276101744609112,1.106355525809204
13011,0.0594915694117647,0.0594915694117647,0.0,1.0
13013,0.00067334,0.00067334,0.0,1.0
13017,65.70586388,73.74823684,8.042372960000009,1.1223996228812692
13019,14.474284975000002,15.280946295,0.8066613199999981,1.0557306506948885
13021,0.5276099858511524,0.5479151219603225,0.020305136109170174,1.0384851247203244
13023,0.9364738591169348,0.9967408778347427,0.06026701871780793,1.0643552600332462
13025,69.14800544891006,72.54823503286109,3.400229583951031,1.049173212761188
13027,41.988291106153845,44.36549207846154,2.3772009723076977,1.056615806685195
13029,2.8885652268235296,3.2017633865882353,0.3131981597647058,1.108426895420714
13031,2.4646139027268315,2.7266762179206796,0.26206231519384815,1.1063299671010962
13033,5.308571123365792,5.920046715943547,0.6114755925777553,1.1151864745461038
13035,0.801005264,0.864299224,0.06329395999999998,1.0790181573638198
13037,54.71991773222407,57.57380198594096,2.853884253716892,1.052154395912702
13039,6.443812815359122,7.421310865857626,0.9774980504985038,1.1516955998735086
13043,71.67723542381556,78.75423121071671,7.076995786901151,1.0987342179850554
13045,0.0023428542465753,0.0023428542465753,0.0,1.0
13049,32.52377861571568,34.58768939057793,2.0639107748622507,1.0634585175126288
13051,2.757732203786192,3.222861679064588,0.4651294752783959,1.168663757358239
13053,0.0,0.0,0.0,
13059,0.0240196234804088,0.0248193583609276,0.0007997348805188001,1.0332950631458104
13061,65.61563632000001,69.63143608,4.015799759999993,1.0612018717675067
13063,0.0,0.0,0.0,
13065,0.0,0.0,0.0,
13069,16.60141806521452,17.72578568226452,1.124367617049998,1.0677272033408953
13071,25.206826734264094,26.730093730924654,1.5232669966605599,1.0604307322265978
13073,0.0291501264891926,0.0371702553624062,0.0080201288732136,1.2751318721099567
13075,29.41197829451825,32.8123166414629,3.4003383469446504,1.1156106642298997
13077,0.0080716894704049,0.0080716894704049,0.0,1.0
13079,7.288232160677975,7.47895963046316,0.19072746978518484,1.0261692363223844
13081,16.662279257142856,18.6784516,2.0161723428571428,1.1210021937420622
13087,15.82834975826087,16.52007486782609,0.691725109565219,1.0437016568454462
13089,0.0,0.0,0.0,
13091,23.16999197482133,25.444793472444555,2.2748014976232263,1.0981787779682979
13093,4.928701889812997,5.194903798195994,0.26620190838299695,1.0540105517303051
13095,17.465272477333336,19.076215982666668,1.6109435053333314,1.0922369523535367
13097,0.0,0.0,0.0,
13099,53.972730722191734,58.0090979570876,4.036367234895863,1.0747853069668059
13101,35.91346943258876,37.58045209156322,1.6669826589744545,1.0464166421488033
13103,4.211161789750759,4.653903780925748,0.442741991174989,1.1051353553436363
13105,0.7821937184009249,0.9177711646276482,0.1355774462267233,1.173329755835793
13107,5.897147159257674,6.317701147700791,0.42055398844311664,1.0713148200453007
13109,19.751444784653625,22.14252691967038,2.391082135016756,1.1210585939958462
13113,0.0,0.0,0.0,
13119,0.0580972623455453,0.0580972623455453,0.0,1.0
13121,0.00067334,0.00067334,0.0,1.0
13125,0.0,0.0,0.0,
13127,3.2299697814045083,3.5549343067273984,0.3249645253228901,1.1006091534334985
13131,38.7017590635419,42.6865606987408,3.984801635198899,1.1029617705142682
13133,0.2221885049792798,0.2331719357604301,0.0109834307811503,1.0494329388560157
13135,0.0,0.0,0.0,
13139,0.0,0.0,0.0,
13141,1.8720775831244865,2.2434726888918286,0.37139510576734214,1.1983865995272942
13145,0.2482593892063492,0.2753639961904762,0.027104606984126978,1.1091785775787841
13147,0.0542791256342872,0.0820841068042155,0.027804981169928307,1.5122591943957988
13149,0.0066256655994699,0.0386227823969101,0.0319971167974402,5.829268292682957
13151,0.01144678,0.0133926615082956,0.0019458815082956,1.1699937893709498
13153,0.2565451549126213,0.2637178602330097,0.007172705320388384,1.0279588414867216
13155,12.227012723471791,12.80861014839926,0.5815974249274696,1.0475666001239203
13157,0.0212945717067456,0.0212945717067456,0.0,1.0
13159,0.3346058265573771,0.3370232275409835,0.0024174009836064325,1.007224623099
13161,60.00913816800366,65.0010115940004,4.991873425996744,1.0831852210911832
13163,11.02042111640817,11.516538028606616,0.4961169121984472,1.0450179631937826
13165,8.549109406935491,9.403000718486046,0.8538913115505551,1.0998807327062434
13167,0.0,0.0,0.0,
13169,2.2126460581967033,2.3331612136729496,0.12051515547624625,1.0544665311606438
13171,0.2774787162790698,0.3610355125581395,0.0835567962790697,1.3011286681715573
13173,21.46415536897553,23.61992071272915,2.1557653437536217,1.1004356009680019
13175,11.15168568517467,12.303317451076609,1.1516317659019393,1.103269747589187
13177,2.8921876837267715,3.1958285848707235,0.30364090114395204,1.1049865825971195
13179,3.0581473059872613,3.423783792356688,0.3656364863694268,1.1195614369698874
13181,0.1172703502639313,0.1399819264789199,0.022711576214988607,1.19366852886406
13183,4.623699246929266,5.091254793434888,0.46755554650562203,1.101121530950816
13185,4.088658754996373,4.441711357659454,0.35305260266308114,1.0863492464935227
13189,0.4925061262807817,0.6833138487926651,0.19080772251188338,1.387422028539605
13191,12.28730449379064,13.374971273503078,1.087666779712439,1.0885195593762724
13193,17.64627318081424,19.427620049054653,1.781346868240412,1.1009474833574018
13195,0.8982996876190477,0.8997532469841271,0.0014535593650794043,1.0016181229773464
13197,11.626657968106668,13.48161347614811,1.8549555080414422,1.1595433109952842
13199,0.1566637733333333,0.220586184,0.06392241066666668,1.4080229226361032
13201,114.38565229122872,126.62293342675414,12.237281135525421,1.1069826581429023
13205,50.53801851288598,53.98498064143749,3.4469621285515117,1.0682053279883266
13207,0.3684583573854645,0.3730998505521594,0.004641493166694877,1.0125970630701129
13209,17.2899659656887,18.73173328369883,1.441767318010129,1.0833875162548765
13211,0.1155845589961989,0.1299217741146532,0.014337215118454288,1.1240409207161122
13215,0.1160921459793814,0.1298366119587629,0.01374446597938149,1.1183927290121984
13217,0.0127552434081248,0.0134285834081248,0.0006733399999999997,1.0527892709261117
13219,0.0053244109249785,0.0054208894921312,9.647856715270034e-05,1.0181200452993004
13221,0.3203559336229478,0.3296672639058093,0.009311330282861519,1.0290655777077653
13225,1.2870329213996352,1.3296024703814957,0.042569548981860494,1.0330757265599442
13229,19.86900853999405,21.494298268249743,1.6252897282556944,1.0818002430762548
13231,0.3324375771574698,0.3332367059487137,0.000799128791243886,1.002403846153846
13235,2.262807165714286,2.4420117971428574,0.17920463142857157,1.0791957150144533
13237,1.5666586120930233,1.92036568,0.3537070679069767,1.2257716296177834
13239,32.4684548,36.03244342,3.5639886199999964,1.109767731231854
13243,36.05100838631486,37.729356432988205,1.6783480466733423,1.0465548155737705
13245,0.3764042614973262,0.4266995188235294,0.05029525732620321,1.1336203185535945
13247,0.0098868059627329,0.0098868059627329,0.0,1.0
13249,3.56600864,3.9592392,0.3932305599999997,1.1102719033232626
13251,49.39879864880021,51.39598363975722,1.9971849909570096,1.040429829177749
13253,264.64888052464886,286.41863608641864,21.769755561769784,1.082259012464412
13255,0.067168618245614,0.067168618245614,0.0,1.0
13259,72.35711625528577,82.78445947443109,10.427343219145314,1.144109436069235
13261,10.594849513846151,11.507898553846154,0.9130490400000024,1.0861785756189137
13263,29.051927581896148,36.97848604604303,7.926558464146883,1.2728410513141426
13265,0.0,0.0,0.0,
13267,35.86443045529244,39.16915389992758,3.304723444635137,1.0921448745367561
13269,19.382642807497223,21.95431190474389,2.571669097246666,1.1326789707052716
13271,327.5583644302335,363.1187966524752,35.56043222224173,1.1085621253607636
13273,108.81847718236304,121.56884339686232,12.75036621449928,1.1171709671431225
13275,10.403994464225352,11.331031905633804,0.9270374414084515,1.089103992182629
13277,5.423294603312888,6.030631979993038,0.6073373766801504,1.1119867942097688
13279,23.479488225454546,25.17508077090909,1.695592545454545,1.0722159073133597
13283,0.0,0.0,0.0,
13285,0.0389514405063291,0.0425141762025316,0.003562735696202503,1.091466083150984
13287,23.764413066666663,25.442376346666663,1.6779632800000002,1.070608235738572
13289,14.20478064811702,15.258653940147804,1.0538732920307847,1.0741914513245572
13293,1.106097437837838,1.2274442248648647,0.12134678702702661,1.1097071405067453
13297,0.0113861097777615,0.0122573739431458,0.0008712641653843001,1.0765199161425607
13299,58.949704988,64.154353852,5.204648863999999,1.088289650729541
13301,15.513753662055016,16.1844003047376,0.6706466426825841,1.0432291666666664
13303,1.2366195163636364,1.3403138763636364,0.10369435999999999,1.0838530838530838
13305,18.02891396687727,19.23497331109879,1.2060593442215222,1.0668958400066302
13307,0.0,0.0,0.0,
13309,0.0,0.0,0.0,
13315,0.0,0.0,0.0,
13317,1.7665448977777778,1.771333093333333,0.004788195555555319,1.0027104861934608
13319,0.0,0.0,0.0,
13321,27.580420758833785,30.450713792238354,2.870293033404568,1.1040699508721323
22001,76.3365262883689,87.94624473519818,11.609718446829277,1.1520860197773788
22003,65.54174457961233,76.53767953709024,10.995934957477914,1.1677699461313753
22005,30.984291331709844,36.59339843854922,5.609107106839378,1.181030672826747
22007,146.06899288,169.013457384,22.944464503999995,1.1570796378588681
22009,162.434925584,194.788643248,32.35371766399999,1.1991795640480587
22011,78.61683387500645,90.61301875177774,11.996184876771295,1.1525905367270848
22013,6.730257746666667,7.693133946666667,0.9628762000000002,1.1430667644900954
22015,0.2440161589807812,0.2853532162969077,0.041337057316126496,1.169402950561902
22017,0.8368336547807854,0.9481114684256812,0.11127781364489575,1.132974830791247
22019,16.274062355394836,19.43190349146185,3.157841136067013,1.1940413565528825
22021,18.07873010666667,22.986929813333333,4.9081997066666645,1.271490291503203
22023,78.42316164444445,84.93091792888889,6.50775628444444,1.0829825799927495
22025,4.21039502,4.686042396,0.4756473760000004,1.112969774508236
22027,18.67306488,21.4930128,2.8199479200000006,1.151016875811337
22029,11.502442773333334,13.076562062222225,1.574119288888891,1.136850868977001
22031,1.4246682647283302,1.6835168452501412,0.25884858052181103,1.1816904236097172
22033,9.804351848068192,11.836923718577744,2.0325718705095515,1.2073132321245734
22035,0.0,0.0,0.0,
22037,43.88762786,50.853426351428574,6.965798491428572,1.158718956368506
22039,98.59227045122746,115.57861863365407,16.98634818242661,1.172288842773223
22041,8.642358506201798,10.539276110461346,1.8969176042595475,1.2194907331023481
22043,238.0569327855545,271.4373592548501,33.3804264692956,1.1402203501435735
22045,38.47722635057293,42.830670304800734,4.3534439542278065,1.1131433933039454
22047,30.100628792307692,33.769244089230774,3.6686152969230825,1.1218783608221703
22049,0.0,0.0,0.0,
22051,43.77060968387946,46.66665022319286,2.896040539313404,1.066164043869373
22053,71.08716788434783,80.00353616434784,8.91636828,1.125428660971641
22055,15.315408456049605,17.568528568935204,2.2531201128855987,1.147114595040109
22057,48.98705120764391,53.25819036147075,4.271139153826844,1.08718914587699
22061,1.060002541754386,1.1864487059649125,0.12644616421052657,1.119288548121072
22063,25.80145765597981,30.68987552646402,4.888417870484211,1.1894628565433496
22065,8.06795986386408,11.11819005776362,3.050230193899539,1.3780671006509764
22067,11.69995583574547,12.607863006324417,0.9079071705789463,1.077599196383727
22069,8.25755824807348,9.38206439918397,1.1245061511104897,1.1361790153127702
22071,33.373877077167386,37.06150040462229,3.687623327454901,1.1104943042406594
22073,2.244669644521739,2.691626881391304,0.4469572368695647,1.1991193839861436
22075,55.601662629799925,62.66747834557568,7.065815715775756,1.1270792163684114
22077,58.954418368000006,66.992481952,8.038063584,1.1363437008881254
22079,28.34132854948296,31.84819032713849,3.50686177765553,1.1237366756301728
22081,21.097088863122327,24.035005948771996,2.9379170856496692,1.1392569896591347
22083,3.37208672,4.303690017777778,0.931603297777778,1.2762690805821797
22085,23.15553048678821,26.811354438107053,3.655823951318844,1.1578812436797654
22087,22.262111367937813,25.908223420210913,3.6461120522731,1.163781053468463
22089,59.96620452648853,68.89243632708718,8.92623180059865,1.1488543734105385
22091,165.26322292,190.4306521,25.16742918,1.1522869319339304
22093,38.964923289935314,47.69002092673063,8.725097636795319,1.2239218481677088
22095,48.85385255238294,58.7634414864755,9.909588934092561,1.2028415041263558
22097,100.9494468419576,116.23690130429208,15.28745446233448,1.1514367333410742
22099,202.55862773333337,234.5347961777778,31.976168444444426,1.1578613007121117
22101,93.94161245826317,107.88850387977084,13.946891421507672,1.1484634024959286
22103,20.42965199532245,22.01160104142831,1.581949046105862,1.077433969333793
22105,2.947678966417619,3.2583543188672186,0.31067535244959954,1.1053966039005836
22107,0.0,0.0,0.0,
22109,43.1286120784,46.8537174936,3.725105415199998,1.0863720216275088
22111,82.80465967439068,102.1362510357275,19.33159136133682,1.23346018735363
22113,32.59869293157895,35.52839527157895,2.9297023399999986,1.089871773268613
22115,125.93612686062522,147.69795770343111,21.761830842805892,1.1728005409193656
22117,422.0064184088026,478.8990697195596,56.892651310757,1.1348146588037067
22119,0.17035502,0.2154688,0.04511377999999999,1.2648221343873518
22121,29.950219311666668,34.726051596666665,4.775832284999996,1.1594590088073125
22123,0.0,0.0,0.0,
22125,12.58169457,14.48926679,1.9075722200000005,1.151614888549945
22127,321.4094235256377,351.54812204619253,30.13869852055484,1.0937704258635428
23001,0.0123232505041701,0.0422511445857263,0.029927894081556196,3.428571428571448
23005,0.0272369624417262,0.0620124574126725,0.0347754949709463,2.2767758168829904
23009,0.0171776515555555,0.0300010377777777,0.012823386222222202,1.7465156794425098
23011,0.0040634605220339,0.0411615669600424,0.0370981064380085,10.129682997249754
23013,0.0665091585166272,0.1518550035379637,0.08534584502133649,2.2832194381169346
23015,0.0777835549170168,0.1759207290693872,0.09813717415237039,2.2616699539776475
23017,0.0,0.00067334,0.00067334,
23019,0.0147828736350197,0.0278211845429253,0.0130383109079056,1.8819875776397534
23023,0.0751489305855231,0.1450646487347284,0.0699157181492053,1.930362116991643
23025,0.0013153618604651,0.01077344,0.009458078139534901,8.190476190476293
23027,0.0913105543800529,0.2177666315474778,0.1264560771674249,2.3849009900990117
23029,0.0008441874627369,0.0129040083589793,0.012059820896242399,15.285714285715434
23031,0.0287175137662337,0.0738866767099567,0.045169162943723,2.5728786033292788
24003,0.1295169232016936,0.1841427288362679,0.05462580563457428,1.4217657761179736
24009,0.2641159483063983,0.590165843144944,0.32604989483854574,2.234495292424744
24011,0.9971366521357872,1.3410193788921343,0.3438827267563471,1.3448702101359706
24013,0.0467194369230769,0.072461743076923,0.025742306153846102,1.550997782705099
24015,0.0599619435836616,0.0731656267088337,0.013203683125172096,1.2202010531354728
24017,0.02491882,0.03583898,0.010920159999999998,1.4382294185679738
24019,1.6258916533333334,2.694956065185185,1.0690644118518517,1.6575250015338363
24021,0.00404004,0.00471338,0.0006733399999999997,1.1666666666666665
24025,0.1076673175537899,0.1576571524703533,0.049989834916563405,1.464299065420561
24027,0.0045803934390961,0.0166668846531374,0.012086491214041302,3.6387452027322924
24029,0.2718138911782549,0.4658974127627282,0.19408352158447334,1.7140309155766944
24031,0.00202002,0.00404004,0.00202002,2.0
24033,0.023046323155621,0.0254987174550154,0.0024523942993944017,1.1064115209543204
24035,0.1509964949811254,0.1901343824762331,0.03913788749510769,1.2591973244147152
24037,0.640613135191036,0.9012795651171744,0.2606664299261384,1.406901475487863
24039,4.349061835457067,5.926491331096041,1.5774294956389738,1.3627056950026541
24041,0.4977005393678412,0.6847100702064026,0.18700953083856142,1.3757470929730018
24043,0.0,0.0,0.0,
24045,0.7567760298193627,0.915064215695868,0.1582881858765054,1.2091612044243627
24047,0.779065792542373,1.329663899322034,0.550598106779661,1.706741474276339
25001,0.0159480117808219,0.0377470099543379,0.021798998173515997,2.36687873529979
25003,0.0233493593913854,0.0301449138554292,0.006795554464043799,1.2910381544151046
25005,0.0207246964221079,0.0383449410545788,0.0176202446324709,1.85020519835816
25007,0.00471338,0.0101001,0.005386720000000001,2.1428571428571432
25009,0.0037190290697674,0.0093562941860465,0.0056372651162791,2.5157894736842357
25011,0.0,0.00134668,0.00134668,
25013,0.0224877723178807,0.0315667143046357,0.009078941986755,1.4037279397184248
25015,0.0096775743277567,0.0135208215488276,0.0038432472210709005,1.3971291866028768
25017,0.00269336,0.00471338,0.0020200199999999995,1.7499999999999998
25021,0.00404004,0.0101001,0.006060060000000001,2.5
25023,0.0243239380475932,0.0585435597318067,0.0342196216842135,2.40682901005824
25025,0.00202002,0.00269336,0.0006733400000000001,1.3333333333333335
25027,0.0043422060972214,0.0083572858269464,0.004015079729725,1.9246635557658744
28001,38.84229124,48.08724944,9.2449582,1.238012689387373
28003,0.8123588125576491,0.8123588125576491,0.0,1.0
28005,0.0,0.0,0.0,
28007,11.57336792,12.79346,1.2200920799999988,1.1054223877123575
28009,0.0,0.0,0.0,
28011,3.050230201220092,3.050230201220092,0.0,1.0
28013,0.0,0.0,0.0,
28015,0.0,0.0,0.0,
28017,0.0,0.0,0.0,
28019,0.93998264,1.1850784,0.2450957600000001,1.2607449856733526
28021,0.0,0.0,0.0,
28023,0.0,0.0,0.0,
28025,0.0,0.0662566559469946,0.0662566559469946,
28027,0.1553861538222483,0.1553861538222483,0.0,1.0
28029,88.70917825564541,100.51215510974392,11.802976854098503,1.1330524877604462
28031,0.0,0.0,0.0,
28033,0.0056525581298701,0.0056525581298701,0.0,1.0
28035,13.973580173708273,16.96770056296186,2.9941203892535864,1.2142700977153384
28037,0.0,0.0,0.0,
28039,76.35729467200001,86.63946580800001,10.282171136000002,1.134658662020021
28041,453.0096842939807,524.9506764300987,71.94099213611804,1.158806742174262
28043,7.789197151156789,7.789197151156789,0.0,1.0
28045,12.850704758250972,14.710839088919126,1.8601343306681546,1.1447495966689165
28047,8.042665130871322,8.848818223561842,0.8061530926905203,1.100234571447734
28049,1.7809076920285252,2.3406104789603335,0.5597027869318083,1.3142795044555535
28051,1.356299142857143,1.576000365714286,0.2197012228571431,1.161985815602837
28053,0.0,0.0,0.0,
28055,0.0,0.0,0.0,
28059,20.226131419534884,22.84667674511628,2.6205453255813964,1.1295623602569105
28061,141.51452112,167.59432600000002,26.07980488000001,1.184290662707929
28063,0.0,0.0,0.0,
28065,0.0,0.0,0.0,
28067,69.8716135182832,82.20743652135522,12.335823003072022,1.1765498516768063
28069,0.0,0.0,0.0,
28071,0.0238065180100352,0.0238065180100352,0.0,1.0
28073,32.60469392666667,38.92003956533333,6.315345638666663,1.1936943696779034
28075,10.17820744,12.461727826666667,2.283520386666668,1.22435388550763
28077,0.0,0.0,0.0,
28079,0.0,0.0,0.0,
28081,0.0033054872735858,0.0033054872735858,0.0,1.0
28083,0.1607038133333333,0.1607038133333333,0.0,1.0
28085,138.85294282354118,159.7472217038989,20.894278880357717,1.1504777533372903
28087,0.0066505273866616,0.0132389003117658,0.0065883729251042,1.9906542056075045
28089,0.2103012503587921,0.2371861458399411,0.026884895481149,1.1278399221843953
28091,740.8867739582265,859.3488266013024,118.46205264307594,1.1598922491357029
28093,0.06101763639497,0.06101763639497,0.0,1.0
28095,0.0,0.0,0.0,
28097,0.0368580460853832,0.0375606617375266,0.0007026156521433985,1.0190627482128531
28099,101.05756096423023,131.13161884452649,30.07405788029625,1.2975933477252741
28101,41.326915840000005,55.90338016,14.576464319999992,1.3527111574556827
28103,9.469853797879416,14.972388299889554,5.502534502010137,1.5810580204778155
28105,0.1530318181818181,0.2057971890909091,0.052765370909091,1.3448000000000009
28107,7.731020547092408,7.731020547092408,0.0,1.0
28109,18.576083263120573,21.017382771287284,2.4412995081667113,1.131421649741066
28111,0.0,0.0,0.0,
28113,186.94234697077695,219.49052523979623,32.548178269019274,1.17410810764084
28115,0.058815466043776,0.058815466043776,0.0,1.0
28117,0.2681117453570503,0.2681117453570503,0.0,1.0
28119,4.896528470206944,4.896528470206944,0.0,1.0
28121,2.4345815003420688,2.7159905062059466,0.28140900586387785,1.1155882462034394
28123,11.092248772861527,13.641301379713958,2.549052606852431,1.22980485373615
28125,0.0,0.0,0.0,
28127,25.56537312,32.67853688,7.113163760000003,1.2782343025705858
28129,0.0,0.0,0.0,
28131,33.208724796,38.425897784,5.2171729880000015,1.1571024789433773
28133,0.4322842801080711,0.4322842801080711,0.0,1.0
28135,23.17366953269468,23.17366953269468,0.0,1.0
28137,0.3324882042105263,0.3324882042105263,0.0,1.0
28139,3.481706473392683,3.481706473392683,0.0,1.0
28141,0.0,0.0,0.0,
28143,0.1329622053333333,0.1329622053333333,0.0,1.0
28145,1.2795044326401166,1.2795044326401166,0.0,1.0
28147,0.0,0.0,0.0,
28149,10.65964554,13.43515302,2.77550748,1.260375213189312
28151,6.135204746454082,6.135204746454082,0.0,1.0
28153,81.6157338294947,97.62468091292838,16.008947083433682,1.1961502559895907
28155,0.1242312299378843,0.1242312299378843,0.0,1.0
28157,0.0,0.0,0.0,
28159,25.314890741259564,34.5908226183633,9.275931877103734,1.3664219597829559
28161,0.8753420000000001,0.8753420000000001,0.0,1.0
28163,5.1914514,6.122680620000001,0.9312292200000005,1.1793774319066148
33001,0.0,0.0,0.0,
33003,0.0,0.0007242648739495,0.0007242648739495,
33013,0.0,0.0,0.0,
33015,0.0116916309125449,0.0352395338668462,0.0235479029543013,3.0140819643078918
33017,0.0043607792429022,0.0264514290851735,0.022090649842271298,6.065757428153932
34001,0.0239396417857142,0.0417350560714285,0.017795414285714302,1.7433450527373213
34005,0.00134668,0.0033810330127461,0.0020343530127461,2.5106432209181837
34007,0.00067334,0.0024036518271799,0.0017303118271798997,3.5697445973503723
34009,0.0210462897157743,0.0308922556912607,0.009845965975486398,1.4678243105295086
34011,0.0519219955555555,0.10908108,0.057159084444444494,2.100864553314123
34015,0.0052227260171919,0.0097566773065902,0.004533951289398299,1.8681196896934038
34021,0.0,0.0,0.0,
34023,0.0,0.0020671640487062,0.0020671640487062,
34025,0.0046602714923013,0.0100849261395194,0.0054246546472181,2.1640211640415266
34029,0.00202002,0.0092982878213802,0.0072782678213802006,4.6030672079386346
34033,0.0101213633679948,0.0289181810514139,0.0187968176834191,2.857142857142875
34035,0.0,0.00067334,0.00067334,
36021,0.0121795323565233,0.020913148241445,0.008733615884921699,1.7170731707317166
36027,0.0050305014190302,0.0166032611602191,0.0115727597411889,3.3005181347150763
36047,0.0,0.00067334,0.00067334,
36059,0.00134668,0.00134668,0.0,1.0
36079,0.0,0.0055763932410074,0.0055763932410074,
36085,0.0,0.002154688,0.002154688,
36103,0.079301312262747,0.1412347902900619,0.06193347802731489,1.7809893211112608
36119,0.0,0.00067334,0.00067334,
37001,0.026546961946472,0.0312406823844282,0.004693720437956201,1.1768081955072822
37003,0.0138719957517213,0.1063281323856167,0.0924561366338954,7.664948453608273
37007,1.239778093181075,1.3718506735543166,0.13207258037324165,1.1065292096219932
37013,12.95322861888889,13.97954841,1.02631979111111,1.0792327396749943
37015,18.85416406598732,20.317009853940608,1.4628457879532881,1.0775874116101622
37017,6.780521095471698,7.145636534339623,0.3651154388679245,1.0538476960291094
37019,3.3367733862914974,3.6156767192548647,0.2789033329633672,1.0835847391103
37023,0.0,0.0,0.0,
37025,0.0,0.0,0.0,
37029,2.9989409302857144,3.1950944914285717,0.1961535611428573,1.0654076107875088
37031,9.432975611938842,10.20404785226952,0.7710722403306782,1.081742206494711
37033,0.0559620355555555,0.1424488177777778,0.0864867822222223,2.5454545454545485
37035,0.0110740382142857,0.0121802396428571,0.0011062014285714,1.09989142236699
37037,0.2708061746488379,0.3399808333327528,0.06917465868391492,1.255439739413681
37041,13.256549585,14.536905595,1.2803560100000002,1.0965829005345964
37045,0.009780226983967,0.0137063396083552,0.0039261126243882,1.4014336917562737
37047,162.13522195000002,169.71703035000002,7.5818084,1.046762253807739
37049,9.461877803962077,10.251893048433,0.7900152444709239,1.0834945515931427
37051,1.8857380482666668,1.98026061968,0.09452257141333309,1.0501249744100016
37053,0.0878167202797202,0.0918614689510489,0.004044748671328688,1.0460589812332441
37055,5.217880448170579,5.484978636228107,0.2670981880575285,1.0511890202756897
37057,0.0,0.0,0.0,
37059,0.0,0.0,0.0,
37061,29.60450862459567,32.056330511027966,2.4518218864322954,1.0828192055988155
37063,0.0175068400022251,0.0199848702746039,0.002478030272378799,1.14154640540862
37065,1.154023959107732,1.1591144095074863,0.00509045039975442,1.0044110439472074
37067,0.0,0.0,0.0,
37069,0.6914775635443038,0.7430860913924051,0.05160852784810133,1.0746351444630708
37071,0.00067334,0.00067334,0.0,1.0
37073,54.713107407224825,58.4247498690215,3.7116424617966715,1.0678382683361638
37077,0.437154982389051,0.4844649835061247,0.04731000111707373,1.1082224909310758
37079,10.336131568487396,11.40612062395432,1.069989055466925,1.1035192952389545
37081,0.0,0.00134668,0.00134668,
37083,6.577711549932877,6.786030703402572,0.2083191534696951,1.0316704604463571
37085,0.7187166417150084,0.7716450503790331,0.052928408664024706,1.0736429429792058
37091,51.641407254686875,53.24611114140311,1.604703886716237,1.0310739767179873
37093,1.3514385970715777,1.4425016884637565,0.09106309139217883,1.0673823373030065
37095,23.548514886339387,25.34580572428769,1.797290837948303,1.0763228953767663
37097,0.0203965190751106,0.030621643328773,0.010225124253662399,1.5013171225937214
37101,0.7055156352706907,0.756226145726834,0.050710510456143276,1.0718772312348355
37103,15.955050276923078,17.288470658461538,1.3334203815384598,1.083573561875081
37105,0.0751031356097619,0.0802840506924741,0.005180915082712206,1.0689840050038975
37107,11.828854957251044,12.68798220234792,0.8591272450968752,1.072629789459903
37109,0.0007419298709177,0.0007419298709177,0.0,1.0
37111,0.00067334,0.00067334,0.0,1.0
37117,0.0,0.0,0.0,
37119,0.0,0.00134668,0.00134668,
37123,0.2898289565217391,0.3189289547826087,0.029099998260869564,1.1004040404040405
37125,0.01548682,0.01952686,0.00404004,1.2608695652173914
37127,1.0410213469567182,1.11774978663058,0.07672843967386167,1.0737049628215278
37129,2.7185762051403186,2.9034786041229723,0.1849023989826537,1.0680144255780057
37131,29.7589346329979,32.88117260402796,3.12223797103006,1.1049176662247848
37133,5.092101867958509,5.628878140426606,0.5367762724680967,1.1054134984701902
37135,0.0099384984,0.01034788912,0.00040939071999999965,1.0411924119241192
37137,14.114918067509723,14.942937480562884,0.8280194130531608,1.0586627148023713
37139,2.209822663529412,2.442217382745098,0.23239471921568633,1.1051644202275117
37141,8.014357589290025,8.66782798997525,0.6534704006852241,1.0815374649065432
37143,0.7803717844155674,0.8552296270308309,0.07485784261526351,1.0959258703482286
37145,0.5074719270616825,0.5976398994478712,0.09016797238618868,1.177680710159222
37147,2.0409847005042967,2.1727355844824685,0.1317508839781718,1.0645526073495888
37149,0.00067334,0.00067334,0.0,1.0
37151,0.0533961180228136,0.0873754658555133,0.0339793478326997,1.636363636363639
37153,3.705764097777778,4.102735435555556,0.39697133777777793,1.1071226681741098
37155,12.369739327521632,13.266220607153262,0.8964812796316295,1.0724737406258056
37157,0.0,0.0,0.0,
37159,0.0,0.0,0.0,
37161,0.0058193322291853,0.0076614230067692,0.0018420907775839003,1.3165467625899392
37163,14.041543785714286,14.72651226063492,0.684968474920634,1.0487815645753649
37165,12.535782401859189,13.764281612786494,1.2284992109273052,1.0979994045481443
37167,0.0,0.0049537275209758,0.0049537275209758,
37169,0.0,0.0,0.0,
37171,0.0,0.0,0.0,
37177,34.13980709304007,36.246504314092185,2.1066972210521158,1.0617079415624935
37179,0.00067334,0.00134668,0.00067334,2.0
37181,2.4883325820541553,3.2699973075764386,0.7816647255222833,1.3141319336328456
37183,0.0480094201849301,0.0525215797521149,0.004512159567184794,1.093984879421667
37185,0.8735675510588236,0.9687857487058824,0.09521819764705886,1.108999238274874
37187,89.81412906037176,95.2399027695202,5.425773709148444,1.0604111376006475
37191,6.038637770972652,6.411109425691828,0.37247165471917576,1.0616814037943496
37193,0.0,0.0009044865668941,0.0009044865668941,
37195,1.0303820178639784,1.1198898006287723,0.08950778276479388,1.0868685411944077
37197,0.0,0.0,0.0,
42001,0.0168335000016039,0.0231090956349812,0.0062755956333773,1.3728039702248114
42011,0.0,0.0540864269767441,0.0540864269767441,
42017,0.0,0.0,0.0,
42029,0.0097623174117018,0.0273323525782768,0.017570035166574998,2.7997811816192657
42045,0.0008377340467106,0.0027293915715412,0.0018916575248306001,3.2580645161292865
42071,0.025726146753,0.0452647116576492,0.019538564904649197,1.759482758620692
42075,0.0,0.0,0.0,
42077,0.0,0.0,0.0,
42091,0.0,0.0049832724803684,0.0049832724803684,
42107,0.0,0.0,0.0,
42133,0.0460568616128363,0.0715565719063604,0.025499710293524103,1.553657140338394
44003,0.0418928988535031,0.0689508737579617,0.027057974904458604,1.6458845208845223
44005,0.536551695341981,1.107572668132237,0.5710209727902561,2.0642422300544694
44007,0.011894516391313,0.025784757009466,0.013890240618153,2.167785234908546
44009,0.082487397610056,0.1324964243562088,0.05000902674615279,1.6062626315665973
45001,0.6827388978435142,0.7284331433733608,0.04569424552984669,1.0669278485145282
45003,0.2412787302458504,0.259204657064934,0.017925926819083615,1.0742955120860345
45005,35.84424487207788,36.93202564153399,1.08778076945611,1.0303474315985235
45007,0.2782380377619882,0.2858352444576367,0.007597206695648506,1.027304701962236
45009,32.70889838083313,34.15009083121815,1.4411924503850173,1.0440611736171932
45011,33.43357546666667,34.38545378,0.9518783133333315,1.028470730397422
45013,4.865634577631579,5.0918812475,0.2262466698684209,1.046498902919781
45015,3.132988826484449,3.3430931184542887,0.2101042919698397,1.0670619346592434
45017,6.195064670000001,6.688454555,0.49338988499999914,1.0796424107385467
45019,2.0394872381733693,2.3820987022287308,0.34261146405536147,1.1679890207904489
45021,0.3150423191369915,0.4635945899072811,0.1485522707702896,1.4715311618363685
45023,0.0215368675060911,0.0311188211106143,0.0095819536045232,1.444909344490939
45025,0.7039189236422747,0.7425918582736327,0.038672934631358014,1.0549394729030062
45027,13.815306608421054,14.90753496631579,1.0922283578947365,1.0790592919037334
45029,60.529899295158096,67.72620707778245,7.196307782624352,1.1188884810056177
45031,9.39234714646154,9.784614312307692,0.3922671658461514,1.041764551472518
45033,17.414822339276668,19.577803917114498,2.1629815778378294,1.1242034822806966
45035,3.579486671573752,3.7295858946879656,0.15009922311421375,1.0419331700006642
45037,0.2303046007138794,0.2435630745289642,0.013258473815084798,1.0575692963752668
45039,1.2284015396144057,1.5041379692968853,0.2757364296824796,1.2244676685841935
45041,0.5746049889497717,0.6098308171689498,0.03522582821917808,1.0613044245988217
45043,12.417923896419166,13.427387719575725,1.0094638231565582,1.0812908688744378
45045,0.0550037545951742,0.0616815544021447,0.0066777998069705025,1.1214062541024497
45047,0.3010981107359789,0.3531790409022133,0.052080930166234385,1.1729699666295883
45049,131.81345280363493,141.5468414835529,9.733388679917965,1.0738421494384036
45051,2.429886325329164,2.690796483562895,0.260910158233731,1.1073754584788598
45053,1.9601000319268256,2.097418123107189,0.13731809118036353,1.070056675140899
45055,0.9294066764212296,1.0143531114856474,0.08494643506441779,1.0913985634270589
45057,0.1325927882021554,0.1409157121368952,0.008322923934739795,1.0627705627703552
45059,0.1339003273429951,0.1655180316908212,0.0316177043478261,1.2361286561072784
45061,36.49143685333333,39.19467250666667,2.703235653333337,1.0740786301235055
45063,0.3705493851939542,0.4052201022886573,0.034670717094703096,1.0935657121021956
45065,0.030816049787234,0.0317902438297872,0.0009741940425532017,1.0316132031613208
45067,2.252499494855324,2.5022377569737313,0.24973826211840722,1.1108716173694182
45069,19.56456704,20.617670800000003,1.0531037600000026,1.0538270925110134
45071,0.2816559498627984,0.314966731273557,0.033310781410758605,1.1182676290949476
45073,0.0,0.0,0.0,
45075,35.34489362413793,37.81932524965517,2.4744316255172407,1.0700081786022801
45077,0.0815526963333333,0.0983132511666666,0.016760554833333302,1.205518095500206
45079,0.1216038076861225,0.1403200221815215,0.01871621449539901,1.1539114181663483
45081,1.4761684616520132,1.5914649878147282,0.11529652616271502,1.0781052631578947
45083,0.020054298906999,0.0274700770278044,0.007415778120805402,1.369784960082413
45085,2.2409662287837384,2.4585318025433667,0.21756557375962826,1.0970856102002526
45087,0.4275354610526316,0.4944441936842106,0.06690873263157898,1.156498673740053
45089,91.61841109352932,98.46246971217572,6.8440586186464,1.0747017825015497
45091,0.0024462046117647,0.0031195446117647,0.0006733399999999997,1.2752590673575135
48001,0.00067334,0.0015092103447122,0.0008358703447121999,2.2413793101734636
48005,11.346385006,14.21690076,2.8705157539999995,1.2529894545691922
48007,49.787234898823534,55.00300575529412,5.215770856470584,1.1047612077085613
48013,1.3664834101133685,1.6564524714902795,0.28996906137691103,1.2122009379922543
48015,2.3020443530439003,2.8317001661628924,0.5296558131189921,1.2300806291671356
48021,0.3338632583959768,0.4159920852872746,0.0821288268912978,1.2459954032854053
48025,39.37490318,44.808352976,5.433449796000005,1.1379927150845632
48027,0.011851787113594,0.0167720592923649,0.004920272178770899,1.4151502327549697
48029,0.0292807264336992,0.0336365262605172,0.0043557998268179965,1.148759964568533
48031,0.3078510481231404,0.4048120081619248,0.0969609600387844,1.31496062992126
48035,0.0150828159999999,0.0150828159999999,0.0,1.0
48039,8.07372407848485,8.868328531636363,0.7946044531515142,1.0984185792612116
48041,0.0844023010583446,0.1134481969606512,0.029045895902306593,1.3441363036089276
48047,0.0,0.0,0.0,
48051,1.7489700434773665,2.0714386907207785,0.32246864724341195,1.1843763124737505
48053,0.0181733785858585,0.0233515218855218,0.005178143299663297,1.2849301397205601
48055,0.3253721439943571,0.5194926293020411,0.194120485307684,1.5966106468876162
48057,29.63205611938417,32.02523405949382,2.3931779401096485,1.0807631414596344
48061,6.790075196863131,7.6119379056891345,0.8218627088260035,1.1210388228403843
48067,0.08618752,0.08618752,0.0,1.0
48071,7.597790857705547,8.360108082013104,0.7623172243075569,1.10033406270119
48073,0.3159518461538462,0.43901768,0.12306583384615383,1.3895081967213114
48089,13.004424385793795,15.175318982735185,2.1708945969413893,1.1669350778272742
48091,0.0242827667368421,0.0279944058245614,0.0037116390877193,1.152850749172991
48099,0.0184627734695893,0.0184627734695893,0.0,1.0
48123,65.30769549333334,77.17015072000001,11.862455226666668,1.1816394704645121
48131,0.0,0.0,0.0,
48139,0.0,0.0,0.0,
48145,1.3210930813210933,1.6806566416806563,0.35956356035956305,1.2721712538226295
48149,13.341968616810092,16.464041266701905,3.1220726498918125,1.2340038969929958
48157,1.3290179794343835,1.6434889735698337,0.3144709941354502,1.2366190668611465
48161,0.0,0.0161601599676796,0.0161601599676796,
48163,0.00538672,0.00538672,0.0,1.0
48167,8.604542417937385,9.480716482651934,0.8761740647145491,1.101826921427924
48175,45.210471642084194,51.75614445270246,6.545672810618264,1.1447822279413078
48177,22.66903170812035,27.77931502989843,5.1102833217780805,1.225430154564013
48183,0.0199699386569885,0.0199699386569885,0.0,1.0
48185,4.024908213671822,4.987980294364074,0.9630720806922515,1.2392780231412197
48187,0.1260555116279069,0.1722106197674418,0.04615510813953491,1.3661490683229818
48193,0.0,0.0,0.0,
48199,27.51325170117452,30.844430195289657,3.331178494115136,1.1210754195940036
48201,3.7420974262363225,4.657270586587692,0.9151731603513693,1.2445615536182926
48203,0.0361227105899351,0.0595074127086827,0.023384702118747595,1.6473684210526354
48209,0.0371668347751676,0.0569224003903664,0.019755565615198797,1.5315374778268218
48213,0.0,0.0,0.0,
48215,5.147478227938297,5.714978999891323,0.5675007719530258,1.1102483093319124
48217,0.0631489329191908,0.0631489329191908,0.0,1.0
48225,8.63491216,11.16936392,2.5344517599999996,1.293512164691204
48239,0.0,0.0,0.0,
48241,67.073282752,77.07853159066667,10.005248838666674,1.1491689153736602
48245,45.38693028989833,51.18137434684222,5.794444056943888,1.1276676792180753
48247,0.0,0.0,0.0,
48249,131.5437024,150.68541192,19.141709520000006,1.1455159705159705
48251,0.0,0.0,0.0,
48255,2.7801172692307694,3.126939164615385,0.3468218953846156,1.1247508150908245
48259,0.00067334,0.00067334,0.0,1.0
48261,0.0,0.0,0.0,
48273,51.33847163,60.096605010000005,8.758133380000004,1.1705959118362637
48281,0.0,0.0,0.0,
48283,0.0535305299732347,0.0707006999646496,0.0171701699914149,1.320754716981132
48285,50.14587426666667,61.38436776,11.238493493333337,1.2241160146808703
48287,2.3499566,2.9806517333333336,0.6306951333333335,1.268385864374403
48289,0.0,0.0,0.0,
48291,10.409046337284924,11.697524989286473,1.2884786520015492,1.1237845053476467
48293,0.00067334,0.0670171341018783,0.06634379410187831,99.52941174128716
48297,63.67507044,73.15031092,9.475240479999997,1.148806124822875
48309,0.0141122501775147,0.035961933964497,0.021849683786982297,2.548277809147388
48311,0.0,0.0,0.0,
48313,38.24301879297208,46.95334506781339,8.710326274841307,1.2277625184872174
48315,0.0737307299631346,0.1151411399424294,0.04141040997929481,1.5616438356164388
48321,25.639612155686276,28.269532965490196,2.62992080980392,1.1025725659902645
48325,0.0,0.0,0.0,
48331,0.3162162043991926,0.3892517327070868,0.07303552830789417,1.2309670639639132
48339,1.906016056999584,2.1851380094504633,0.27912195245087923,1.1464426028447356
48347,7.562262300850028,10.43669304566438,2.8744307448143527,1.3801019629392193
48349,0.0,0.00067334,0.00067334,
48351,0.0,0.0,0.0,
48355,7.701845110008173,9.654783190206798,1.9529380801986251,1.2535675610589567
48361,65.14524960291834,75.78757454770853,10.64232494479019,1.1633630235459784
48365,4.86959488,7.9858124,3.11621752,1.6399336283185841
48373,3.682644437382362,4.439030287824827,0.7563858504424648,1.2053920391456816
48391,23.94464374,28.186012400000003,4.241368660000003,1.1771322516239702
48395,0.0,0.0,0.0,
48401,4.8197677248197675,5.777257205777257,0.9574894809574896,1.198658843252305
48403,0.0,0.0,0.0,
48405,95.52674560894653,115.83602664832796,20.309281039381432,1.212603087333474
48407,2.7484626323305887,3.1226452819742176,0.3741826496436289,1.1361425275505153
48409,11.887567153502072,13.981928586979471,2.094361433477399,1.1761808287964457
48419,107.06914050827656,125.217000260868,18.147859752591444,1.1694966417628858
48423,0.0,0.0,0.0,
48427,0.0,0.0,0.0,
48453,0.0167142172349745,0.0209059858559663,0.004191768620991798,1.2507906031172384
48455,492.13343452853377,595.4372577417491,103.30382321321537,1.2099101909468535
48457,487.58111509793514,569.1091222327127,81.52800713477757,1.1672091157968698
48469,69.13670343619813,83.15858614261903,14.021882706420897,1.2028138746788932
48471,1.81493622361936,2.1287088305405666,0.31377260692120656,1.1728835442467938
48473,2.0865551929192545,2.4712916315527953,0.3847364386335408,1.184388335347729
48477,0.497070507027027,0.5679349924324325,0.07086448540540552,1.1425642527641504
48479,0.0170176454678883,0.021619422152444,0.004601776684555702,1.2704120668889884
48481,10.890393162642026,12.704843517864694,1.814450355222668,1.1666101790931558
48489,35.91999564,37.85405256666667,1.9340569266666634,1.0538434621777326
48491,0.0220579328315014,0.0250232889844901,0.0029653561529887004,1.1344349071892093
48493,3.0533275640000004,3.935388000888889,0.8820604368888887,1.2888849684156878
48505,0.0,0.0,0.0,
51001,0.3416847090257867,0.5065079247525218,0.16482321572673514,1.4823839386804285
51003,0.0102447434074074,0.0137710499259259,0.0035263065185185006,1.344206426484906
51007,0.015756156,0.020738872,0.004982715999999998,1.3162393162393162
51025,0.1465333427185441,0.2101184767793266,0.0635851340607825,1.4339294585186289
51029,0.00067334,0.0022725225,0.0015991825,3.375
51031,0.0,0.0,0.0,
51033,0.3778072626415094,0.5000375294339623,0.12223026679245291,1.323525455645975
51036,0.01414014,0.01952686,0.005386719999999999,1.380952380952381
51037,0.00134668,0.0041954261538461,0.0028487461538461,3.1153846153845755
51041,0.020639753550065,0.0254450720416124,0.004805318491547399,1.232818598337007
51043,0.29088288,0.3097364,0.018853520000000012,1.0648148148148149
51047,0.021464494868568,0.0379288461140772,0.016464351245509202,1.767050487156776
51049,0.1482694679925865,0.3019929899849004,0.15372352199231387,2.0367847411444147
51053,0.014665673659022,0.0168663458541199,0.0022006721950979004,1.1500559910348267
51057,2.9917559365271837,5.401958746799795,2.410202810272611,1.8056147832267238
51061,0.1567705032387091,0.1964080984890081,0.039637595250298974,1.2528383492521176
51065,0.1525846991304348,0.204344052173913,0.0517593530434782,1.339217191097467
51069,0.0120089262379812,0.0130467346783006,0.0010378084403194002,1.0864197530864228
51073,3.598590374522255,5.75834030709451,2.159749932572255,1.600165539224225
51075,0.0215928845987047,0.0271176183877926,0.0055247337890879,1.255858996690943
51079,0.0031290505882352,0.0190911694117647,0.0159621188235295,6.101265822784992
51081,6.54587481,7.84845104,1.3025762299999997,1.198991925114437
51083,0.00134668,0.0072540237116115,0.0059073437116114996,5.386597938345783
51085,0.0105610441610738,0.0124454923489932,0.0018844481879193992,1.1784338896020483
51087,0.0164588486067034,0.0221803948503745,0.005721546243671098,1.3476273693495675
51089,0.0,0.0,0.0,
51093,0.1442467199775491,0.2437857599620566,0.0995390399845075,1.690061028770706
51095,0.0169012101689595,0.0290777553097591,0.012176545140799602,1.7204540396262782
51097,1.2263765866666667,2.05974706,0.8333704733333331,1.6795387994143482
51099,0.01077344,0.01750684,0.006733399999999999,1.6249999999999998
51101,0.5070406790697675,0.5972212618604651,0.09018058279069763,1.177856701667696
51103,0.6274468424023454,1.01999876063622,0.3925519182338746,1.6256337456905294
51107,0.00269336,0.0033667,0.0006733399999999997,1.2499999999999998
51109,0.3600784670588235,0.4547223452941176,0.09464387823529408,1.2628423715762842
51111,0.0136553352018616,0.0142748080020685,0.0006194728002069001,1.0453648915277047
51115,0.0168335,0.02154688,0.00471338,1.28
51117,0.0219693678431372,0.0351193019607843,0.013149934117647099,1.5985576923076956
51119,1.4031017270681692,2.0548462555486258,0.6517445284804566,1.4645026913638686
51127,0.01414014,0.02222022,0.008080079999999998,1.5714285714285712
51131,0.8591982627172687,1.4567464552547806,0.5975481925375119,1.6954718351591263
51133,0.028549616,0.042285752,0.013736136000000003,1.4811320754716981
51135,0.0170106947368421,0.0232479494736842,0.006237254736842099,1.3666666666666665
51137,0.0155914165061719,0.0203440201960845,0.0047526036899126,1.3048218029472352
51139,0.0343239170649632,0.0835105829064608,0.0491866658414976,2.4330143540553486
51141,0.0,0.0,0.0,
51143,0.0,0.0113345566666666,0.0113345566666666,
51145,0.186263409397783,0.2874810492273672,0.10121763982958423,1.5434112913364775
51147,0.00067334,0.00202002,0.0013466799999999998,3.0
51149,0.2320778533333333,0.3042374566666667,0.07215960333333338,1.310928433268859
51153,0.0200121586414747,0.0378219541506905,0.0178097955092158,1.889948747073464
51157,0.0541840658887275,0.0917326729519685,0.03754860706324101,1.6929824561403513
51165,0.0,0.0,0.0,
51171,0.00067334,0.00134668,0.00067334,2.0
51175,4.848721340000001,6.381916520000001,1.5331951799999999,1.316206082488543
51177,0.2023334318414521,0.2786532350903548,0.07631980324890267,1.3771981849678043
51179,0.2452449766476725,0.3843521711229199,0.13910719447524741,1.5672173040065716
51181,0.1649683,0.3025541066666666,0.1375858066666666,1.8340136054421763
51183,4.301226263544751,5.137537762049996,0.8363114985052444,1.1944355974930783
51187,0.00269336,0.0052599736464549,0.0025666136464549,1.9529411762463615
51193,0.7640450194116446,1.3994698562544492,0.6354248368428046,1.831658895351632
51199,0.3139132685163451,0.5211003466355295,0.2071870781191844,1.660013764624914
51550,0.2957485228140704,0.3694538756783919,0.0737053528643215,1.2492163009404385
51590,0.0,0.0,0.0,
51630,0.0393084973015468,0.0707552951427843,0.031446797841237495,1.8000000000000014
51650,0.6185618105518889,1.0477170399384488,0.4291552293865599,1.6937952231542748
51670,0.0490576285714285,0.0808008,0.031743171428571505,1.6470588235294144
51683,0.1997575333333333,0.2796605466666667,0.07990301333333338,1.4000000000000004
51700,0.2037820942528735,0.3386668013793104,0.13488470712643688,1.6619065704519567
51710,0.0518932991780821,0.0796293728767123,0.027736073698630202,1.534482758620692
51730,0.1723522149210966,0.2445251328896449,0.0721729179685483,1.41875248311482
51740,0.211159424,0.2895900672,0.07843064320000001,1.3714285714285714
51800,0.0422223788226696,0.0592182725871679,0.016995893764498303,1.4025328330239186
51810,0.1503550021621621,0.2085776807207207,0.05822267855855859,1.38723472928266
51840,0.0031965151649756,0.0031965151649756,0.0,1.0
