fips,earp_months_per_year,num_events,total_recovery_months,mean_recovery_per_event,max_recovery
01001,0.46857151701926303,21,695.891402588979,33.13768583757043,159.58371037835587
01003,6.200529857376012,149,9208.61653455314,61.802795533913695,995.93819222209
01005,22.65864355913623,53,33651.11765101766,634.9267481324086,4183.058824021537
01007,0.9453693602363424,6,1404.0000003510002,234.00000005850004,1404.0000003510002
01009,0.0,3,0.0,0.0,0.0
01011,0.0,0,0.0,,
01013,49.52477855985337,74,73550.92309955352,993.9313932372097,11773.846157468875
01015,0.0,1,0.0,0.0,0.0
01017,0.5227623851649081,10,776.3720930954764,77.63720930954764,372.5581395695403
01019,0.0,1,0.0,0.0,0.0
01021,0.18907387203025183,12,280.80000004492797,23.400000003743997,163.20000002611198
01023,0.0,0,0.0,,
01025,36.65932298094818,75,54444.00003111085,725.9200004148114,5125.714288643265
01027,0.07182293333333335,1,106.66666666666669,106.66666666666669,106.66666666666669
01031,10.780419141377982,86,16010.364958829092,186.16703440498944,1120.8175179209293
01035,731.0856413243426,97,1085760.00434304,11193.402106629279,64560.000258240005
01037,0.0,0,0.0,,
01039,192.49671825615286,117,285883.38470334874,2443.4477325072544,31816.615394405115
01041,129.33178062933177,73,192075.000192075,2631.1643861928083,26178.000026178
01043,0.0,2,0.0,0.0,0.0
01045,48.21511315702999,70,71605.89472930465,1022.9413532757808,6066.315788835125
01047,16.404871003659927,28,24363.42858535053,870.1224494768047,5033.142860018938
01049,0.0,1,0.0,0.0,0.0
01051,0.9204265043078075,18,1366.9565216796975,75.94202898220541,777.7826086618355
01053,214.17374273333334,133,318076.6666666667,2391.5538847117796,19413.333333333332
01055,0.0,2,0.0,0.0,0.0
01057,0.0,0,0.0,,
01061,89.98909404923077,109,133645.84615384616,1226.1086803105152,10289.23076923077
01063,9.752656569752656,13,14484.000014484,1114.153847268,5661.000005661
01065,5.888174659677028,9,8744.727269547371,971.6363632830412,2657.4545444881983
01067,16.613545426951386,64,24673.33802677902,385.5209066684222,4070.704225122777
01069,8.928046294161785,88,13259.343413671822,150.67435697354344,826.1857452117655
01071,0.0,1,0.0,0.0,0.0
01073,0.008826041341882175,5,13.10785241019719,2.621570482039438,12.10785241019719
01075,0.0,0,0.0,,
01077,0.0,1,0.0,0.0,0.0
01081,0.12718805514011655,19,188.89128098749006,9.941646367762635,90.14208828635998
01085,0.0,0,0.0,,
01087,25.014311643988552,26,37149.599970280324,1428.8307680877047,13043.9999895648
01089,0.0,1,0.0,0.0,0.0
01091,0.0,0,0.0,,
01093,0.0,1,0.0,0.0,0.0
01095,0.0,1,0.0,0.0,0.0
01097,12.828087656188298,127,19051.426702985562,150.01123388177606,3319.930870874835
01099,13.099127706119454,80,19453.957445153195,243.17446806441495,1413.9574466881738
01101,0.7913384437209859,34,1175.2434783630647,34.5659846577372,281.06086958965744
01105,0.0,0,0.0,,
01107,0.3151231193697538,7,467.999999064,66.85714272342857,215.999999568
01109,21.758789717142857,64,32314.714285714286,504.9174107142857,2821.4285714285716
01111,0.0,0,0.0,,
01113,1.3507862701639346,26,2006.0983606557377,77.15762925598992,563.6065573770492
01115,0.0,2,0.0,0.0,0.0
01117,0.0051493113677811555,4,7.64741641337386,1.911854103343465,7.64741641337386
01119,18.283201038283202,15,27153.000027153,1810.2000018102,6642.000006642
01121,0.0,3,0.0,0.0,0.0
01123,0.08621222970895188,14,128.03669722421344,9.145478373158102,62.6422018233684
01125,0.08346384887996552,6,123.95498393080096,20.659163988466826,40.186495179433216
01127,0.19796196000000002,5,294.0,58.8,294.0
01129,0.0,0,0.0,,
01131,40.30343908030344,48,59856.000059856,1247.000001247,14238.000014238
01133,0.0,1,0.0,0.0,0.0
09001,0.00067334,3,1.0,0.3333333333333333,1.0
09003,0.0358712311265689,8,53.273578172348145,6.659197271543518,19.388512427609673
09005,0.02581447862402607,6,38.33795500642479,6.389659167737466,19.30240426077536
09007,0.22325857149844053,11,331.56885302884206,30.142623002622006,85.61397797922316
09009,0.022178192797891835,12,32.93758398118608,2.74479866509884,10.377594952976436
09011,0.29747798192459496,10,441.7946088522811,44.17946088522811,105.13599875182295
09013,0.06519212894530688,8,96.81903487882329,12.102379359852911,32.89420209177568
09015,0.4603425476548199,10,683.6702819598122,68.36702819598122,184.36490499828457
10001,0.30127115392193093,10,447.4279768347803,44.74279768347803,244.026644544222
10003,0.017986108334363496,6,26.71177760769224,4.4519629346153735,25.71177760769224
10005,0.2960549477718011,11,439.68121271839055,39.971019338035504,128.13321085237789
12001,8.430170495541557,132,12519.931231683187,94.84796387638778,2177.560316161795
12003,50.42433096303031,110,74886.87878787878,680.7898071625344,4923.636363636364
12005,6.680989208543396,143,9922.16296156978,69.38575497601245,1472.729478604566
12007,50.77598294258065,110,75409.12903225806,685.5375366568915,5208.0
12009,12.546384602842243,186,18633.05997392438,100.17774179529236,1858.8239895697525
12011,31.39057333412843,181,46619.20179126211,257.56465078045363,8536.132636942466
12013,104.974244672,115,155900.8,1355.6591304347826,8459.2
12015,8.890906923628155,223,13204.186478789548,59.211598559594385,1062.307524629209
12017,14.151044637501919,146,21016.19484584596,143.94654004004082,1997.447401063847
12019,11.375130309374926,108,16893.5906219368,156.4221353883037,1421.526652755123
12021,21.325598288803377,272,31671.367049044133,116.4388494450152,4399.575000499952
12023,69.56073539563087,122,103307.00002321393,846.7786887148683,4582.853933614125
12027,167.30355691451842,178,248468.16900008672,1395.8885898881276,11988.676055662609
12029,174.14174675788902,146,258623.79593947934,1771.3958625991736,7365.5510210094335
12031,7.260225025935923,112,10782.405658264655,96.27147909164871,4408.1500843052045
12033,13.622919273914809,145,20231.858012170385,139.53005525634748,4700.949290060852
12035,2.0631387367474057,110,3064.03709381205,27.854882671018636,600.8809890879627
12037,24.351007408518957,137,36164.50442349921,263.97448484305994,1607.3628318015094
12039,52.6686736767227,113,78220.0280344591,692.2126374730894,3190.7663550209063
12041,53.21762747162626,115,79035.29787570359,687.2634597887269,3601.2765958979267
12043,128.63351655300738,231,191037.98460362872,827.0042623533711,4861.846153546963
12045,11.247440144074703,121,16703.953640173913,138.04920363780093,713.2847681174457
12047,83.43583838408681,114,123913.38459632103,1086.9595140028161,7145.076921977681
12049,46.88044350780488,168,69623.73170731707,414.4269744483159,3776.0
12051,31.020903146749966,254,46070.19209723166,181.37870904421914,1393.46499092327
12053,10.689112833748503,150,15874.762874251497,105.83175249500998,2057.930538922156
12055,23.910058797963707,208,35509.636733245774,170.7194073713739,2409.8816325546986
12057,8.231566698503624,192,12224.978017797284,63.67176050936086,1614.2286534137093
12059,240.53320816000002,112,357224.0,3189.5,29130.0
12061,20.226474586382977,162,30039.021276595744,185.4260572629367,3882.446808510638
12063,32.84312230039216,120,48776.43137254902,406.4702614379085,2741.725490196078
12065,25.49521951034316,114,37863.812502366054,332.13870616110574,2733.9375001708713
12067,52.62027051142857,129,78148.14285714286,605.7995570321151,3533.714285714286
12069,6.680132056610462,164,9920.889976253395,60.4932315625207,709.9404041917115
12071,10.44536350666537,246,15512.76250729998,63.060010192276344,1333.6328596457076
12073,8.1146137601837,123,12051.287254854456,97.97794516141835,1597.808498945679
12075,82.7880767443794,151,122951.37188401014,814.247495920597,5537.427136791443
12077,113.79470480952921,122,169000.36357490896,1385.2488817615488,7703.999997198545
12079,99.89924200772893,118,148363.74195462756,1257.319847073115,9936.000001282064
12081,6.1331682145894435,190,9108.575481316191,47.93987095429574,802.1948607707606
12083,7.284172693983878,161,10817.971149766652,67.19236738985498,925.2049215103946
12085,22.146380090876022,184,32890.33785439157,178.75183616517157,5156.173676789353
12086,9.82239900196584,274,14587.576858594231,53.23933160070887,2674.6377475942545
12087,50.316321222622385,326,74726.46987052957,229.22230021634837,3786.614457375106
12089,13.283504557511824,107,19727.781741039926,184.37179197233576,2927.06820554346
12091,8.412548525676824,135,12493.760248428467,92.54637221058124,2433.6056774657395
12093,1048.14932428,186,1556642.0,8369.043010752688,63809.333333333336
12095,5.152020332257448,159,7651.439588109198,48.122261560435206,1562.972805243411
12097,1.5930435919935182,185,2365.8829001596787,12.788556217079345,259.9586973670733
12099,11.5397737764692,228,17138.108201605726,75.16714123511284,3123.083039444078
12101,9.95793926358315,170,14788.872283813747,86.99336637537499,1496.2447893569845
12103,30.498476341793722,161,45294.31838565022,281.3311700972063,9195.22869955157
12105,7.535596163085072,226,11191.3686444962,49.519330285381415,421.07473037061146
12107,219.69433026532062,128,326275.47786455665,2549.027170816849,15542.654866706456
12109,3.105946760235942,120,4612.7465474142955,38.4395545617858,706.021883458728
12111,5.072959051384326,171,7534.023006778634,44.05861407472886,932.5612160285488
12113,9.512630714039334,145,14127.52950075643,97.43123793625124,1330.7049924357034
12115,9.298677491975655,196,13809.780336792192,70.4580629428173,1096.2432359444822
12117,8.084537515971194,119,12006.620007679914,100.89596645109171,2544.1030818506106
12119,2.5223246705646316,141,3745.989649455894,26.567302478410596,159.39914164699815
12121,103.37748034086957,126,153529.39130434784,1218.4872325741892,6576.782608695652
12123,136.343438255,150,202488.25,1349.9216666666666,8405.75
12125,43.57676922666667,104,64717.333333333336,622.2820512820513,3519.2
12127,10.791934880352734,158,16027.467372134039,101.43966691224075,1908.0035273368608
12129,13.900862588205129,124,20644.641025641024,166.48904052936308,1107.5384615384614
12131,4.104911159105099,143,6096.342351716961,42.63176469732141,437.7939646201873
12133,25.698570326764468,123,38165.81567523757,310.291184351525,1872.6082952760569
13001,400.13162206013163,73,594249.000594249,8140.39726841437,44661.000044661
13003,39.24539745333334,70,58284.666666666664,832.6380952380952,4910.666666666667
13005,0.0,0,0.0,,
13007,0.0,0,0.0,,
13009,0.9662028997951545,11,1434.9405943433549,130.449144940305,675.9801981536596
13011,0.05949156941176471,3,88.35294117647058,29.45098039215686,84.70588235294117
13013,0.00067334,3,1.0,0.3333333333333333,1.0
13017,65.70586388,46,97582.0,2121.3478260869565,8736.0
13019,14.474284975000002,70,21496.25,307.0892857142857,1612.25
13021,0.5276099858511524,16,783.5714287746939,48.97321429841837,191.22077927044697
13023,0.9364738591169348,19,1390.788990876726,73.19942057245926,250.01834863302815
13025,69.14800544891006,92,102694.04082470972,1116.2395741816274,6973.714286283569
13027,41.988291106153845,90,62358.230769230766,692.8692307692307,7792.615384615385
13029,2.8885652268235296,96,4289.905882352941,44.68651960784314,351.45882352941175
13031,2.4646139027268315,79,3660.2814369068096,46.332676416541894,336.6287424948127
13033,5.308571123365792,36,7883.938461053542,218.9982905848206,1184.3076922348118
13035,0.801005264,7,1189.6,169.94285714285712,535.6
13037,54.71991773222407,53,81266.39993498688,1533.3283006601298,7408.79999407296
13039,6.443812815359122,103,9569.924280986013,92.91188622316518,3203.9373364800063
13043,71.67723542381556,46,106450.28577511445,2314.136647285097,14060.57143660604
13045,0.0023428542465753427,1,3.4794520547945207,3.4794520547945207,3.4794520547945207
13049,32.52377861571568,113,48302.16326924834,427.4527722942331,6986.693878121363
13051,2.7577322037861918,87,4095.6013363028956,47.07587742876891,1315.6035634743876
13053,0.0,0,0.0,,
13059,0.02401962348040889,4,35.672354947587976,8.918088736896994,15.941979521640206
13061,65.61563632000001,47,97448.0,2073.3617021276596,9288.0
13063,0.0,3,0.0,0.0,0.0
13065,0.0,0,0.0,,
13069,16.60141806521452,69,24655.327271830753,357.32358364972106,2561.454545361402
13071,25.206826734264094,78,37435.51063989083,479.94244410116454,2726.8085107543325
13073,0.02915012648919267,11,43.29183843109375,3.9356216755539775,22.67436109568816
13075,29.411978294518246,70,43680.72340053798,624.0103342933998,3970.978723066299
13077,0.008071689470404986,2,11.98753894080997,5.993769470404985,11.98753894080997
13079,7.288232160677975,17,10824.000001006883,636.7058824121696,2310.976744401021
13081,16.662279257142856,37,24745.714285714286,668.8030888030888,3509.1428571428573
13087,15.82834975826087,98,23507.217391304348,239.8695652173913,3393.391304347826
13089,0.0,3,0.0,0.0,0.0
13091,23.16999197482133,40,34410.53847212601,860.2634618031503,4095.692308952521
13093,4.928701889812997,31,7319.781818714167,236.1219941520699,1386.9818182826896
13095,17.465272477333336,52,25938.266666666666,498.8128205128205,10501.6
13097,0.0,1,0.0,0.0,0.0
13099,53.972730722191734,68,80156.72724357937,1178.7754006408732,5458.909088924033
13101,35.91346943258876,95,53336.307708718865,561.4348179865144,3038.769231704237
13103,4.211161789750759,83,6254.1387556817635,75.35106934556342,724.5071769988274
13105,0.7821937184009249,3,1161.6623376019916,387.22077920066386,591.4285713978478
13107,5.897147159257674,42,8758.052632039793,208.52506266761412,1543.2631579759611
13109,19.751444784653625,62,29333.53845702561,473.1215880165421,2760.9230764983195
13113,0.0,2,0.0,0.0,0.0
13119,0.05809726234554534,3,86.2822086101306,28.760736203376865,82.45398775029545
13121,0.00067334,2,1.0,0.5,1.0
13125,0.0,0,0.0,,
13127,3.2299697814045083,88,4796.937329439077,54.5106514708986,1450.839236978156
13131,38.7017590635419,91,57477.290913271005,631.6185814645165,8281.309091511368
13133,0.22218850497927983,5,329.9796610616922,65.99593221233843,133.74915256050838
13135,0.0,1,0.0,0.0,0.0
13139,0.0,1,0.0,0.0,0.0
13141,1.8720775831244862,10,2780.285714682755,278.0285714682755,1322.571428760367
13145,0.2482593892063492,15,368.6984126984127,24.57989417989418,86.34920634920636
13147,0.054279125634287266,3,80.61176468691488,26.870588228971627,67.83529410168582
13149,0.006625665599469947,4,9.8399999992128,2.4599999998032,8.1599999993472
13151,0.01144678,8,17.0,2.125,8.784313725490197
13153,0.25654515491262136,16,381.0038834951456,23.8127427184466,114.24466019417476
13155,12.227012723471793,51,18158.749997730407,356.0539215241256,1610.9999997986251
13157,0.021294571706745653,4,31.625288423004207,7.906322105751052,18.750346104060977
13159,0.3346058265573771,7,496.9344262295082,70.99063231850117,262.42622950819674
13161,60.00913816800366,57,89121.60003564865,1563.536842730678,7474.80000298992
13163,11.02042111640817,19,16366.80000654672,861.4105266603538,4914.0000019656
13165,8.549109406935491,37,12696.571430385082,343.1505791995968,1876.714285982388
13167,0.0,0,0.0,,
13169,2.2126460581967033,12,3286.0754718221156,273.83962265184294,1368.5660377874929
13171,0.2774787162790698,11,412.09302325581393,37.4630021141649,315.3488372093023
13173,21.464155368975526,68,31877.142853499758,468.781512551467,3617.828571015106
13175,11.15168568517467,30,16561.745455749948,552.0581818583316,2584.1454547333924
13177,2.8921876837267715,47,4295.285715577229,91.38905777823892,1194.4060153968137
13179,3.0581473059872613,96,4541.75796178344,47.3099787685775,684.1783439490446
13181,0.11727035026393133,4,174.16216215274798,43.540540538186995,98.91891891357194
13183,4.623699246929266,82,6866.812081458499,83.74161074949389,474.1208054327679
13185,4.088658754996373,99,6072.205356872268,61.33540764517442,1609.2589284995868
13189,0.4925061262807817,10,731.4375000457148,73.14375000457149,331.8750000207422
13191,12.287304493790641,92,18248.291344329224,198.35099287314372,1079.3385830171144
13193,17.64627318081424,27,26207.07693114064,970.6324789311349,5610.4615401878345
13195,0.8982996876190477,3,1334.095238095238,444.6984126984127,673.6507936507936
13197,11.626657968106668,23,17267.142852209385,750.745341400408,4052.5714274135503
13199,0.15666377333333334,13,232.66666666666666,17.897435897435898,120.86666666666666
13201,114.38565229122871,70,169877.999660244,2426.8285665749145,13349.9999733
13205,50.53801851288598,74,75055.72001200875,1014.2664866487669,9692.640001550822
13207,0.3684583573854645,12,547.2099643352014,45.60083036126679,198.32028466927824
13209,17.2899659656887,43,25677.913039012536,597.1607683491287,3390.2608689756066
13211,0.1155845589961989,6,171.65853654349792,28.609756090582987,134.26829265017847
13215,0.11609214597938144,17,172.41237113402062,10.141904184354154,76.82474226804123
13217,0.012755243408124834,8,18.943243247281956,2.3679054059102445,14.943243247281956
13219,0.00532441092497858,5,7.907462685981199,1.5814925371962398,3.2955223876662063
13221,0.32035593362294784,5,475.7714284357796,95.15428568715592,166.1142856668245
13225,1.2870329213996352,17,1911.4161068696872,112.43624158056983,510.0402683194523
13229,19.86900853999405,79,29508.136364977643,373.5207134807297,2266.363636466653
13231,0.3324375771574698,8,493.71428573598746,61.71428571699843,480.6593406804686
13235,2.262807165714286,26,3360.571428571429,129.25274725274727,568.2857142857143
13237,1.5666586120930233,6,2326.6976744186045,387.7829457364341,997.953488372093
13239,32.4684548,29,48220.0,1662.7586206896551,5892.0
13243,36.05100838631486,49,53540.57145916604,1092.66472365645,5688.000003250286
13245,0.3764042614973262,17,559.0106951871658,32.88298206983328,153.2620320855615
13247,0.00988680596273292,4,14.683229813664596,3.670807453416149,14.683229813664596
13249,3.56600864,24,5296.0,220.66666666666666,756.0
13251,49.39879864880021,56,73363.8260741976,1310.0683227535285,7100.347824852113
13253,264.64888052464886,80,393039.000393039,4912.987504912988,41184.000041184
13255,0.06716861824561404,6,99.75438596491229,16.625730994152047,37.824561403508774
13259,72.35711625528577,29,107459.99978508,3705.517233968276,25391.999949216
13261,10.594849513846153,41,15734.76923076923,383.7748592870544,2429.5384615384614
13263,29.051927581896148,17,43145.999913708,2537.999994924,10781.999978436
13265,0.0,0,0.0,,
13267,35.86443045529244,65,53263.478265501,819.4381271615538,4435.826087342246
13269,19.382642807497223,19,28785.818171350613,1515.0430616500323,7917.818178938976
13271,327.5583644302335,51,486468.00194587203,9538.588273448471,48168.00019267201
13273,108.81847718236305,46,161609.99967678002,3513.260862538696,26789.99994642
13275,10.403994464225352,97,15451.323943661971,159.29199941919558,1659.774647887324
13277,5.423294603312888,53,8054.318179987655,151.9682675469369,1118.0454542913533
13279,23.479488225454546,52,34870.181818181816,670.5804195804195,3754.909090909091
13283,0.0,0,0.0,,
13285,0.03895144050632912,7,57.84810126582279,8.264014466546113,28.075949367088608
13287,23.764413066666666,43,35293.333333333336,820.7751937984497,4272.0
13289,14.20478064811702,20,21096.000012054858,1054.8000006027428,6512.571432292898
13293,1.1060974378378379,16,1642.7027027027027,102.66891891891892,1170.918918918919
13297,0.01138610977776153,4,16.909896601659682,4.2274741504149205,16.909896601659682
13299,58.949704988,90,87548.2,972.7577777777777,7192.266666666666
13301,15.513753662055016,10,23040.00009216,2304.000009216,10836.000043344
13303,1.2366195163636364,17,1836.5454545454545,108.03208556149733,855.8181818181819
13305,18.02891396687727,89,26775.349699820697,300.846625840682,1735.950920671399
13307,0.0,0,0.0,,
13309,0.0,0,0.0,,
13315,0.0,0,0.0,,
13317,1.7665448977777778,6,2623.5555555555557,437.2592592592593,1041.3333333333333
13319,0.0,0,0.0,,
13321,27.580420758833785,56,40960.615378313756,731.4395603270314,3632.7692302103433
22001,76.3365262883689,145,113369.95617127884,781.8617666984748,9384.613135946098
22003,65.54174457961233,123,97338.26087802941,791.3679746181252,7176.2608701892395
22005,30.984291331709844,119,46015.81865284974,386.68755170461964,3690.6528497409327
22007,146.06899288,134,216932.0,1618.8955223880596,13918.8
22009,162.434925584,75,241237.6,3216.5013333333336,38095.2
22011,78.61683387500645,136,116756.51806666238,858.503809313694,7262.457830975303
22013,6.730257746666667,10,9995.333333333334,999.5333333333334,5470.0
22015,0.24401615898078124,6,362.39664802444713,60.39944133740786,276.2178770795409
22017,0.8368336547807854,7,1242.809954526369,177.5442792180527,668.3619908292557
22019,16.274062355394836,166,24169.160239098874,145.59735083794502,2354.949151816657
22021,18.07873010666667,19,26849.333333333332,1413.122807017544,6124.0
22023,78.42316164444445,197,116468.88888888889,591.2126339537507,4555.111111111111
22025,4.21039502,46,6253.0,135.93478260869566,1524.8
22027,18.673064880000002,5,27732.0,5546.4,27624.0
22029,11.502442773333334,53,17082.666666666668,322.31446540880506,3628.0
22031,1.4246682647283302,12,2115.823008774661,176.3185840645551,846.3716813859692
22033,9.804351848068192,115,14560.774420156522,126.61542974049149,2514.6714027505022
22035,0.0,0,0.0,,
22037,43.88762786,96,65179.0,678.9479166666666,3840.285714285714
22039,98.59227045122746,110,146422.71430663182,1331.1155846057438,14342.571430620366
22041,8.642358506201798,14,12835.058820509397,916.7899157506712,4927.058822370103
22043,238.05693278555447,37,353546.3997171629,9555.308100463863,42160.79996627136
22045,38.47722635057293,137,57143.829789664844,417.1082466398894,18658.46808590036
22047,30.100628792307692,128,44703.46153846154,349.2457932692308,3625.230769230769
22049,0.0,0,0.0,,
22051,43.77060968387946,174,65005.21235019374,373.5931744264008,15062.80308763994
22053,71.08716788434783,151,105573.95652173914,699.1652749784049,7487.130434782609
22055,15.315408456049605,150,22745.430920559604,151.63620613706402,3778.84921231012
22057,48.98705120764391,190,72752.32602792632,382.906979094349,4421.605016228415
22061,1.0600025417543861,6,1574.2456140350878,262.37426900584796,1136.421052631579
22063,25.80145765597981,117,38318.61712653312,327.50954809002667,2046.24181349893
22065,8.06795986386408,12,11981.999976036,998.4999980030001,8495.999983008
22067,11.69995583574547,6,17375.999993681457,2895.9999989469093,11025.818177808793
22069,8.25755824807348,42,12263.578946852227,291.98997492505305,2407.199999898644
22071,33.373877077167386,122,49564.67323665219,406.2678134151819,9552.74366143365
22073,2.244669644521739,9,3333.634782608696,370.40386473429953,1014.3652173913044
22075,55.601662629799925,164,82575.90909466232,503.5116408211117,4571.5909092987085
22077,58.954418368000006,113,87555.2,774.8247787610619,7330.6
22079,28.34132854948296,81,42090.665264922565,519.6378427768218,7889.623429641903
22081,21.097088863122327,11,31331.9999749344,2848.3636340849453,13672.79998906176
22083,3.37208672,10,5008.0,500.8,2228.0
22085,23.15553048678821,46,34389.06122729707,747.5882875499362,5882.693878031241
22087,22.262111367937813,122,33062.2142868949,271.0017564499582,4937.678571604917
22089,59.96620452648853,133,89057.83783302423,669.6078032558213,16085.513512644024
22091,165.26322292,82,245438.0,2993.1463414634145,12358.0
22093,38.964923289935314,117,57868.12500361676,494.5993590052715,7263.375000453962
22095,48.85385255238294,124,72554.50820147761,585.1170016248194,12643.868853288124
22097,100.9494468419576,141,149923.43666195025,1063.2867848365265,12121.014087921412
22099,202.55862773333334,167,300826.6666666667,1801.357285429142,20697.11111111111
22101,93.94161245826315,160,139515.86487994646,871.9741554996654,22257.40540781161
22103,20.42965199532245,127,30340.766916152978,238.90367650514156,2954.706766806214
22105,2.947678966417619,96,4377.6976956925455,45.60101766346401,1699.0783409511862
22107,0.0,0,0.0,,
22109,43.1286120784,177,64051.76,361.87435028248586,5404.96
22111,82.80465967439068,6,122975.999754048,20495.999959008,50387.999899224
22113,32.59869293157895,176,48413.42105263158,275.0762559808613,4423.421052631579
22115,125.93612686062522,88,187031.99997122586,2125.3636360366577,22118.769227366345
22117,422.0064184088026,91,626736.0002506943,6887.208793963674,58471.20002338848
22119,0.17035502000000002,4,253.0,63.25,224.0
22121,29.950219311666668,103,44480.083333333336,431.84546925566343,3203.0
22123,0.0,0,0.0,,
22125,12.58169457,88,18685.5,212.33522727272728,1438.5
22127,321.4094235256377,29,477336.001909344,16459.862134804964,83076.000332304
23001,0.012323250504170196,2,18.301675979698512,9.150837989849256,16.726256985109078
23005,0.027236962441726298,3,40.45053381906065,13.483511273020218,27.48469751672162
23009,0.01717765155555556,2,25.511111111111113,12.755555555555556,25.511111111111113
23011,0.0040634605220339235,3,6.034782609133459,2.011594203044486,5.034782609133459
23013,0.06650915851662728,4,98.77500002469374,24.693750006173435,48.30000001207499
23015,0.07778355491701683,4,115.51898731252685,28.87974682813171,60.98734175671207
23017,0.0,1,0.0,0.0,0.0
23019,0.01478287363501974,2,21.95454545254959,10.977272726274794,21.95454545254959
23023,0.0751489305855231,4,111.60621763971115,27.901554409927787,65.34715027261082
23025,0.0013153618604651162,1,1.9534883720930232,1.9534883720930232,1.9534883720930232
23027,0.09131055438005299,4,135.6083915704592,33.9020978926148,135.6083915704592
23029,0.0008441874627369665,2,1.2537313433584318,0.6268656716792159,1.2537313433584318
23031,0.028717513766233767,3,42.64935064935065,14.216450216450218,38.874458874458874
24003,0.1295169232016936,7,192.3499616860629,27.478565955151844,89.00997700353336
24009,0.26411594830639834,11,392.2475247369803,35.65886588518003,124.87128712376747
24011,0.9971366521357873,9,1480.8813558318045,164.5423728702005,567.4576270801723
24013,0.046719436923076924,3,69.38461538461539,23.128205128205128,36.46153846153846
24015,0.05996194358366168,4,89.05150976276721,22.262877440691803,59.27531083060211
24017,0.02491882,12,37.007782101167315,3.083981841763943,9.95330739299611
24019,1.6258916533333334,12,2414.6666666666665,201.2222222222222,554.8148148148148
24021,0.00404004,5,6.0,1.2,3.0
24025,0.10766731755378993,4,159.9003735910386,39.97509339775965,77.02117060637504
24027,0.004580393439096161,5,6.8024971620521,1.36049943241042,5.8024971620521
24029,0.2718138911782549,7,403.67999996770556,57.668571423957935,150.47999998796158
24031,0.00202002,4,3.0,0.75,3.0
24033,0.02304632315562109,9,34.226873727420156,3.8029859697133506,8.353814987615445
24035,0.15099649498112544,8,224.24999997196875,28.031249996496094,78.82499999014686
24037,0.640613135191036,12,951.3962265587014,79.28301887989178,241.9924528667159
24039,4.349061835457067,13,6458.938776037465,496.8414443105742,2481.0612246923315
24041,0.4977005393678412,9,739.1518985473033,82.12798872747814,497.4683543044384
24043,0.0,1,0.0,0.0,0.0
24045,0.7567760298193627,14,1123.9136689033216,80.27954777880869,261.41007190483305
24047,0.779065792542373,14,1157.0169491525423,82.64406779661017,329.2881355932203
25001,0.01594801178082192,15,23.684931506849317,1.5789954337899546,6.812785388127854
25003,0.02334935939138544,4,34.67692308697752,8.66923077174438,32.67692308697752
25005,0.020724696422107964,11,30.778947369988366,2.798086124544397,14.021052632316897
25007,0.00471338,7,7.0,1.0,3.0
25009,0.003719029069767442,3,5.523255813953488,1.8410852713178294,3.104651162790698
25011,0.0,2,0.0,0.0,0.0
25013,0.022487772317880794,4,33.397350993377486,8.349337748344372,15.390728476821192
25015,0.009677574327756743,3,14.372492838323495,4.790830946107832,7.667621777383109
25017,0.00269336,8,4.0,0.5,3.0
25021,0.00404004,7,6.0,0.8571428571428571,3.0
25023,0.024323938047593287,10,36.124302800358336,3.6124302800358334,17.87091634035726
25025,0.00202002,5,3.0,0.6,3.0
25027,0.004342206097221489,6,6.448757087387484,1.074792847897914,1.768861753470364
28001,38.84229124,37,57686.0,1559.081081081081,9828.0
28003,0.8123588125576491,1,1206.4615388327577,1206.4615388327577,1206.4615388327577
28005,0.0,0,0.0,,
28007,11.573367919999999,5,17188.0,3437.6,9844.0
28009,0.0,0,0.0,,
28011,3.050230201220092,2,4530.000001812,2265.000000906,3540.000001416
28013,0.0,2,0.0,0.0,0.0
28015,0.0,0,0.0,,
28017,0.0,1,0.0,0.0,0.0
28019,0.93998264,6,1396.0,232.66666666666666,832.0
28021,0.0,0,0.0,,
28023,0.0,0,0.0,,
28025,0.0,2,0.0,0.0,0.0
28027,0.1553861538222483,2,230.76923073372785,115.38461536686393,163.3846153594793
28029,88.70917825564541,31,131744.9999341275,4249.8387075525,27526.49998623675
28031,0.0,0,0.0,,
28033,0.0056525581298701305,2,8.394805194805194,4.197402597402597,5.849350649350649
28035,13.973580173708271,82,20752.636370493765,253.08093134748495,1370.3801657422744
28037,0.0,0,0.0,,
28039,76.35729467200001,108,113400.8,1050.0074074074075,11188.0
28041,453.0096842939807,79,672779.99865444,8516.202514613165,55253.999889492006
28043,7.789197151156789,2,11568.000046272,5784.000023136,11568.000046272
28045,12.850704758250972,113,19085.01612595564,168.89394801730654,2795.467741484602
28047,8.042665130871322,117,11944.433912839459,102.0891787422176,2114.1330906315648
28049,1.7809076920285252,13,2644.8862269114047,203.45278668549267,1100.6946105148038
28051,1.356299142857143,5,2014.2857142857142,402.85714285714283,1350.857142857143
28053,0.0,0,0.0,,
28055,0.0,0,0.0,,
28059,20.226131419534884,126,30038.511627906977,238.40088593576965,5542.604651162791
28061,141.51452112,41,210168.0,5126.048780487805,16196.0
28063,0.0,0,0.0,,
28065,0.0,0,0.0,,
28067,69.8716135182832,61,103768.69563412717,1701.126157936511,8054.086955121028
28069,0.0,0,0.0,,
28071,0.02380651801003527,2,35.355864808321606,17.677932404160803,35.355864808321606
28073,32.60469392666667,68,48422.333333333336,712.093137254902,3050.4
28075,10.178207440000001,22,15116.0,687.0909090909091,4804.666666666667
28077,0.0,0,0.0,,
28079,0.0,0,0.0,,
28081,0.003305487273585841,1,4.909090910365998,4.909090910365998,4.909090910365998
28083,0.1607038133333333,3,238.66666666666663,79.55555555555554,238.66666666666663
28085,138.85294282354118,47,206215.2000824861,4387.557448563533,25165.20001006608
28087,0.006650527386661699,3,9.876923079962127,3.292307693320709,9.876923079962127
28089,0.21030125035879216,5,312.325497310114,62.46509946202279,100.12296564919517
28091,740.8867739582265,63,1100315.997799368,17465.333298402667,112565.999774868
28093,0.06101763639497002,1,90.6193548504025,90.6193548504025,90.6193548504025
28095,0.0,1,0.0,0.0,0.0
28097,0.036858046085383275,4,54.739130432446125,13.684782608111531,53.739130432446125
28099,101.05756096423025,11,150084.000600336,13644.000054576,72564.00029025601
28101,41.326915840000005,22,61376.0,2789.818181818182,11612.0
28103,9.469853797879416,9,14064.000056256,1562.6666729173332,9492.000037968
28105,0.15303181818181819,4,227.27272727272728,56.81818181818182,227.27272727272728
28107,7.731020547092408,2,11481.60000459264,5740.80000229632,11481.60000459264
28109,18.576083263120573,111,27587.96932176994,248.54026416008955,2830.453987382766
28111,0.0,0,0.0,,
28113,186.94234697077695,57,277634.4001110538,4870.778949316733,42724.80001708992
28115,0.05881546604377603,2,87.34883720523959,43.674418602619795,87.34883720523959
28117,0.2681117453570503,1,398.1818180370248,398.1818180370248,398.1818180370248
28119,4.896528470206944,2,7271.999985456001,3635.9999927280005,7217.999985564001
28121,2.4345815003420688,20,3615.6793007129654,180.78396503564827,1057.6443149921452
28123,11.092248772861527,22,16473.473687678626,748.7942585308466,4106.526316654006
28125,0.0,0,0.0,,
28127,25.56537312,34,37968.0,1116.7058823529412,7176.0
28129,0.0,0,0.0,,
28131,33.208724796,97,49319.4,508.4474226804124,2948.0
28133,0.4322842801080711,2,642.0000001605,321.00000008025,642.0000001605
28135,23.173669532694678,1,34416.000137664,34416.000137664,34416.000137664
28137,0.3324882042105263,2,493.7894736842105,246.89473684210526,481.05263157894734
28139,3.481706473392683,1,5170.80000206832,5170.80000206832,5170.80000206832
28141,0.0,1,0.0,0.0,0.0
28143,0.13296220533333336,2,197.46666666666667,98.73333333333333,140.8
28145,1.2795044326401166,1,1900.2352936705329,1900.2352936705329,1900.2352936705329
28147,0.0,0,0.0,,
28149,10.65964554,9,15831.0,1759.0,7249.0
28151,6.135204746454082,4,9111.60000364464,2277.90000091116,9111.60000364464
28153,81.6157338294947,65,121210.28578354874,1864.7736274392114,12485.142864277224
28155,0.12423122993788438,2,184.49999990775,92.249999953875,98.9999999505
28157,0.0,0,0.0,,
28159,25.314890741259564,9,37596.000150384,4177.333350042667,25308.000101232003
28161,0.8753420000000001,1,1300.0,1300.0,1300.0
28163,5.1914514,7,7710.0,1101.4285714285713,3238.0
33001,0.0,2,0.0,0.0,0.0
33003,0.0,1,0.0,0.0,0.0
33013,0.0,1,0.0,0.0,0.0
33015,0.01169163091254492,4,17.36363636876603,4.340909092191508,16.36363636876603
33017,0.004360779242902208,3,6.476340694006309,2.1587802313354363,5.476340694006309
34001,0.023939641785714286,8,35.55357142857143,4.444196428571429,14.232142857142858
34005,0.00134668,6,2.0,0.3333333333333333,1.0
34007,0.00067334,4,1.0,0.25,1.0
34009,0.021046289715774366,7,31.256556443660504,4.465222349094358,17.84264538279784
34011,0.05192199555555556,6,77.11111111111111,12.851851851851853,29.22222222222222
34015,0.0052227260171919775,4,7.756446991404012,1.939111747851003,4.756446991404012
34021,0.0,1,0.0,0.0,0.0
34023,0.0,2,0.0,0.0,0.0
34025,0.00466027149230137,4,6.921126759588573,1.7302816898971431,4.039436619149375
34029,0.00202002,6,3.0,0.5,1.0
34033,0.01012136336799489,4,15.031578946735511,3.7578947366838777,8.463157894380497
34035,0.0,1,0.0,0.0,0.0
36021,0.012179532356523392,2,18.088235299437716,9.044117649718858,18.088235299437716
36027,0.00503050141903029,3,7.470967741453486,2.4903225804844955,4.935483870649324
36047,0.0,1,0.0,0.0,0.0
36059,0.00134668,2,2.0,1.0,1.0
36079,0.0,2,0.0,0.0,0.0
36085,0.0,1,0.0,0.0,0.0
36103,0.07930131226274709,15,117.77306006289109,7.851537337526072,37.58125916181003
36119,0.0,3,0.0,0.0,0.0
37001,0.026546961946472023,6,39.42579075425791,6.570965125709652,20.574209245742093
37003,0.013871995751721348,2,20.60176991077516,10.30088495538758,20.60176991077516
37007,1.239778093181075,14,1841.236363770272,131.516883126448,722.4000000525382
37013,12.95322861888889,64,19237.277777777777,300.58246527777777,2094.0
37015,18.85416406598732,38,28000.956524173995,736.8672769519472,4610.869565618336
37017,6.780521095471698,61,10069.98113207547,165.08165790287657,1127.698113207547
37019,3.3367733862914974,75,4955.5549741460445,66.07406632194726,371.717277511238
37023,0.0,1,0.0,0.0,0.0
37025,0.0,3,0.0,0.0,0.0
37029,2.9989409302857144,46,4453.828571428571,96.8223602484472,377.1428571428572
37031,9.432975611938842,101,14009.23101544367,138.7052575786502,1426.0363635753567
37033,0.05596203555555555,5,83.1111111111111,16.62222222222222,69.77777777777777
37035,0.011074038214285715,2,16.446428571428573,8.223214285714286,16.446428571428573
37037,0.27080617464883794,14,402.18340607841196,28.727386148458,152.56768557619498
37041,13.256549585,39,19687.75,504.81410256410254,2162.25
37045,0.009780226983967008,4,14.524945768804777,3.6312364422011942,12.520607374184763
37047,162.13522195000002,73,240792.5,3298.527397260274,16430.5
37049,9.461877803962075,77,14052.154638016566,182.49551477943592,1728.296907073955
37051,1.8857380482666668,37,2800.5733333333333,75.69117117117116,361.696
37053,0.08781672027972028,47,130.41958041958043,2.774884689778307,32.41958041958042
37055,5.217880448170579,81,7749.250673018948,95.66976139529565,1810.5768192117976
37057,0.0,1,0.0,0.0,0.0
37059,0.0,1,0.0,0.0,0.0
37061,29.604508624595674,50,43966.656703293535,879.3331340658707,4330.746267363957
37063,0.017506840002225153,10,26.00000000330465,2.600000000330465,13.363166955368422
37065,1.154023959107732,24,1713.8799998629695,71.41166666095707,381.1199999695104
37067,0.0,1,0.0,0.0,0.0
37069,0.6914775635443038,18,1026.9367088607596,57.052039381153314,341.0506329113924
37071,0.00067334,5,1.0,0.2,1.0
37073,54.713107407224825,28,81256.28569106963,2902.010203252487,14215.714281652652
37077,0.437154982389051,9,649.2336447991371,72.13707164434857,245.6915887620849
37079,10.336131568487396,32,15350.538462719274,479.7043269599773,2770.615384828509
37081,0.0,3,0.0,0.0,0.0
37083,6.577711549932877,20,9768.781818892203,488.43909094461014,2920.145454757829
37085,0.7187166417150084,24,1067.3903848204598,44.474599367519154,164.29615387774928
37091,51.641407254686875,33,76694.39993864448,2324.072725413469,13564.79998914816
37093,1.3514385970715777,29,2007.067153401814,69.20921218626945,324.0525547634483
37095,23.548514886339387,83,34972.695646091706,421.35777886857477,3685.565216750336
37097,0.020396519075110687,2,30.29156009610403,15.145780048052014,30.29156009610403
37101,0.7055156352706907,24,1047.7851238166315,43.65771349235965,159.79877827383416
37103,15.955050276923078,59,23695.384615384617,401.61668839634945,1941.2307692307693
37105,0.07510313560976192,15,111.53820597285461,7.435880398190307,31.33554817067538
37107,11.828854957251043,43,17567.43243718039,408.5449403995439,1898.3513518644193
37109,0.0007419298709177578,3,1.1018651363616565,0.3672883787872188,1.1018651363616565
37111,0.00067334,2,1.0,0.5,1.0
37117,0.0,0,0.0,,
37119,0.0,5,0.0,0.0,0.0
37123,0.2898289565217391,8,430.4347826086957,53.80434782608696,202.2608695652174
37125,0.01548682,19,23.0,1.2105263157894737,3.0
37127,1.0410213469567182,19,1546.0559998763156,81.37136841454293,474.0479999620762
37129,2.7185762051403186,60,4037.4494388278113,67.29082398046351,1485.88454110591
37131,29.7589346329979,24,44195.99998960094,1841.4999995667058,12975.52940871164
37133,5.092101867958509,69,7562.452650902232,109.60076305655409,453.07223128509537
37135,0.0099384984,8,14.76,1.845,6.048
37137,14.114918067509723,68,20962.54205529112,308.27267728369293,1367.3271027526234
37139,2.209822663529412,44,3281.8823529411766,74.58823529411765,295.29411764705884
37141,8.014357589290025,72,11902.393425743347,165.31101980199094,1040.398727509667
37143,0.7803717844155674,40,1158.9565218397354,28.973913045993385,135.39130435959925
37145,0.5074719270616825,5,753.663716787481,150.7327433574962,432.10619467496974
37147,2.0409847005042967,43,3031.1353855471184,70.49152059411904,338.46461548875834
37149,0.00067334,3,1.0,0.3333333333333333,1.0
37151,0.05339611802281369,6,79.30038022813689,13.216730038022815,41.01901140684411
37153,3.705764097777778,23,5503.555555555556,239.28502415458937,1210.6666666666667
37155,12.369739327521632,43,18370.71810307071,427.2260023969933,2245.6023741537806
37157,0.0,2,0.0,0.0,0.0
37159,0.0,2,0.0,0.0,0.0
37161,0.005819332229185355,4,8.642487048423314,2.1606217621058286,4.41450777293565
37163,14.041543785714286,45,20853.571428571428,463.4126984126984,2555.936507936508
37165,12.535782401859189,27,18617.314286778135,689.5301587695606,3269.3142859011036
37167,0.0,3,0.0,0.0,0.0
37169,0.0,1,0.0,0.0,0.0
37171,0.0,1,0.0,0.0,0.0
37177,34.13980709304007,63,50702.18179974466,804.7965365038835,3877.090907681058
37179,0.00067334,4,1.0,0.25,1.0
37181,2.4883325820541553,7,3695.506849517562,527.9295499310803,1361.2602740471923
37183,0.04800942018493016,20,71.30041314184537,3.5650206570922682,16.185717096203028
37185,0.8735675510588236,13,1297.3647058823528,99.79728506787329,403.5764705882353
37187,89.81412906037176,52,133385.999733228,2565.115379485154,12347.999975304
37191,6.038637770972652,32,8968.185123374005,280.25578510543767,1537.2892560967082
37193,0.0,1,0.0,0.0,0.0
37195,1.0303820178639784,25,1530.255172519052,61.210206900762074,425.17241382242565
37197,0.0,1,0.0,0.0,0.0
42001,0.01683350000160399,3,25.000000002382137,8.33333333412738,24.000000002382137
42011,0.0,1,0.0,0.0,0.0
42017,0.0,1,0.0,0.0,0.0
42029,0.009762317411701868,2,14.498347657501215,7.249173828750608,12.793126242641936
42045,0.000837734046710671,1,1.2441471570241942,1.2441471570241942,1.2441471570241942
42071,0.025726146753000046,2,38.20677035821434,19.10338517910717,19.608417201083565
42075,0.0,1,0.0,0.0,0.0
42077,0.0,1,0.0,0.0,0.0
42091,0.0,1,0.0,0.0,0.0
42107,0.0,1,0.0,0.0,0.0
42133,0.0460568616128363,3,68.40060238933718,22.800200796445726,52.65361444197181
44003,0.04189289885350319,8,62.21656050955414,7.777070063694268,23.388535031847137
44005,0.536551695341981,8,796.8510638636958,99.60638298296197,319.02127660932007
44007,0.011894516391313,8,17.664948452955414,2.208118556619427,8.335051545962111
44009,0.08248739761005607,10,122.50482313549776,12.250482313549776,44.2186495119976
45001,0.6827388978435142,5,1013.9586209693679,202.79172419387356,457.82068978146776
45003,0.24127873024585048,28,358.331200056213,12.797542859150465,88.34400001413505
45005,35.84424487207788,53,53233.49997338325,1004.4056598751557,25004.9999874975
45007,0.2782380377619882,4,413.2207172631779,103.30517931579448,185.0294821306867
45009,32.70889838083313,45,48577.09089142652,1079.490908698367,14055.27272216172
45011,33.43357546666667,39,49653.333333333336,1273.1623931623933,14380.0
45013,4.865634577631579,88,7226.118421052632,82.11498205741627,3804.657894736842
45015,3.132988826484449,75,4652.9076343072575,62.0387684574301,546.8689915174364
45017,6.195064670000001,42,9200.5,219.0595238095238,1700.5
45019,2.0394872381733693,89,3028.911453609424,34.03271296190364,861.0086622580375
45021,0.31504231913699154,4,467.87999990642396,116.96999997660599,269.33999994613197
45023,0.02153686750609117,7,31.985130106768008,4.569304300966858,23.553903342222466
45025,0.7039189236422747,30,1045.4137933915624,34.84712644638542,173.1310345305189
45027,13.815306608421054,56,20517.57894736842,366.3853383458646,1985.3684210526317
45029,60.529899295158096,81,89894.99999280911,1109.8148147260383,11738.159999060948
45031,9.392347146461539,40,13948.892307692307,348.7223076923077,2082.9538461538464
45033,17.414822339276668,45,25863.34146089148,574.740921353144,2876.487804597416
45035,3.579486671573752,69,5316.016680389925,77.04372000565108,665.5045871337613
45037,0.23030460071387948,9,342.03314924685816,38.003683249650905,130.47513815038124
45039,1.2284015396144057,11,1824.3406594208063,165.84915085643695,650.1098901384664
45041,0.5746049889497717,56,853.365296803653,15.238666014350946,140.89497716894977
45043,12.417923896419166,81,18442.278635487517,227.68245228996935,2157.1764703210924
45045,0.05500375459517427,5,81.68793565683646,16.337587131367293,41.20750670241287
45047,0.3010981107359789,8,447.1709845486365,55.896373068579564,188.33160625664905
45049,131.81345280363493,65,195760.61544484945,3011.701776074607,43246.15385946036
45051,2.429886325329164,80,3608.7063375548214,45.108829219435265,540.2605509860366
45053,1.9601000319268258,79,2911.010829487073,36.84823834793763,589.6115521762855
45055,0.9294066764212296,26,1380.2932789099557,53.088203034998294,314.8839103613129
45057,0.13259278820215545,14,196.91803279495565,14.06557377106826,64.24180328132138
45059,0.13390032734299517,6,198.8599033816425,33.14331723027375,110.1256038647343
45061,36.49143685333333,37,54194.666666666664,1464.7207207207207,8145.333333333333
45063,0.3705493851939542,25,550.3154204324029,22.012616817296117,202.55607471902897
45065,0.030816049787234043,7,45.76595744680851,6.537993920972644,21.27659574468085
45067,2.252499494855324,55,3345.2631580706984,60.82296651037633,305.05263159500277
45069,19.56456704,35,29056.0,830.1714285714286,3480.0
45071,0.28165594986279846,6,418.2967740856009,69.71612901426681,173.4193547939563
45073,0.0,1,0.0,0.0,0.0
45075,35.34489362413793,63,52491.89655172414,833.2047071702244,4562.896551724138
45077,0.08155269633333334,3,121.11666666666667,40.37222222222223,70.40833333333333
45079,0.12160380768612256,28,180.59792628705046,6.44992593882323,56.08755761014834
45081,1.4761684616520132,11,2192.3076924763313,199.30069931603012,949.384615457645
45083,0.020054298906999043,4,29.783317353787155,7.445829338446789,15.271332694151486
45085,2.2409662287837384,50,3328.1347146816443,66.56269429363289,438.7150258612731
45087,0.4275354610526316,5,634.9473684210527,126.98947368421054,352.42105263157896
45089,91.61841109352933,72,136065.59998444965,1889.799999784023,10752.34285591402
45091,0.002446204611764706,6,3.632941176470588,0.6054901960784314,1.6329411764705883
48001,0.00067334,6,1.0,0.16666666666666666,1.0
48005,11.346385006,41,16850.9,410.9975609756098,1845.5
48007,49.787234898823534,138,73940.70588235294,535.8022165387894,4008.5882352941176
48013,1.3664834101133685,22,2029.4107139236767,92.2459415419853,720.1071427285523
48015,2.3020443530439003,57,3418.8439021057716,59.97971758080301,705.19024383364
48021,0.33386325839597686,10,495.83161314637005,49.583161314637,141.11895705787745
48025,39.374903180000004,95,58477.0,615.5473684210526,3807.2
48027,0.011851787113594041,3,17.601489757914337,5.867163252638112,15.601489757914338
48029,0.029280726433699278,9,43.4857968243373,4.831755202704144,22.451612904306767
48031,0.3078510481231404,1,457.20000018288,457.20000018288,457.20000018288
48035,0.015082815999999999,1,22.4,22.4,22.4
48039,8.07372407848485,167,11990.560606060606,71.79976410814734,1221.6242424242423
48041,0.08440230105834465,15,125.34871099050204,8.356580732700136,48.62957937584803
48047,0.0,0,0.0,,
48051,1.7489700434773663,8,2597.4545452184134,324.6818181523017,1784.4545452923223
48053,0.018173378585858588,1,26.98989898989899,26.98989898989899,26.98989898989899
48055,0.3253721439943571,12,483.22117205922274,40.26843100493523,312.09073726367416
48057,29.63205611938417,147,44007.568419200055,299.3712137360548,1706.2736841386832
48061,6.790075196863131,115,10084.170251081372,87.68843696592498,2071.996560975408
48067,0.08618752,2,128.0,64.0,128.0
48071,7.597790857705547,138,11283.736088314294,81.76620353850937,984.591414881743
48073,0.3159518461538462,10,469.2307692307692,46.92307692307692,216.30769230769232
48089,13.004424385793795,78,19313.310342165612,247.6065428482771,2797.65517202791
48091,0.024282766736842105,4,36.06315789473684,9.01578947368421,36.06315789473684
48099,0.018462773469589352,2,27.419689116329568,13.709844558164784,27.419689116329568
48123,65.30769549333334,70,96990.66666666667,1385.5809523809523,6877.333333333333
48131,0.0,0,0.0,,
48139,0.0,2,0.0,0.0,0.0
48145,1.3210930813210933,3,1962.0000019620002,654.000000654,1413.000001413
48149,13.341968616810092,33,19814.608692206155,600.4426876426107,4352.86956446037
48157,1.3290179794343835,128,1973.7695360952616,15.420074500744231,585.0220788886132
48161,0.0,2,0.0,0.0,0.0
48163,0.00538672,2,8.0,4.0,8.0
48167,8.604542417937385,158,12778.896869244936,80.87909410914517,1682.132596685083
48175,45.210471642084194,107,67143.60002685744,627.5102806248359,5266.80000210672
48177,22.669031708120354,34,33666.545442303075,990.1925130089139,8590.909087785125
48183,0.01996993865698859,1,29.65803109422965,29.65803109422965,29.65803109422965
48185,4.024908213671822,30,5977.5272725099085,199.25090908366363,1119.5999999592873
48187,0.12605551162790699,11,187.2093023255814,17.019027484143763,123.19186046511628
48193,0.0,1,0.0,0.0,0.0
48199,27.513251701174518,114,40860.860339760766,358.42859947158564,2458.189944408736
48201,3.7420974262363225,131,5557.515410099388,42.423781756483876,1667.715691195663
48203,0.036122710589935186,4,53.64705882605398,13.411764706513495,37.27058823704803
48209,0.0371668347751676,5,55.19772295596222,11.039544591192444,46.69070208374264
48213,0.0,1,0.0,0.0,0.0
48215,5.147478227938297,87,7644.693955413753,87.8700454645259,933.752236429046
48217,0.06314893291919084,1,93.78461537884402,93.78461537884402,93.78461537884402
48225,8.63491216,19,12824.0,674.9473684210526,5868.0
48239,0.0,0,0.0,,
48241,67.073282752,109,99612.8,913.8788990825689,10366.933333333332
48245,45.38693028989833,141,67405.66473089128,478.0543597935552,19216.6530634655
48247,0.0,0,0.0,,
48249,131.5437024,100,195360.0,1953.6,12270.0
48251,0.0,1,0.0,0.0,0.0
48255,2.7801172692307694,42,4128.846153846154,98.30586080586082,659.8461538461538
48259,0.00067334,1,1.0,1.0,1.0
48261,0.0,0,0.0,,
48273,51.33847163,103,76244.5,740.2378640776699,18664.0
48281,0.0,1,0.0,0.0,0.0
48283,0.053530529973234736,7,79.49999996025001,11.357142851464287,38.9999999805
48285,50.14587426666667,80,74473.33333333333,930.9166666666666,6230.666666666667
48287,2.3499566,9,3490.0,387.77777777777777,2240.0
48289,0.0,0,0.0,,
48291,10.409046337284924,124,15458.826651149378,124.6679568641079,1035.8425438412846
48293,0.00067334,4,1.0,0.25,1.0
48297,63.67507044,64,94566.0,1477.59375,7060.0
48309,0.014112250177514794,2,20.958579881656803,10.479289940828401,19.90532544378698
48311,0.0,0,0.0,,
48313,38.24301879297208,13,56796.000227184,4368.9230943987695,29628.000118512
48315,0.07373072996313464,2,109.49999994525,54.749999972625,109.49999994525
48321,25.639612155686276,164,38078.25490196078,232.18448110951698,1825.7254901960785
48325,0.0,1,0.0,0.0,0.0
48331,0.3162162043991926,4,469.62337659903255,117.40584414975814,270.3896103755642
48339,1.906016056999584,83,2830.6888897133454,34.104685418233075,518.9251073176182
48347,7.562262300850028,21,11230.97142728789,534.8081632041852,2550.8571425656164
48349,0.0,2,0.0,0.0,0.0
48351,0.0,0,0.0,,
48355,7.701845110008173,123,11438.270576541083,92.99406972797628,2470.8231918480105
48361,65.14524960291834,117,96749.41278242544,826.9180579694482,8057.259575839535
48365,4.86959488,9,7232.0,803.5555555555555,3934.0
48373,3.682644437382362,67,5469.219766213743,81.63014576438422,473.4928478789853
48391,23.94464374,135,35561.0,263.4148148148148,3719.5
48395,0.0,0,0.0,,
48401,4.8197677248197675,5,7158.000007157999,1431.6000014315998,5448.000005448
48403,0.0,0,0.0,,
48405,95.52674560894651,35,141869.99971626,4053.4285633217146,20861.999958276003
48407,2.7484626323305887,66,4081.8347823248114,61.84598155037593,377.092173886811
48409,11.887567153502072,118,17654.627904924808,149.61549071970177,2463.5581392484232
48419,107.06914050827656,18,159012.000636048,8834.000035336001,67464.000269856
48423,0.0,1,0.0,0.0,0.0
48427,0.0,0,0.0,,
48453,0.016714217234974592,5,24.822849132644123,4.964569826528825,16.764674960574734
48455,492.13343452853377,32,730884.002923536,22840.1250913605,88092.000352368
48457,487.58111509793514,92,724123.1994207015,7870.904341529364,68080.79994553536
48469,69.13670343619813,130,102677.25582350393,789.8250447961841,4605.48837252144
48471,1.8149362236193598,41,2695.423149700537,65.74202804147652,487.7191650483705
48473,2.0865551929192545,62,3098.813664596273,49.9808655580044,645.7391304347826
48477,0.49707050702702704,23,738.2162162162163,32.09635722679201,307.7837837837838
48479,0.017017645467888344,15,25.27348066042169,1.6848987106947793,7.483425412297397
48481,10.890393162642026,130,16173.691096091165,124.4130084314705,925.0680626334936
48489,35.91999564,113,53346.0,472.08849557522126,12897.666666666666
48491,0.02205793283150141,3,32.758981839043294,10.91966061301443,26.080869681881524
48493,3.0533275640000004,23,4534.599999999999,197.1565217391304,1655.911111111111
48505,0.0,0,0.0,,
51001,0.3416847090257867,16,507.44751392429777,31.71546962026861,127.8895027906938
51003,0.010244743407407407,4,15.214814814814812,3.803703703703703,12.177777777777775
51007,0.015756156,5,23.4,4.68,8.4
51025,0.14653334271854415,9,217.62162164514828,24.180180182794253,86.59459460395617
51029,0.00067334,4,1.0,0.25,1.0
51031,0.0,1,0.0,0.0,0.0
51033,0.37780726264150943,11,561.0943396226415,51.00857632933105,137.32075471698113
51036,0.01414014,11,21.0,1.9090909090909092,6.0
51037,0.00134668,4,2.0,0.5,1.0
51041,0.02063975355006502,8,30.65279583875163,3.8315994798439537,8.504551365409624
51043,0.29088288,2,432.0,216.0,412.0
51047,0.02146449486856805,5,31.87764705582328,6.375529411164656,15.134117645634436
51049,0.14826946799258653,5,220.19999998899,44.039999997798,87.14999999564249
51053,0.014665673659022063,8,21.780487805599048,2.722560975699881,8.341463415041048
51057,2.9917559365271837,14,4443.157894269141,317.3684210192244,1252.4210524997452
51061,0.15677050323870917,6,232.82517485773778,38.80419580962296,106.15384616869284
51065,0.1525846991304348,5,226.6086956521739,45.32173913043478,104.34782608695652
51069,0.012008926237981242,2,17.834862384502987,8.917431192251493,17.834862384502987
51073,3.598590374522255,20,5344.388235545572,267.2194117772786,1418.823529478533
51075,0.021592884598704707,7,32.068322984977435,4.5811889978539195,9.652173914242509
51079,0.0031290505882352946,4,4.647058823529412,1.161764705882353,4.647058823529412
51081,6.54587481,12,9721.5,810.125,2896.5
51083,0.00134668,4,2.0,0.5,1.0
51085,0.010561044161073826,7,15.684563758389261,2.2406519654841803,3.302013422818792
51087,0.016458848606703443,12,24.44359254864324,2.0369660457202703,6.801752462913088
51089,0.0,1,0.0,0.0,0.0
51093,0.14424671997754915,21,214.2256809005096,10.201222900024266,46.50583656863722
51095,0.016901210168959537,17,25.10055866124029,1.4765034506611934,6.033519553746762
51097,1.2263765866666667,15,1821.3333333333333,121.42222222222222,442.0
51099,0.01077344,9,16.0,1.7777777777777777,3.0
51101,0.5070406790697675,13,753.0232558139535,57.924865831842574,153.7674418604651
51103,0.6274468424023454,14,931.842519978533,66.56017999846664,290.8346457608928
51107,0.00269336,5,4.0,0.8,3.0
51109,0.3600784670588235,6,534.7647058823529,89.12745098039215,193.02941176470588
51111,0.01365533520186165,5,20.280000002764798,4.0560000005529595,8.640000001382399
51115,0.0168335,12,25.0,2.0833333333333335,6.0
51117,0.021969367843137255,6,32.627450980392155,5.4379084967320255,10.745098039215684
51119,1.4031017270681692,19,2083.793814518919,109.67335865889048,673.9793814710919
51127,0.01414014,11,21.0,1.9090909090909092,6.0
51131,0.8591982627172687,24,1276.024389932677,53.16768291386154,297.2195121226294
51133,0.028549616000000003,14,42.4,3.0285714285714285,13.2
51135,0.017010694736842108,4,25.263157894736842,6.315789473684211,13.263157894736842
51137,0.01559141650617198,5,23.15533980778207,4.631067961556414,8.300970874592327
51139,0.03432391706496327,3,50.975609743908386,16.99186991463613,49.975609743908386
51141,0.0,1,0.0,0.0,0.0
51143,0.0,2,0.0,0.0,0.0
51145,0.18626340939778305,7,276.6260869661435,39.51801242373478,113.84347826482932
51147,0.00067334,3,1.0,0.3333333333333333,1.0
51149,0.23207785333333333,14,344.6666666666667,24.61904761904762,118.0
51153,0.02001215864147472,8,29.720733420671163,3.7150916775838954,10.256699573975544
51157,0.05418406588872754,5,80.47058824476125,16.09411764895225,43.058823534477504
51165,0.0,2,0.0,0.0,0.0
51171,0.00067334,3,1.0,0.3333333333333333,1.0
51175,4.848721340000001,24,7201.0,300.0416666666667,1434.2
51177,0.20233343184145214,11,300.4922206336355,27.31747460305777,79.3833097550561
51179,0.24524497664767259,10,364.2216066885564,36.42216066885564,108.59833796217156
51181,0.1649683,20,245.0,12.25,42.333333333333336
51183,4.301226263544751,19,6387.896550843187,336.2050816233256,1612.55172391551
51187,0.00269336,3,4.0,1.3333333333333333,3.0
51193,0.7640450194116446,13,1134.7090911154019,87.28531470118476,350.01818188182153
51199,0.3139132685163451,19,466.20320865587234,24.537010981888017,91.636363655965
51550,0.2957485228140704,26,439.22613065326635,16.89331271743332,74.41206030150754
51590,0.0,1,0.0,0.0,0.0
51630,0.03930849730154687,7,58.378378384689555,8.339768340669936,17.513513515406867
51650,0.6185618105518889,20,918.64705876955,45.9323529384775,211.76470586989615
51670,0.04905762857142858,9,72.85714285714286,8.095238095238095,12.857142857142858
51683,0.19975753333333335,4,296.6666666666667,74.16666666666667,178.0
51700,0.20378209425287358,21,302.64367816091954,14.411603721948548,65.03448275862068
51710,0.05189329917808219,21,77.06849315068493,3.669928245270711,16.767123287671232
51730,0.17235221492109667,10,255.96610170359205,25.596610170359206,98.23728813892328
51740,0.211159424,20,313.6,15.680000000000001,53.76
51800,0.04222237882266968,24,62.70588235166436,2.6127450979860147,21.70588235166436
51810,0.15035500216216216,30,223.2972972972973,7.443243243243243,28.216216216216218
51840,0.003196515164975671,1,4.747252747461418,4.747252747461418,4.747252747461418
