STATE_NAME,STATEFP,COUNTYFP,FIPS,NAME,1_Unit,2_Units,3_and_4_Units,5_Units_or_More,Average_Building_Permits(12 months)
Alabama,1,1,1001,Autauga,18.41666667,0,0,0,18.41666667
Alabama,1,3,1003,Baldwin,282.8333333,0.666666667,0,40.08333333,323.5833333
Alabama,1,5,1005,Barbour,1.166666667,1.666666667,0,0,2.833333333
Alabama,1,7,1007,Bibb,1.333333333,0,0,0,1.333333333
Alabama,1,9,1009,Blount,1.083333333,0,0,0,1.083333333
Alabama,1,11,1011,Bullock,0,0,0,0,0
Alabama,1,13,1013,Butler,1.083333333,0,0,0,1.083333333
Alabama,1,15,1015,Calhoun,10.25,1,0,0,11.25
Alabama,1,17,1017,Chambers,3.583333333,0,0,0,3.583333333
Alabama,1,19,1019,Cherokee,3.25,0,0,0,3.25
Alabama,1,21,1021,Chilton,2.083333333,0,0,0,2.083333333
Alabama,1,23,1023,Choctaw,0,0,0,0,0
Alabama,1,25,1025,Clarke,0.583333333,0,0,0,0.583333333
Alabama,1,27,1027,Clay,0.75,0,0,0,0.75
Alabama,1,29,1029,Cleburne,0.416666667,0,0,0,0.416666667
Alabama,1,31,1031,Coffee,11.41666667,0,0,0,11.41666667
Alabama,1,33,1033,Colbert,7.583333333,0,0,0,7.583333333
Alabama,1,35,1035,Conecuh,0.083333333,0,0,0,0.083333333
Alabama,1,37,1037,Coosa,0,0,0,0,0
Alabama,1,39,1039,Covington,1.083333333,0,0,0,1.083333333
Alabama,1,41,1041,Crenshaw,0.333333333,0,0,0,0.333333333
Alabama,1,43,1043,Cullman,14,1,0,0,15
Alabama,1,45,1045,Dale,3.166666667,0,0,0,3.166666667
Alabama,1,47,1047,Dallas,0.583333333,0,0,0,0.583333333
Alabama,1,49,1049,DeKalb,4.083333333,0,0,0,4.083333333
Alabama,1,51,1051,Elmore,7.666666667,0,0,0,7.666666667
Alabama,1,53,1053,Escambia,1.5,0,0,0,1.5
Alabama,1,55,1055,Etowah,9.75,0.166666667,0,0,9.916666667
Alabama,1,57,1057,Fayette,0,0,0,0,0
Alabama,1,59,1059,Franklin,1.25,0,0,0,1.25
Alabama,1,61,1061,Geneva,2.25,0,1,0,3.25
Alabama,1,63,1063,Greene,0.333333333,0,0,0,0.333333333
Alabama,1,65,1065,Hale,0.916666667,0,0,0,0.916666667
Alabama,1,67,1067,Henry,5.75,0.166666667,0,0,5.916666667
Alabama,1,69,1069,Houston,29.91666667,0,0.666666667,8,38.58333333
Alabama,1,71,1071,Jackson,3.833333333,0,0,0,3.833333333
Alabama,1,73,1073,Jefferson,127.75,1.833333333,0.25,46.33333333,176.1666667
Alabama,1,75,1075,Lamar,0,0,0,0,0
Alabama,1,77,1077,Lauderdale,7.666666667,0,0,6,13.66666667
Alabama,1,79,1079,Lawrence,0.416666667,0,0,0,0.416666667
Alabama,1,81,1081,Lee,141.4166667,4,0,9.416666667,154.8333333
Alabama,1,83,1083,Limestone,41.16666667,0,0,0,41.16666667
Alabama,1,85,1085,Lowndes,0,0,0,0,0
Alabama,1,87,1087,Macon,0.416666667,0,0,0,0.416666667
Alabama,1,89,1089,Madison,289.75,3.833333333,0,98.83333333,392.4166667
Alabama,1,91,1091,Marengo,0,0,0,0,0
Alabama,1,93,1093,Marion,0.083333333,0,0,0,0.083333333
Alabama,1,95,1095,Marshall,13.41666667,0.166666667,0,0,13.58333333
Alabama,1,97,1097,Mobile,111.6666667,0.166666667,6,22,139.8333333
Alabama,1,99,1099,Monroe,0.166666667,0,0,3.75,3.916666667
Alabama,1,101,1101,Montgomery,35.08333333,0.166666667,0,3.083333333,38.33333333
Alabama,1,103,1103,Morgan,18.75,0,0.5,0,19.25
Alabama,1,105,1105,Perry,0,0,0,0,0
Alabama,1,107,1107,Pickens,0.166666667,0,0,0,0.166666667
Alabama,1,109,1109,Pike,3.5,0,0,0,3.5
Alabama,1,111,1111,Randolph,0,0,0,0,0
Alabama,1,113,1113,Russell,14.25,1,0,0,15.25
Alabama,1,117,1117,Shelby,82.25,0,0,0,82.25
Alabama,1,115,1115,St. Clair,46.41666667,0,0,0,46.41666667
Alabama,1,119,1119,Sumter,0.333333333,0,0,0,0.333333333
Alabama,1,121,1121,Talladega,15.25,0,0,0.5,15.75
Alabama,1,123,1123,Tallapoosa,18.16666667,0,0,0,18.16666667
Alabama,1,125,1125,Tuscaloosa,41.75,1.333333333,3,5.75,51.83333333
Alabama,1,127,1127,Walker,3,0,0,0,3
Alabama,1,129,1129,Washington,0,0,0,0,0
Alabama,1,131,1131,Wilcox,0.333333333,0,0,0,0.333333333
Alabama,1,133,1133,Winston,0.083333333,0,0,0,0.083333333
Connecticut,9,110,9110,Capitol,34.58333333,1.666666667,2.75,116.5833333,155.5833333
Connecticut,9,120,9120,Greater Bridgeport,10.08333333,1.666666667,1.083333333,58.16666667,71
Connecticut,9,130,9130,Lower Connecticut River Valley,15.25,0.5,0,7.416666667,23.16666667
Connecticut,9,140,9140,Naugatuck Valley,25.16666667,0.666666667,1.75,14.25,41.83333333
Connecticut,9,150,9150,Northeastern Connecticut,12.41666667,0,0,0,12.41666667
Connecticut,9,160,9160,Northwest Hills,11.41666667,0,0.916666667,0.5,12.83333333
Connecticut,9,170,9170,South Central Connecticut,15.08333333,2.333333333,5.916666667,64.91666667,88.25
Connecticut,9,180,9180,Southeastern Connecticut,19.75,0.5,0,20.33333333,40.58333333
Connecticut,9,190,9190,Western Connecticut,32.58333333,2,1.833333333,59.5,95.91666667
Delaware,10,1,10001,Kent,88,2.166666667,0.25,9.666666667,100.0833333
Delaware,10,3,10003,New Castle,96.91666667,0,0.25,16.75,113.9166667
Delaware,10,5,10005,Sussex,318,15.16666667,1,28.66666667,362.8333333
Florida,12,1,12001,Alachua,65.33333333,0.5,0,82,147.8333333
Florida,12,3,12003,Baker,8.25,0,0,0,8.25
Florida,12,5,12005,Bay,157.1666667,1.333333333,1,46.58333333,206.0833333
Florida,12,7,12007,Bradford,7.75,0,0,0,7.75
Florida,12,9,12009,Brevard,324,1,0,58.5,383.5
Florida,12,11,12011,Broward,63.08333333,3.833333333,3.583333333,105.4166667,175.9166667
Florida,12,13,12013,Calhoun,2.5,0,0,0,2.5
Florida,12,15,12015,Charlotte,298.5833333,14.16666667,10.75,58.58333333,382.0833333
Florida,12,17,12017,Citrus,201.25,2,0.333333333,0,203.5833333
Florida,12,19,12019,Clay,154.9166667,0,0.25,1.166666667,156.3333333
Florida,12,21,12021,Collier,207.1666667,0.833333333,5.416666667,79.91666667,293.3333333
Florida,12,23,12023,Columbia,14.5,0.333333333,0,0,14.83333333
Florida,12,27,12027,DeSoto,5.916666667,0,0,0,5.916666667
Florida,12,29,12029,Dixie,4.083333333,0,0,0,4.083333333
Florida,12,31,12031,Duval,428.1666667,8.166666667,11.33333333,94.25,541.9166667
Florida,12,33,12033,Escambia,121.9166667,0,1.333333333,0,123.25
Florida,12,35,12035,Flagler,198.6666667,14,3,0,215.6666667
Florida,12,37,12037,Franklin,9.416666667,0,0,0,9.416666667
Florida,12,39,12039,Gadsden,5.916666667,0,0,3,8.916666667
Florida,12,41,12041,Gilchrist,7.833333333,0,0,0,7.833333333
Florida,12,43,12043,Glades,5.416666667,0,0,0,5.416666667
Florida,12,45,12045,Gulf,25.16666667,0,0,0,25.16666667
Florida,12,47,12047,Hamilton,2.166666667,0,0,0,2.166666667
Florida,12,49,12049,Hardee,8.416666667,0,0,1.833333333,10.25
Florida,12,51,12051,Hendry,42.33333333,0.333333333,0,3.75,46.41666667
Florida,12,53,12053,Hernando,182.25,0,0,26.5,208.75
Florida,12,55,12055,Highlands,70.5,4.5,0,6.666666667,81.66666667
Florida,12,57,12057,Hillsborough,366.8333333,4.666666667,3.333333333,379.5833333,754.4166667
Florida,12,59,12059,Holmes,1,0,0,0,1
Florida,12,61,12061,Indian River,23.41666667,0.166666667,0,23.41666667,47
Florida,12,63,12063,Jackson,9.416666667,0,0,3.333333333,12.75
Florida,12,65,12065,Jefferson,5.333333333,0,0,0,5.333333333
Florida,12,67,12067,Lafayette,3.5,0,0,0,3.5
Florida,12,69,12069,Lake,329.6666667,2.166666667,0.25,67.83333333,399.9166667
Florida,12,71,12071,Lee,879.5,12.66666667,1.583333333,390.5,1284.25
Florida,12,73,12073,Leon,64,1.833333333,0,81.25,147.0833333
Florida,12,75,12075,Levy,16.58333333,0,0,0,16.58333333
Florida,12,77,12077,Liberty,0.916666667,0,0,0,0.916666667
Florida,12,79,12079,Madison,2.416666667,0.166666667,0,0,2.583333333
Florida,12,81,12081,Manatee,469.1666667,3.333333333,1.666666667,148.5,622.6666667
Florida,12,83,12083,Marion,534.0833333,10.33333333,0.333333333,44.5,589.25
Florida,12,85,12085,Martin,44.83333333,1,1.666666667,13.91666667,61.41666667
Florida,12,86,12086,Miami-Dade,165.8333333,20.83333333,4.416666667,646.5,837.5833333
Florida,12,87,12087,Monroe,22.08333333,1,1.083333333,3.5,27.66666667
Florida,12,89,12089,Nassau,77.25,0.166666667,0,2,79.41666667
Florida,12,91,12091,Okaloosa,87.75,2.5,0.833333333,14.58333333,105.6666667
Florida,12,93,12093,Okeechobee,1.5,0,0,0,1.5
Florida,12,95,12095,Orange,400.9166667,5.166666667,3.916666667,261.0833333,671.0833333
Florida,12,97,12097,Osceola,470.25,0.5,7.666666667,256,734.4166667
Florida,12,99,12099,Palm Beach,234.25,8.833333333,3.75,84.33333333,331.1666667
Florida,12,101,12101,Pasco,456.75,2.166666667,0.666666667,104.1666667,563.75
Florida,12,103,12103,Pinellas,98.66666667,5.833333333,0,118.5,223
Florida,12,105,12105,Polk,709.5,12.33333333,0.5,143,865.3333333
Florida,12,107,12107,Putnam,9.416666667,0,0,0,9.416666667
Florida,12,113,12113,Santa Rosa,154.25,0.333333333,0,10.66666667,165.25
Florida,12,115,12115,Sarasota,438.25,1,4.75,178.1666667,622.1666667
Florida,12,117,12117,Seminole,63.58333333,0.333333333,1.75,99.25,164.9166667
Florida,12,109,12109,St. Johns,409.5833333,1.666666667,4.666666667,48.66666667,464.5833333
Florida,12,111,12111,St. Lucie,380.8333333,2.5,0,22.33333333,405.6666667
Florida,12,119,12119,Sumter,294.75,14.66666667,0,20.66666667,330.0833333
Florida,12,121,12121,Suwannee,11.5,0,0,0,11.5
Florida,12,123,12123,Taylor,4,0,0,0,4
Florida,12,125,12125,Union,3.75,0,0,0,3.75
Florida,12,127,12127,Volusia,225.0833333,1,0.666666667,56.75,283.5
Florida,12,129,12129,Wakulla,39,0,0,0,39
Florida,12,131,12131,Walton,129.0833333,0.5,0.5,110.1666667,240.25
Florida,12,133,12133,Washington,18.08333333,0,0,0,18.08333333
Georgia,13,1,13001,Appling,0.333333333,0,0,0,0.333333333
Georgia,13,3,13003,Atkinson,1.5,0,0,0,1.5
Georgia,13,5,13005,Bacon,0,0,0,0,0
Georgia,13,7,13007,Baker,0,0,0,0,0
Georgia,13,9,13009,Baldwin,8.333333333,1.833333333,5.666666667,1,16.83333333
Georgia,13,11,13011,Banks,8.5,0,0,0,8.5
Georgia,13,13,13013,Barrow,93,0,0,25.91666667,118.9166667
Georgia,13,15,13015,Bartow,94.58333333,11.83333333,6.333333333,22.08333333,134.8333333
Georgia,13,17,13017,Ben Hill,0.5,0,0,0,0.5
Georgia,13,19,13019,Berrien,8,0,0,0,8
Georgia,13,21,13021,Bibb,12.83333333,0,0,0,12.83333333
Georgia,13,23,13023,Bleckley,5.333333333,0,0,3.75,9.083333333
Georgia,13,25,13025,Brantley,4.083333333,0,0,0,4.083333333
Georgia,13,27,13027,Brooks,3.25,0,0,0,3.25
Georgia,13,29,13029,Bryan,36.83333333,0,0,5.666666667,42.5
Georgia,13,31,13031,Bulloch,46.66666667,8.5,0,0.5,55.66666667
Georgia,13,33,13033,Burke,5.416666667,0,0,0,5.416666667
Georgia,13,35,13035,Butts,5,0,0,0,5
Georgia,13,37,13037,Calhoun,0.416666667,0,0,0,0.416666667
Georgia,13,39,13039,Camden,27.91666667,3.333333333,0.666666667,0,31.91666667
Georgia,13,43,13043,Candler,0.583333333,0,0,0,0.583333333
Georgia,13,45,13045,Carroll,59.66666667,0.166666667,0.666666667,12.5,73
Georgia,13,47,13047,Catoosa,40.41666667,3.333333333,5.583333333,21.33333333,70.66666667
Georgia,13,49,13049,Charlton,3.583333333,0.166666667,0.333333333,0,4.083333333
Georgia,13,51,13051,Chatham,142.0833333,1.333333333,0,81.08333333,224.5
Georgia,13,53,13053,Chattahoochee,0,0,0,0,0
Georgia,13,55,13055,Chattooga,0.166666667,0,0,0,0.166666667
Georgia,13,57,13057,Cherokee,149.6666667,0.5,0.916666667,71,222.0833333
Georgia,13,59,13059,Clarke,17.66666667,0,7,73,97.66666667
Georgia,13,61,13061,Clay,0.25,0,0,0,0.25
Georgia,13,63,13063,Clayton,33.75,0,1,37.33333333,72.08333333
Georgia,13,65,13065,Clinch,0,0,0,0,0
Georgia,13,67,13067,Cobb,97,0.333333333,5.666666667,32.41666667,135.4166667
Georgia,13,69,13069,Coffee,7.666666667,0,1,0.5,9.166666667
Georgia,13,71,13071,Colquitt,5.333333333,2.5,0,0,7.833333333
Georgia,13,73,13073,Columbia,98.66666667,0.333333333,2.083333333,0,101.0833333
Georgia,13,75,13075,Cook,3.916666667,0,0,0,3.916666667
Georgia,13,77,13077,Coweta,79.25,0,0.333333333,0.666666667,80.25
Georgia,13,79,13079,Crawford,3.583333333,0,0,0,3.583333333
Georgia,13,81,13081,Crisp,1.75,0,0,0,1.75
Georgia,13,83,13083,Dade,0.75,0,0,0,0.75
Georgia,13,85,13085,Dawson,73.16666667,0,0.75,0,73.91666667
Georgia,13,89,13089,DeKalb,71.25,0,0,32.08333333,103.3333333
Georgia,13,87,13087,Decatur,6.833333333,0.5,0,4.166666667,11.5
Georgia,13,91,13091,Dodge,0.25,0.833333333,0,0,1.083333333
Georgia,13,93,13093,Dooly,4.583333333,0,0,0,4.583333333
Georgia,13,95,13095,Dougherty,2.083333333,0,0,1.666666667,3.75
Georgia,13,97,13097,Douglas,43.58333333,0,0,6,49.58333333
Georgia,13,99,13099,Early,0.916666667,0,0,0,0.916666667
Georgia,13,101,13101,Echols,0.25,0,0,0.833333333,1.083333333
Georgia,13,103,13103,Effingham,65.83333333,0,0,3.833333333,69.66666667
Georgia,13,105,13105,Elbert,6.416666667,0,0,0,6.416666667
Georgia,13,107,13107,Emanuel,6.166666667,0.166666667,0,0,6.333333333
Georgia,13,109,13109,Evans,1.416666667,0,0.75,0,2.166666667
Georgia,13,111,13111,Fannin,31.25,0,0,0,31.25
Georgia,13,113,13113,Fayette,26.91666667,0,0,0,26.91666667
Georgia,13,115,13115,Floyd,29.58333333,0,0,0,29.58333333
Georgia,13,117,13117,Forsyth,141,0,1.916666667,67.5,210.4166667
Georgia,13,119,13119,Franklin,13.58333333,0,0,0,13.58333333
Georgia,13,121,13121,Fulton,243.75,8.666666667,31.41666667,679.9166667,963.75
Georgia,13,123,13123,Gilmer,8.5,0,0,6.166666667,14.66666667
Georgia,13,125,13125,Glascock,,,,,
Georgia,13,127,13127,Glynn,39.83333333,6,4,11.33333333,61.16666667
Georgia,13,129,13129,Gordon,28.5,0,6,0,34.5
Georgia,13,131,13131,Grady,4.583333333,0,0,0,4.583333333
Georgia,13,133,13133,Greene,24.58333333,0,0,0,24.58333333
Georgia,13,135,13135,Gwinnett,358.6666667,0.833333333,1.333333333,106.4166667,467.25
Georgia,13,137,13137,Habersham,17.16666667,0,0.333333333,0.416666667,17.91666667
Georgia,13,139,13139,Hall,131.8333333,0.5,5.5,51.66666667,189.5
Georgia,13,141,13141,Hancock,2.333333333,0,0,0,2.333333333
Georgia,13,143,13143,Haralson,18.75,0,0,0,18.75
Georgia,13,145,13145,Harris,15.75,0,0,0,15.75
Georgia,13,147,13147,Hart,12.33333333,0.5,0.666666667,0.666666667,14.16666667
Georgia,13,149,13149,Heard,4.166666667,0,0,0,4.166666667
Georgia,13,151,13151,Henry,158.0833333,0,0,7.666666667,165.75
Georgia,13,153,13153,Houston,96.66666667,3.833333333,0.25,28,128.75
Georgia,13,155,13155,Irwin,2.666666667,0,0,0,2.666666667
Georgia,13,157,13157,Jackson,175.6666667,0,0,4.916666667,180.5833333
Georgia,13,159,13159,Jasper,15.25,0,0,0,15.25
Georgia,13,161,13161,Jeff Davis,0.833333333,0,0,0,0.833333333
Georgia,13,163,13163,Jefferson,0.833333333,0,0,0,0.833333333
Georgia,13,165,13165,Jenkins,2.333333333,0,0,0,2.333333333
Georgia,13,167,13167,Johnson,0,0,0,0,0
Georgia,13,169,13169,Jones,7.5,0,0.833333333,0.5,8.833333333
Georgia,13,171,13171,Lamar,10.75,0,0,0,10.75
Georgia,13,173,13173,Lanier,2.916666667,0,0,0,2.916666667
Georgia,13,175,13175,Laurens,2.583333333,0,0,2,4.583333333
Georgia,13,177,13177,Lee,10.83333333,0,0.25,0,11.08333333
Georgia,13,179,13179,Liberty,38.5,0.5,0.25,0,39.25
Georgia,13,181,13181,Lincoln,6.166666667,0,0,0,6.166666667
Georgia,13,183,13183,Long,24.83333333,0,0,0,24.83333333
Georgia,13,185,13185,Lowndes,74.16666667,0.5,0,0,74.66666667
Georgia,13,187,13187,Lumpkin,23.08333333,0,0,0,23.08333333
Georgia,13,193,13193,Macon,1.083333333,0,0,0,1.083333333
Georgia,13,195,13195,Madison,15.75,0,0,0,15.75
Georgia,13,197,13197,Marion,1.166666667,0,0,0,1.166666667
Georgia,13,189,13189,McDuffie,5.333333333,0,0,0,5.333333333
Georgia,13,191,13191,McIntosh,10.58333333,0,0,0,10.58333333
Georgia,13,199,13199,Meriwether,15,0,0,0,15
Georgia,13,201,13201,Miller,0.166666667,0,0,0,0.166666667
Georgia,13,205,13205,Mitchell,2.083333333,0,0,0,2.083333333
Georgia,13,207,13207,Monroe,23.41666667,0,0,0,23.41666667
Georgia,13,209,13209,Montgomery,1.916666667,0,0,0,1.916666667
Georgia,13,211,13211,Morgan,13.66666667,0,0,0,13.66666667
Georgia,13,213,13213,Murray,9,0,1,0.416666667,10.41666667
Georgia,13,215,13215,Muscogee,21.75,0,0,2.5,24.25
Georgia,13,217,13217,Newton,58.66666667,1.5,4.666666667,58.5,123.3333333
Georgia,13,219,13219,Oconee,27.91666667,0,0,0,27.91666667
Georgia,13,221,13221,Oglethorpe,11.66666667,0,0,0,11.66666667
Georgia,13,223,13223,Paulding,121.5,0,0,0,121.5
Georgia,13,225,13225,Peach,12.41666667,0,0,0,12.41666667
Georgia,13,227,13227,Pickens,21.33333333,0.333333333,0,0,21.66666667
Georgia,13,229,13229,Pierce,6.666666667,0.666666667,0,0,7.333333333
Georgia,13,231,13231,Pike,7.583333333,0,0,0,7.583333333
Georgia,13,233,13233,Polk,10.66666667,0,0,0,10.66666667
Georgia,13,235,13235,Pulaski,2.833333333,0.333333333,0.333333333,0,3.5
Georgia,13,237,13237,Putnam,6.583333333,0,0,4.166666667,10.75
Georgia,13,239,13239,Quitman,1,0,0,0,1
Georgia,13,241,13241,Rabun,11.91666667,0,0.333333333,0,12.25
Georgia,13,243,13243,Randolph,0.583333333,0,0,0,0.583333333
Georgia,13,245,13245,Richmond,46.75,0,0,0,46.75
Georgia,13,247,13247,Rockdale,40.25,0,0,0,40.25
Georgia,13,249,13249,Schley,1.5,0,0,0,1.5
Georgia,13,251,13251,Screven,1.916666667,0,0,0,1.916666667
Georgia,13,253,13253,Seminole,0.333333333,0,0,0,0.333333333
Georgia,13,255,13255,Spalding,28.5,0,0,0,28.5
Georgia,13,257,13257,Stephens,4.333333333,0,0,0,4.333333333
Georgia,13,259,13259,Stewart,0.166666667,0,0,0,0.166666667
Georgia,13,261,13261,Sumter,2,0,0,1.25,3.25
Georgia,13,263,13263,Talbot,0.166666667,0,0,0,0.166666667
Georgia,13,265,13265,Taliaferro,,,,,
Georgia,13,267,13267,Tattnall,3.833333333,0,0,0,3.833333333
Georgia,13,269,13269,Taylor,0.916666667,0,0,0,0.916666667
Georgia,13,271,13271,Telfair,0.083333333,0,0,0,0.083333333
Georgia,13,273,13273,Terrell,0.166666667,0,0,0,0.166666667
Georgia,13,275,13275,Thomas,11.75,0,0,6,17.75
Georgia,13,277,13277,Tift,9.666666667,0,0,5,14.66666667
Georgia,13,279,13279,Toombs,0.75,1.5,0.5,0,2.75
Georgia,13,281,13281,Towns,9,0,0,0,9
Georgia,13,283,13283,Treutlen,0,0,0,0,0
Georgia,13,285,13285,Troup,32.08333333,0.166666667,0,7.25,39.5
Georgia,13,287,13287,Turner,0.75,0,0,0,0.75
Georgia,13,289,13289,Twiggs,0.583333333,0,0,0,0.583333333
Georgia,13,291,13291,Union,23.41666667,0,0,0,23.41666667
Georgia,13,293,13293,Upson,8.916666667,0,0.333333333,0,9.25
Georgia,13,295,13295,Walker,26.66666667,0,0.25,2,28.91666667
Georgia,13,297,13297,Walton,54.75,0,0.25,1.416666667,56.41666667
Georgia,13,299,13299,Ware,2.916666667,0.5,0.333333333,0,3.75
Georgia,13,301,13301,Warren,0.083333333,0,0,0,0.083333333
Georgia,13,303,13303,Washington,5.5,0,0,0,5.5
Georgia,13,305,13305,Wayne,11.41666667,1.5,0.666666667,0,13.58333333
Georgia,13,307,13307,Webster,0,0,0,0,0
Georgia,13,309,13309,Wheeler,0,0,0,0,0
Georgia,13,311,13311,White,15,0,0,0,15
Georgia,13,313,13313,Whitfield,22.5,4,1.75,2.916666667,31.16666667
Georgia,13,315,13315,Wilcox,,,,,
Georgia,13,317,13317,Wilkes,1.25,0,1,0,2.25
Georgia,13,319,13319,Wilkinson,0,0,0,0,0
Georgia,13,321,13321,Worth,2.166666667,0,0,0,2.166666667
Louisiana,22,1,22001,Acadia,11.41666667,0,0,0,11.41666667
Louisiana,22,3,22003,Allen,3.833333333,0,0,0,3.833333333
Louisiana,22,5,22005,Ascension,48.25,0,0,0,48.25
Louisiana,22,7,22007,Assumption,2.5,0,0,0,2.5
Louisiana,22,9,22009,Avoyelles,1.25,0,0,0,1.25
Louisiana,22,11,22011,Beauregard,6.916666667,0,0,0,6.916666667
Louisiana,22,13,22013,Bienville,1.5,0,0,0,1.5
Louisiana,22,15,22015,Bossier,59.66666667,0,0,0,59.66666667
Louisiana,22,17,22017,Caddo,18.41666667,0,0,0,18.41666667
Louisiana,22,19,22019,Calcasieu,63.5,0.833333333,0,43.83333333,108.1666667
Louisiana,22,21,22021,Caldwell,0.75,0,0,0,0.75
Louisiana,22,23,22023,Cameron,2.25,0,0,0,2.25
Louisiana,22,25,22025,Catahoula,5,0,0,0,5
Louisiana,22,27,22027,Claiborne,0.25,0,0,0,0.25
Louisiana,22,29,22029,Concordia,2.25,0,0,0,2.25
Louisiana,22,31,22031,De Soto,9.416666667,0,0,0,9.416666667
Louisiana,22,33,22033,East Baton Rouge,143.8333333,7.166666667,0,36.66666667,187.6666667
Louisiana,22,35,22035,East Carroll,0,0,0,0,0
Louisiana,22,37,22037,East Feliciana,3.333333333,0.166666667,0,0,3.5
Louisiana,22,39,22039,Evangeline,2.333333333,0,0,0,2.333333333
Louisiana,22,41,22041,Franklin,1.416666667,0,0,0,1.416666667
Louisiana,22,43,22043,Grant,0.416666667,0,0,0,0.416666667
Louisiana,22,45,22045,Iberia,7.5,0,0.333333333,0,7.833333333
Louisiana,22,47,22047,Iberville,9.75,0,0,0,9.75
Louisiana,22,49,22049,Jackson,0,0,0,0,0
Louisiana,22,51,22051,Jefferson,37.91666667,1.333333333,0.333333333,3.583333333,43.16666667
Louisiana,22,53,22053,Jefferson Davis,5.75,0,0,0,5.75
Louisiana,22,59,22059,LaSalle,1,0,0,0,1
Louisiana,22,55,22055,Lafayette,130.75,0.166666667,0.333333333,0.833333333,132.0833333
Louisiana,22,57,22057,Lafourche,25.91666667,0.666666667,0,0,26.58333333
Louisiana,22,61,22061,Lincoln,12.66666667,1.333333333,0.25,0,14.25
Louisiana,22,63,22063,Livingston,57.25,0.333333333,0.333333333,8.25,66.16666667
Louisiana,22,65,22065,Madison,0.166666667,0,0,0,0.166666667
Louisiana,22,67,22067,Morehouse,0.916666667,0,0,0,0.916666667
Louisiana,22,69,22069,Natchitoches,7.916666667,0,0,0,7.916666667
Louisiana,22,71,22071,Orleans,16.83333333,21.16666667,0.833333333,20.33333333,59.16666667
Louisiana,22,73,22073,Ouachita,28.16666667,0.333333333,0.25,0,28.75
Louisiana,22,75,22075,Plaquemines,6.666666667,0.666666667,0,0,7.333333333
Louisiana,22,77,22077,Pointe Coupee,5,0,0,0,5
Louisiana,22,79,22079,Rapides,18.08333333,1.833333333,0,0,19.91666667
Louisiana,22,81,22081,Red River,0.416666667,0,0,0,0.416666667
Louisiana,22,83,22083,Richland,2.25,0,0,0,2.25
Louisiana,22,85,22085,Sabine,4.083333333,0,0,0,4.083333333
Louisiana,22,87,22087,St. Bernard,5.666666667,3.666666667,0,0,9.333333333
Louisiana,22,89,22089,St. Charles,6.166666667,0,0,0,6.166666667
Louisiana,22,91,22091,St. Helena,1,0,0,0,1
Louisiana,22,93,22093,St. James,5.333333333,0,0,0,5.333333333
Louisiana,22,95,22095,St. John the Baptist,5.083333333,0,0,0,5.083333333
Louisiana,22,97,22097,St. Landry,11.83333333,0,0,0,11.83333333
Louisiana,22,99,22099,St. Martin,4.5,0,0,0,4.5
Louisiana,22,101,22101,St. Mary,1.416666667,0,0,1.666666667,3.083333333
Louisiana,22,103,22103,St. Tammany,88.33333333,0.333333333,0,0,88.66666667
Louisiana,22,105,22105,Tangipahoa,58.25,0.666666667,0,31.5,90.41666667
Louisiana,22,107,22107,Tensas,0,0,0,0,0
Louisiana,22,109,22109,Terrebonne,25,0,0,0,25
Louisiana,22,111,22111,Union,0.166666667,0,0,0,0.166666667
Louisiana,22,113,22113,Vermilion,19,0,0,0,19
Louisiana,22,115,22115,Vernon,2.166666667,0,0,0,2.166666667
Louisiana,22,117,22117,Washington,0,0.833333333,0,0,0.833333333
Louisiana,22,119,22119,Webster,3,0,0,0,3
Louisiana,22,121,22121,West Baton Rouge,12,0,0,0,12
Louisiana,22,123,22123,West Carroll,0,0,0,0,0
Louisiana,22,125,22125,West Feliciana,4,0,0,0,4
Louisiana,22,127,22127,Winn,0.083333333,0,0,0,0.083333333
Maine,23,1,23001,Androscoggin,22.91666667,1.833333333,0.333333333,4.75,29.83333333
Maine,23,3,23003,Aroostook,4.416666667,1.166666667,0,3.75,9.333333333
Maine,23,5,23005,Cumberland,67.5,9.833333333,4.75,35,117.0833333
Maine,23,7,23007,Franklin,13.33333333,0.333333333,0,0,13.66666667
Maine,23,9,23009,Hancock,21.16666667,1.333333333,0,0,22.5
Maine,23,11,23011,Kennebec,37,0.833333333,0.5,0,38.33333333
Maine,23,13,23013,Knox,8.333333333,0.166666667,0,4.833333333,13.33333333
Maine,23,15,23015,Lincoln,13.16666667,0,0,0,13.16666667
Maine,23,17,23017,Oxford,26.58333333,0.166666667,0.666666667,0,27.41666667
Maine,23,19,23019,Penobscot,30.08333333,1.333333333,1.916666667,3.333333333,36.66666667
Maine,23,21,23021,Piscataquis,9,0,0,0,9
Maine,23,23,23023,Sagadahoc,11.25,0.166666667,0,4.666666667,16.08333333
Maine,23,25,23025,Somerset,9.416666667,1.333333333,0,0,10.75
Maine,23,27,23027,Waldo,11.75,0.166666667,0,0,11.91666667
Maine,23,29,23029,Washington,5.583333333,0,0,0,5.583333333
Maine,23,31,23031,York,83.75,2.333333333,1.25,28.16666667,115.5
Maryland,24,1,24001,Allegany,2,0,0,0,2
Maryland,24,3,24003,Anne Arundel,83.66666667,0,0,24.91666667,108.5833333
Maryland,24,510,24510,Baltimore,13.75,0.333333333,0,92,106.0833333
Maryland,24,5,24005,Baltimore,72.16666667,0.166666667,0,53.58333333,125.9166667
Maryland,24,9,24009,Calvert,8.166666667,0,0.25,0,8.416666667
Maryland,24,11,24011,Caroline,4.916666667,0,0,0,4.916666667
Maryland,24,13,24013,Carroll,12,0,0,1,13
Maryland,24,15,24015,Cecil,19.41666667,0,0,27.5,46.91666667
Maryland,24,17,24017,Charles,85.5,0,0,43,128.5
Maryland,24,19,24019,Dorchester,6.75,0,0,0,6.75
Maryland,24,21,24021,Frederick,98.75,0,0.25,31.16666667,130.1666667
Maryland,24,23,24023,Garrett,10.16666667,0,0,0,10.16666667
Maryland,24,25,24025,Harford,64.75,0,0,2.166666667,66.91666667
Maryland,24,27,24027,Howard,49.33333333,0.333333333,0,23.75,73.41666667
Maryland,24,29,24029,Kent,4.166666667,0,0,0,4.166666667
Maryland,24,31,24031,Montgomery,152.1666667,0,0,171.1666667,323.3333333
Maryland,24,33,24033,Prince George's,123.4166667,0,0,0,123.4166667
Maryland,24,35,24035,Queen Anne's,22,0,0,4.666666667,26.66666667
Maryland,24,39,24039,Somerset,3.916666667,0.166666667,0,0,4.083333333
Maryland,24,37,24037,St. Mary's,22.08333333,0,0,0,22.08333333
Maryland,24,41,24041,Talbot,13.16666667,0,0,0,13.16666667
Maryland,24,43,24043,Washington,17.66666667,0.666666667,0,1,19.33333333
Maryland,24,45,24045,Wicomico,19.5,0,0,3.666666667,23.16666667
Maryland,24,47,24047,Worcester,28.16666667,0.166666667,0.666666667,0.5,29.5
Massachusetts,25,1,25001,Barnstable,37.25,2.166666667,0.5,14.83333333,54.75
Massachusetts,25,3,25003,Berkshire,9.083333333,0.666666667,0.25,0.833333333,10.83333333
Massachusetts,25,5,25005,Bristol,43.75,3.333333333,4.416666667,11.83333333,63.33333333
Massachusetts,25,7,25007,Dukes,7.583333333,0.166666667,0.333333333,0,8.083333333
Massachusetts,25,9,25009,Essex,28.08333333,6.833333333,1.916666667,49.16666667,86
Massachusetts,25,11,25011,Franklin,5.25,0.333333333,0,1.833333333,7.416666667
Massachusetts,25,13,25013,Hampden,23.41666667,4.666666667,0,9.666666667,37.75
Massachusetts,25,15,25015,Hampshire,12.83333333,0.833333333,0,15.41666667,29.08333333
Massachusetts,25,17,25017,Middlesex,74.75,9.166666667,4.333333333,217.5833333,305.8333333
Massachusetts,25,19,25019,Nantucket,18.16666667,2,0,1.666666667,21.83333333
Massachusetts,25,21,25021,Norfolk,53,1.166666667,0.25,25.41666667,79.83333333
Massachusetts,25,23,25023,Plymouth,65.41666667,3.333333333,1.583333333,34.25,104.5833333
Massachusetts,25,25,25025,Suffolk,6.25,4.166666667,10.08333333,163.4166667,183.9166667
Massachusetts,25,27,25027,Worcester,81.66666667,7.166666667,1.833333333,100.4166667,191.0833333
Mississippi,28,1,28001,Adams,0.5,0,0,0,0.5
Mississippi,28,3,28003,Alcorn,0.583333333,0.5,0,0,1.083333333
Mississippi,28,5,28005,Amite,0,0,0,0,0
Mississippi,28,7,28007,Attala,0.25,0,0,0,0.25
Mississippi,28,9,28009,Benton,0,0,0,0,0
Mississippi,28,11,28011,Bolivar,0.833333333,0,0,0,0.833333333
Mississippi,28,13,28013,Calhoun,0.833333333,0,0,0,0.833333333
Mississippi,28,15,28015,Carroll,,,,,
Mississippi,28,17,28017,Chickasaw,0.583333333,0,0,0,0.583333333
Mississippi,28,19,28019,Choctaw,0.25,0,0,0,0.25
Mississippi,28,21,28021,Claiborne,0,0,0,0,0
Mississippi,28,23,28023,Clarke,0,0,0,0,0
Mississippi,28,25,28025,Clay,0.416666667,0,0,0,0.416666667
Mississippi,28,27,28027,Coahoma,2.166666667,0,0,0,2.166666667
Mississippi,28,29,28029,Copiah,0.5,0.166666667,0,0,0.666666667
Mississippi,28,31,28031,Covington,0,0,0,0,0
Mississippi,28,33,28033,DeSoto,96.25,0,0,0,96.25
Mississippi,28,35,28035,Forrest,7.416666667,0.166666667,0,2.5,10.08333333
Mississippi,28,37,28037,Franklin,,,,,
Mississippi,28,39,28039,George,2.5,0,0,0,2.5
Mississippi,28,41,28041,Greene,0.166666667,0,0,0,0.166666667
Mississippi,28,43,28043,Grenada,0.083333333,0,0,0,0.083333333
Mississippi,28,45,28045,Hancock,20.66666667,0,0,0,20.66666667
Mississippi,28,47,28047,Harrison,182.3333333,0.5,0,0,182.8333333
Mississippi,28,49,28049,Hinds,13.91666667,0,0,0,13.91666667
Mississippi,28,51,28051,Holmes,1.5,0,0.25,0,1.75
Mississippi,28,53,28053,Humphreys,0,0,0,0,0
Mississippi,28,55,28055,Issaquena,,,,,
Mississippi,28,57,28057,Itawamba,0.333333333,0,0,0,0.333333333
Mississippi,28,59,28059,Jackson,42.5,0,0,0.5,43
Mississippi,28,61,28061,Jasper,0.25,0,0,0,0.25
Mississippi,28,63,28063,Jefferson,0,0,0,0,0
Mississippi,28,65,28065,Jefferson Davis,0,0,0,0,0
Mississippi,28,67,28067,Jones,1.5,0,0,0.416666667,1.916666667
Mississippi,28,69,28069,Kemper,,,,,
Mississippi,28,71,28071,Lafayette,35.91666667,3.166666667,2.833333333,0,41.91666667
Mississippi,28,73,28073,Lamar,3.75,0,0,0,3.75
Mississippi,28,75,28075,Lauderdale,1.5,0,0,0,1.5
Mississippi,28,77,28077,Lawrence,0,0,0,0,0
Mississippi,28,79,28079,Leake,0,0,0,0,0
Mississippi,28,81,28081,Lee,9.333333333,0.833333333,0.666666667,2,12.83333333
Mississippi,28,83,28083,Leflore,0.75,0,0,0,0.75
Mississippi,28,85,28085,Lincoln,0.833333333,0,0,0,0.833333333
Mississippi,28,87,28087,Lowndes,10.83333333,0,0,0,10.83333333
Mississippi,28,89,28089,Madison,46.08333333,0,0,0,46.08333333
Mississippi,28,91,28091,Marion,0.166666667,0,0,0,0.166666667
Mississippi,28,93,28093,Marshall,25.83333333,0,0,0,25.83333333
Mississippi,28,95,28095,Monroe,1.5,0,0,0,1.5
Mississippi,28,97,28097,Montgomery,0.833333333,0,0,6.833333333,7.666666667
Mississippi,28,99,28099,Neshoba,0.083333333,0,0,0,0.083333333
Mississippi,28,101,28101,Newton,0.25,0,0,0,0.25
Mississippi,28,103,28103,Noxubee,0.083333333,0,0,0,0.083333333
Mississippi,28,105,28105,Oktibbeha,4.5,0,0,1,5.5
Mississippi,28,107,28107,Panola,0.833333333,0,0,0,0.833333333
Mississippi,28,109,28109,Pearl River,26.5,0.666666667,0,0,27.16666667
Mississippi,28,111,28111,Perry,0,0,0,0,0
Mississippi,28,113,28113,Pike,0.833333333,0,0,0,0.833333333
Mississippi,28,115,28115,Pontotoc,2.166666667,0,0,5,7.166666667
Mississippi,28,117,28117,Prentiss,0.75,0.166666667,0,0,0.916666667
Mississippi,28,119,28119,Quitman,0.166666667,0,0,0,0.166666667
Mississippi,28,121,28121,Rankin,28.58333333,0,0,0,28.58333333
Mississippi,28,123,28123,Scott,1,0.166666667,0,0.416666667,1.583333333
Mississippi,28,125,28125,Sharkey,0,0,0,0,0
Mississippi,28,127,28127,Simpson,0.25,0,0,0,0.25
Mississippi,28,129,28129,Smith,0,0,0,0,0
Mississippi,28,131,28131,Stone,5,0,0,0,5
Mississippi,28,133,28133,Sunflower,1.083333333,0,0.25,0,1.333333333
Mississippi,28,135,28135,Tallahatchie,0.083333333,0,0,0,0.083333333
Mississippi,28,137,28137,Tate,9.5,0,0,0,9.5
Mississippi,28,139,28139,Tippah,0.833333333,0,0,0,0.833333333
Mississippi,28,141,28141,Tishomingo,0.083333333,0,0,0,0.083333333
Mississippi,28,143,28143,Tunica,7.5,0,0,0,7.5
Mississippi,28,145,28145,Union,1.416666667,0,0,0,1.416666667
Mississippi,28,147,28147,Walthall,0,0,0,0,0
Mississippi,28,149,28149,Warren,1,0,0,0,1
Mississippi,28,151,28151,Washington,0.833333333,0,0,0,0.833333333
Mississippi,28,153,28153,Wayne,0.083333333,0.5,0,0,0.583333333
Mississippi,28,155,28155,Webster,0.666666667,0,0,0,0.666666667
Mississippi,28,157,28157,Wilkinson,0,0,0,0,0
Mississippi,28,159,28159,Winston,0.083333333,0,0,0,0.083333333
Mississippi,28,161,28161,Yalobusha,2,0,0,0,2
Mississippi,28,163,28163,Yazoo,0.75,0,0.25,0,1
New Hampshire,33,1,33001,Belknap,20.91666667,1.166666667,0.333333333,2.666666667,25.08333333
New Hampshire,33,3,33003,Carroll,29.41666667,0.333333333,0,0,29.75
New Hampshire,33,5,33005,Cheshire,12.5,0,1.333333333,0,13.83333333
New Hampshire,33,7,33007,Coos,7.416666667,0.166666667,0.333333333,0,7.916666667
New Hampshire,33,9,33009,Grafton,26.66666667,2,1.333333333,10.58333333,40.58333333
New Hampshire,33,11,33011,Hillsborough,42.83333333,5,2.166666667,31.75,81.75
New Hampshire,33,13,33013,Merrimack,25.25,1.666666667,2.416666667,2.333333333,31.66666667
New Hampshire,33,15,33015,Rockingham,49.25,4.833333333,2.833333333,49.41666667,106.3333333
New Hampshire,33,17,33017,Strafford,27.33333333,1.333333333,4.666666667,45.91666667,79.25
New Hampshire,33,19,33019,Sullivan,7.666666667,0,0.5,0,8.166666667
New Jersey,34,1,34001,Atlantic,33.16666667,1.333333333,0,21.5,56
New Jersey,34,3,34003,Bergen,126.6666667,19.83333333,10,134.1666667,290.6666667
New Jersey,34,5,34005,Burlington,89.16666667,0.166666667,8.416666667,82.33333333,180.0833333
New Jersey,34,7,34007,Camden,40.16666667,1.166666667,1.083333333,42.41666667,84.83333333
New Jersey,34,9,34009,Cape May,53.58333333,10,6.583333333,2.916666667,73.08333333
New Jersey,34,11,34011,Cumberland,11.91666667,0,0,6.083333333,18
New Jersey,34,13,34013,Essex,25.91666667,26,15.83333333,212.5833333,280.3333333
New Jersey,34,15,34015,Gloucester,71.66666667,0.333333333,0,15.25,87.25
New Jersey,34,17,34017,Hudson,79.08333333,10.83333333,6.416666667,346.1666667,442.5
New Jersey,34,19,34019,Hunterdon,16.58333333,0.333333333,0.5,15,32.41666667
New Jersey,34,21,34021,Mercer,77.25,2.166666667,0,108.5833333,188
New Jersey,34,23,34023,Middlesex,60.33333333,2.166666667,2.333333333,99.41666667,164.25
New Jersey,34,25,34025,Monmouth,180.0833333,1.833333333,14.41666667,40.33333333,236.6666667
New Jersey,34,27,34027,Morris,69.58333333,0.333333333,1.833333333,124.6666667,196.4166667
New Jersey,34,29,34029,Ocean,233.0833333,61.16666667,2.916666667,72.33333333,369.5
New Jersey,34,31,34031,Passaic,17.75,2,0.75,51.16666667,71.66666667
New Jersey,34,33,34033,Salem,7.916666667,0,0,0,7.916666667
New Jersey,34,35,34035,Somerset,29.33333333,0.5,2,24.66666667,56.5
New Jersey,34,37,34037,Sussex,11.83333333,0.333333333,1.666666667,1.5,15.33333333
New Jersey,34,39,34039,Union,18.16666667,8,1.166666667,118.4166667,145.75
New Jersey,34,41,34041,Warren,24.66666667,0.333333333,1.25,26.25,52.5
New York,36,1,36001,Albany,16.16666667,0.666666667,1.833333333,37.58333333,56.25
New York,36,3,36003,Allegany,7.25,0,0,0,7.25
New York,36,5,36005,Bronx,0.666666667,4,3.666666667,569.0833333,577.4166667
New York,36,7,36007,Broome,5.916666667,0,0,22.41666667,28.33333333
New York,36,9,36009,Cattaraugus,8.083333333,0.833333333,0,1.75,10.66666667
New York,36,11,36011,Cayuga,6.916666667,0.833333333,0.25,5.416666667,13.41666667
New York,36,13,36013,Chautauqua,10.58333333,0,0,0,10.58333333
New York,36,15,36015,Chemung,2.333333333,0,0,5.25,7.583333333
New York,36,17,36017,Chenango,4.583333333,0,0,8,12.58333333
New York,36,19,36019,Clinton,10.66666667,0,0,5.333333333,16
New York,36,21,36021,Columbia,11.16666667,0.166666667,0,0,11.33333333
New York,36,23,36023,Cortland,2.333333333,0.166666667,0.25,1,3.75
New York,36,25,36025,Delaware,5.5,0,0,0,5.5
New York,36,27,36027,Dutchess,26.66666667,3,1.833333333,20.16666667,51.66666667
New York,36,29,36029,Erie,50.91666667,1.166666667,4.666666667,46.91666667,103.6666667
New York,36,31,36031,Essex,12.66666667,0,0.25,5.25,18.16666667
New York,36,33,36033,Franklin,10.33333333,0,0,0,10.33333333
New York,36,35,36035,Fulton,5.166666667,0,0,4.166666667,9.333333333
New York,36,37,36037,Genesee,4.416666667,0.166666667,0,0,4.583333333
New York,36,39,36039,Greene,7.75,0,0.333333333,0,8.083333333
New York,36,41,36041,Hamilton,4.583333333,0,0,0,4.583333333
New York,36,43,36043,Herkimer,4.5,0,0,0,4.5
New York,36,45,36045,Jefferson,16.33333333,0,0,0,16.33333333
New York,36,47,36047,Kings,2.083333333,7.333333333,13.41666667,815.75,838.5833333
New York,36,49,36049,Lewis,9.166666667,0,0,0,9.166666667
New York,36,51,36051,Livingston,6.083333333,0,1.083333333,0,7.166666667
New York,36,53,36053,Madison,7.583333333,0,0,3.833333333,11.41666667
New York,36,55,36055,Monroe,39.41666667,1.666666667,7.083333333,49.25,97.41666667
New York,36,57,36057,Montgomery,3.5,0,0,14,17.5
New York,36,59,36059,Nassau,52.5,2.333333333,1.083333333,12.75,68.66666667
New York,36,61,36061,New York,0,0,0.333333333,371.9166667,372.25
New York,36,63,36063,Niagara,13.75,0.166666667,0,0,13.91666667
New York,36,65,36065,Oneida,11.33333333,0,0,5.666666667,17
New York,36,67,36067,Onondaga,27.33333333,2.666666667,0,21.33333333,51.33333333
New York,36,69,36069,Ontario,17.75,0.166666667,0,5.75,23.66666667
New York,36,71,36071,Orange,37.5,0,2.583333333,105.4166667,145.5
New York,36,73,36073,Orleans,2.333333333,0,0,0,2.333333333
New York,36,75,36075,Oswego,11.58333333,0.5,0,2.25,14.33333333
New York,36,77,36077,Otsego,10.25,0,0,0.833333333,11.08333333
New York,36,79,36079,Putnam,5.583333333,0,0,6.25,11.83333333
New York,36,81,36081,Queens,4.666666667,23.83333333,3.5,409.8333333,441.8333333
New York,36,83,36083,Rensselaer,12.66666667,0.333333333,2.083333333,18.66666667,33.75
New York,36,85,36085,Richmond,9,29.16666667,0,1.833333333,40
New York,36,87,36087,Rockland,7.583333333,4.333333333,4.583333333,19.25,35.75
New York,36,91,36091,Saratoga,61.08333333,1.5,0.25,31.5,94.33333333
New York,36,93,36093,Schenectady,6.5,0.5,1.333333333,4.5,12.83333333
New York,36,95,36095,Schoharie,2.916666667,0,0,0,2.916666667
New York,36,97,36097,Schuyler,4,0.333333333,0,0,4.333333333
New York,36,99,36099,Seneca,4,0,0,0,4
New York,36,89,36089,St. Lawrence,17.91666667,0,0,0,17.91666667
New York,36,101,36101,Steuben,13.25,1.333333333,1.75,0,16.33333333
New York,36,103,36103,Suffolk,95,0,0.833333333,18,113.8333333
New York,36,105,36105,Sullivan,48.16666667,12.5,0.5,0.416666667,61.58333333
New York,36,107,36107,Tioga,6.166666667,0,0,5.416666667,11.58333333
New York,36,109,36109,Tompkins,13,1,0.5,17.33333333,31.83333333
New York,36,111,36111,Ulster,23.75,0.5,0.25,14.16666667,38.66666667
New York,36,113,36113,Warren,10.83333333,0.833333333,0,3.333333333,15
New York,36,115,36115,Washington,8.833333333,0,0,0,8.833333333
New York,36,117,36117,Wayne,13,0.5,0.583333333,7.5,21.58333333
New York,36,119,36119,Westchester,23.41666667,1.5,0.5,54.08333333,79.5
New York,36,121,36121,Wyoming,6.916666667,0,0,0,6.916666667
New York,36,123,36123,Yates,6.25,0,2,0.666666667,8.916666667
North Carolina,37,1,37001,Alamance,166.5833333,1.166666667,4.166666667,33.58333333,205.5
North Carolina,37,3,37003,Alexander,9.416666667,0,0,0,9.416666667
North Carolina,37,5,37005,Alleghany,7.583333333,0,0,0,7.583333333
North Carolina,37,7,37007,Anson,4.583333333,0,0,0,4.583333333
North Carolina,37,9,37009,Ashe,15.83333333,0,0,0,15.83333333
North Carolina,37,11,37011,Avery,7.916666667,0,0,0,7.916666667
North Carolina,37,13,37013,Beaufort,18,0,0,0,18
North Carolina,37,15,37015,Bertie,3.833333333,0,0,0,3.833333333
North Carolina,37,17,37017,Bladen,13.25,0,0,0,13.25
North Carolina,37,19,37019,Brunswick,426.5,0,0.333333333,82.5,509.3333333
North Carolina,37,21,37021,Buncombe,120.6666667,0.166666667,0,154.5833333,275.4166667
North Carolina,37,23,37023,Burke,26.83333333,0.5,0,7.833333333,35.16666667
North Carolina,37,25,37025,Cabarrus,147.3333333,3.333333333,0,56.41666667,207.0833333
North Carolina,37,27,37027,Caldwell,18.08333333,0,0,0,18.08333333
North Carolina,37,29,37029,Camden,8.75,0,0,0,8.75
North Carolina,37,31,37031,Carteret,46.58333333,1.333333333,0,30,77.91666667
North Carolina,37,33,37033,Caswell,4.5,0,0,0,4.5
North Carolina,37,35,37035,Catawba,137.5833333,8.166666667,1,21.25,168
North Carolina,37,37,37037,Chatham,38.16666667,0,0,0,38.16666667
North Carolina,37,39,37039,Cherokee,19.33333333,0,0,0,19.33333333
North Carolina,37,41,37041,Chowan,4,0,0,0,4
North Carolina,37,43,37043,Clay,11.41666667,0,0,0.5,11.91666667
North Carolina,37,45,37045,Cleveland,34.25,1,0,3.166666667,38.41666667
North Carolina,37,47,37047,Columbus,2,0,0,0,2
North Carolina,37,49,37049,Craven,38.83333333,0.166666667,1,0.416666667,40.41666667
North Carolina,37,51,37051,Cumberland,84.41666667,0,0.666666667,8.666666667,93.75
North Carolina,37,53,37053,Currituck,35.75,0,0,0,35.75
North Carolina,37,55,37055,Dare,30.91666667,0,0,0,30.91666667
North Carolina,37,57,37057,Davidson,76.66666667,1.333333333,0,4.5,82.5
North Carolina,37,59,37059,Davie,15.41666667,0,0,5.416666667,20.83333333
North Carolina,37,61,37061,Duplin,10,1.166666667,0,0,11.16666667
North Carolina,37,63,37063,Durham,159.3333333,2.666666667,0.5,79.58333333,242.0833333
North Carolina,37,65,37065,Edgecombe,3.75,0,0,0.416666667,4.166666667
North Carolina,37,67,37067,Forsyth,211.4166667,5.333333333,3.083333333,108,327.8333333
North Carolina,37,69,37069,Franklin,79,0,0,0,79
North Carolina,37,71,37071,Gaston,160.25,0.333333333,0,11.83333333,172.4166667
North Carolina,37,73,37073,Gates,1.166666667,0,0,0,1.166666667
North Carolina,37,75,37075,Graham,2.583333333,0,0,0,2.583333333
North Carolina,37,77,37077,Granville,25.66666667,0,0,10,35.66666667
North Carolina,37,79,37079,Greene,4.333333333,0,0,0,4.333333333
North Carolina,37,81,37081,Guilford,120,0.5,0,199.75,320.25
North Carolina,37,83,37083,Halifax,4.583333333,0,0,0,4.583333333
North Carolina,37,85,37085,Harnett,172.3333333,0,0,1,173.3333333
North Carolina,37,87,37087,Haywood,31.08333333,1.166666667,0,12.5,44.75
North Carolina,37,89,37089,Henderson,81.33333333,0,0,46.5,127.8333333
North Carolina,37,91,37091,Hertford,0.416666667,0,0,0,0.416666667
North Carolina,37,93,37093,Hoke,56.75,0.333333333,0,0,57.08333333
North Carolina,37,95,37095,Hyde,0.916666667,0.166666667,0,0.833333333,1.916666667
North Carolina,37,97,37097,Iredell,152.25,0,0,10.66666667,162.9166667
North Carolina,37,99,37099,Jackson,21.16666667,0,0,0,21.16666667
North Carolina,37,101,37101,Johnston,231.25,0.166666667,0,0.5,231.9166667
North Carolina,37,103,37103,Jones,3.25,0,0,0,3.25
North Carolina,37,105,37105,Lee,50.16666667,0,0,0,50.16666667
North Carolina,37,107,37107,Lenoir,12.33333333,0,0,0,12.33333333
North Carolina,37,109,37109,Lincoln,58.08333333,0,0,0,58.08333333
North Carolina,37,113,37113,Macon,18.16666667,0,0,0,18.16666667
North Carolina,37,115,37115,Madison,16.66666667,0,0.333333333,0.416666667,17.41666667
North Carolina,37,117,37117,Martin,0,0,0,0,0
North Carolina,37,111,37111,McDowell,14.58333333,0,0,0,14.58333333
North Carolina,37,119,37119,Mecklenburg,541.3333333,8,0,448.0833333,997.4166667
North Carolina,37,121,37121,Mitchell,3.666666667,0,0,0,3.666666667
North Carolina,37,123,37123,Montgomery,11.5,0,0,0,11.5
North Carolina,37,125,37125,Moore,78.41666667,0,0,0,78.41666667
North Carolina,37,127,37127,Nash,41.66666667,0,0,0,41.66666667
North Carolina,37,129,37129,New Hanover,108,3.833333333,4.5,98.75,215.0833333
North Carolina,37,131,37131,Northampton,1.416666667,0,0,0,1.416666667
North Carolina,37,133,37133,Onslow,101.0833333,2.5,0.25,0,103.8333333
North Carolina,37,135,37135,Orange,27.08333333,1,0.333333333,2.833333333,31.25
North Carolina,37,137,37137,Pamlico,8.916666667,0,0,0,8.916666667
North Carolina,37,139,37139,Pasquotank,12.75,0,0,0,12.75
North Carolina,37,141,37141,Pender,72.25,3.333333333,3,0,78.58333333
North Carolina,37,143,37143,Perquimans,3.833333333,0,0,0,3.833333333
North Carolina,37,145,37145,Person,9.416666667,0,0,0,9.416666667
North Carolina,37,147,37147,Pitt,88.25,1.833333333,1.25,17,108.3333333
North Carolina,37,149,37149,Polk,11.91666667,0,0,0,11.91666667
North Carolina,37,151,37151,Randolph,46.08333333,5.666666667,0,14,65.75
North Carolina,37,153,37153,Richmond,4.333333333,0.166666667,0,0,4.5
North Carolina,37,155,37155,Robeson,27.91666667,0.166666667,0,0,28.08333333
North Carolina,37,157,37157,Rockingham,28.66666667,0,0,0,28.66666667
North Carolina,37,159,37159,Rowan,48.75,0.166666667,0,0.416666667,49.33333333
North Carolina,37,161,37161,Rutherford,15.91666667,0.166666667,0,0,16.08333333
North Carolina,37,163,37163,Sampson,15.75,0,0,0,15.75
North Carolina,37,165,37165,Scotland,5.833333333,0,0,0,5.833333333
North Carolina,37,167,37167,Stanly,30.58333333,0,0,0,30.58333333
North Carolina,37,169,37169,Stokes,19.16666667,0,0,0,19.16666667
North Carolina,37,171,37171,Surry,20.08333333,0.166666667,0,0,20.25
North Carolina,37,173,37173,Swain,6.083333333,0.333333333,0,0,6.416666667
North Carolina,37,175,37175,Transylvania,17.25,0,0,0.833333333,18.08333333
North Carolina,37,177,37177,Tyrrell,0.916666667,0,0,0,0.916666667
North Carolina,37,179,37179,Union,180.5833333,0,0,14,194.5833333
North Carolina,37,181,37181,Vance,6.083333333,0,0,0,6.083333333
North Carolina,37,183,37183,Wake,801.75,4.666666667,0.333333333,464,1270.75
North Carolina,37,185,37185,Warren,21.25,0,0,0,21.25
North Carolina,37,187,37187,Washington,0.166666667,0,0,0,0.166666667
North Carolina,37,189,37189,Watauga,22.33333333,0.666666667,0,1.666666667,24.66666667
North Carolina,37,191,37191,Wayne,48.58333333,1.333333333,0.5,0,50.41666667
North Carolina,37,193,37193,Wilkes,11.16666667,0,0,0,11.16666667
North Carolina,37,195,37195,Wilson,33.16666667,1.166666667,0,14,48.33333333
North Carolina,37,197,37197,Yadkin,11,0,0,0,11
North Carolina,37,199,37199,Yancey,8.333333333,0,0,0,8.333333333
Pennsylvania,42,1,42001,Adams,33.58333333,0,0,0,33.58333333
Pennsylvania,42,3,42003,Allegheny,114.9166667,0.833333333,1.583333333,132.3333333,249.6666667
Pennsylvania,42,5,42005,Armstrong,3.166666667,0,0,1.666666667,4.833333333
Pennsylvania,42,7,42007,Beaver,15.58333333,0.166666667,0.25,6.666666667,22.66666667
Pennsylvania,42,9,42009,Bedford,4.5,0,0,0,4.5
Pennsylvania,42,11,42011,Berks,18.25,0.666666667,0.333333333,2.25,21.5
Pennsylvania,42,13,42013,Blair,6,0,2.25,0,8.25
Pennsylvania,42,15,42015,Bradford,5.5,0,0,0,5.5
Pennsylvania,42,17,42017,Bucks,44.25,1.833333333,0.333333333,8.833333333,55.25
Pennsylvania,42,19,42019,Butler,80.75,1.166666667,0.333333333,0,82.25
Pennsylvania,42,21,42021,Cambria,5.083333333,0,0.25,0,5.333333333
Pennsylvania,42,23,42023,Cameron,0,0,0,0,0
Pennsylvania,42,25,42025,Carbon,14.16666667,0,0,0.833333333,15
Pennsylvania,42,27,42027,Centre,24.66666667,2.333333333,2.583333333,3.666666667,33.25
Pennsylvania,42,29,42029,Chester,94.33333333,1,1.25,29.5,126.0833333
Pennsylvania,42,31,42031,Clarion,2.083333333,0,0,0,2.083333333
Pennsylvania,42,33,42033,Clearfield,7.416666667,0,0,0.833333333,8.25
Pennsylvania,42,35,42035,Clinton,3.666666667,0,0,0,3.666666667
Pennsylvania,42,37,42037,Columbia,6.833333333,0,0,0,6.833333333
Pennsylvania,42,39,42039,Crawford,6.916666667,0,0,0,6.916666667
Pennsylvania,42,41,42041,Cumberland,60.75,0.833333333,0.25,25.83333333,87.66666667
Pennsylvania,42,43,42043,Dauphin,24.16666667,0.833333333,3.833333333,16.16666667,45
Pennsylvania,42,45,42045,Delaware,23.75,0.166666667,0.583333333,0.416666667,24.91666667
Pennsylvania,42,47,42047,Elk,4.083333333,0.333333333,0,0,4.416666667
Pennsylvania,42,49,42049,Erie,14.5,0.166666667,0,15.66666667,30.33333333
Pennsylvania,42,51,42051,Fayette,15.91666667,0,0,0.833333333,16.75
Pennsylvania,42,53,42053,Forest,0.5,0,0,0,0.5
Pennsylvania,42,55,42055,Franklin,40.91666667,2.5,0,9.333333333,52.75
Pennsylvania,42,57,42057,Fulton,1.5,0,0,0,1.5
Pennsylvania,42,59,42059,Greene,2.5,0,0,0,2.5
Pennsylvania,42,61,42061,Huntingdon,5.833333333,0,0,0,5.833333333
Pennsylvania,42,63,42063,Indiana,3.666666667,0,0,0,3.666666667
Pennsylvania,42,65,42065,Jefferson,3.416666667,0,0,0,3.416666667
Pennsylvania,42,67,42067,Juniata,3.833333333,0,0,0,3.833333333
Pennsylvania,42,69,42069,Lackawanna,17.75,2.5,0.666666667,0,20.91666667
Pennsylvania,42,71,42071,Lancaster,70.41666667,1.333333333,2.583333333,16.75,91.08333333
Pennsylvania,42,73,42073,Lawrence,4.25,0,0,0,4.25
Pennsylvania,42,75,42075,Lebanon,23.08333333,0.166666667,0,3,26.25
Pennsylvania,42,77,42077,Lehigh,39.08333333,0.166666667,0.666666667,23.83333333,63.75
Pennsylvania,42,79,42079,Luzerne,27.08333333,0,0.666666667,1.333333333,29.08333333
Pennsylvania,42,81,42081,Lycoming,4.833333333,0,0,1.25,6.083333333
Pennsylvania,42,83,42083,McKean,2.416666667,0,0,0,2.416666667
Pennsylvania,42,85,42085,Mercer,5.166666667,0,0,0,5.166666667
Pennsylvania,42,87,42087,Mifflin,4.833333333,0,0,0,4.833333333
Pennsylvania,42,89,42089,Monroe,18.83333333,0,0,4.333333333,23.16666667
Pennsylvania,42,91,42091,Montgomery,114.3333333,0,2.833333333,44.16666667,161.3333333
Pennsylvania,42,93,42093,Montour,2.25,0,0,0,2.25
Pennsylvania,42,95,42095,Northampton,32.5,1.666666667,0.5,12.58333333,47.25
Pennsylvania,42,97,42097,Northumberland,5.916666667,0.833333333,0,0,6.75
Pennsylvania,42,99,42099,Perry,8.916666667,0,0,0,8.916666667
Pennsylvania,42,101,42101,Philadelphia,44.91666667,20,27.91666667,154,246.8333333
Pennsylvania,42,103,42103,Pike,17.75,0,0,0,17.75
Pennsylvania,42,105,42105,Potter,2,0,0,0,2
Pennsylvania,42,107,42107,Schuylkill,14.08333333,0,0,0,14.08333333
Pennsylvania,42,109,42109,Snyder,4,0,0,0,4
Pennsylvania,42,111,42111,Somerset,6.5,0,0,0,6.5
Pennsylvania,42,113,42113,Sullivan,1,0,0,0,1
Pennsylvania,42,115,42115,Susquehanna,6.083333333,0.166666667,0,0.416666667,6.666666667
Pennsylvania,42,117,42117,Tioga,2.666666667,0,0,0,2.666666667
Pennsylvania,42,119,42119,Union,3.583333333,0.5,0,0,4.083333333
Pennsylvania,42,121,42121,Venango,3.5,0,0,0,3.5
Pennsylvania,42,123,42123,Warren,1.916666667,0,0,2.5,4.416666667
Pennsylvania,42,125,42125,Washington,35.83333333,0,2.416666667,2.5,40.75
Pennsylvania,42,127,42127,Wayne,14.75,0,0,0,14.75
Pennsylvania,42,129,42129,Westmoreland,30.25,0.333333333,3.166666667,0.833333333,34.58333333
Pennsylvania,42,131,42131,Wyoming,2.25,0,0.5,0,2.75
Pennsylvania,42,133,42133,York,79.41666667,2.166666667,0.916666667,28.16666667,110.6666667
Rhode Island,44,1,44001,Bristol,2.416666667,0,0,0,2.416666667
Rhode Island,44,3,44003,Kent,11.5,7,0.75,20,39.25
Rhode Island,44,5,44005,Newport,7.833333333,0,0,0,7.833333333
Rhode Island,44,7,44007,Providence,26.5,16.5,2.583333333,19.08333333,64.66666667
Rhode Island,44,9,44009,Washington,19.25,2.166666667,0.75,3.75,25.91666667
South Carolina,45,1,45001,Abbeville,12.08333333,0,0,0,12.08333333
South Carolina,45,3,45003,Aiken,122.5833333,0.5,0,85.25,208.3333333
South Carolina,45,5,45005,Allendale,0.666666667,0,0,0,0.666666667
South Carolina,45,7,45007,Anderson,90.58333333,14,0,0,104.5833333
South Carolina,45,9,45009,Bamberg,0.916666667,0,0,0,0.916666667
South Carolina,45,11,45011,Barnwell,1.5,0,0,0,1.5
South Carolina,45,13,45013,Beaufort,100.5,0,0,51.5,152
South Carolina,45,15,45015,Berkeley,216.9166667,0,0,48.33333333,265.25
South Carolina,45,17,45017,Calhoun,4,0,0,0,4
South Carolina,45,19,45019,Charleston,254.5833333,5.166666667,15.16666667,71.41666667,346.3333333
South Carolina,45,21,45021,Cherokee,16.5,0.166666667,0,0,16.66666667
South Carolina,45,23,45023,Chester,22.41666667,0,0,0,22.41666667
South Carolina,45,25,45025,Chesterfield,11.08333333,0.166666667,0,0.833333333,12.08333333
South Carolina,45,27,45027,Clarendon,9.5,0,0,0,9.5
South Carolina,45,29,45029,Colleton,4.166666667,0,0,0,4.166666667
South Carolina,45,31,45031,Darlington,15.08333333,0.666666667,0.5,0,16.25
South Carolina,45,33,45033,Dillon,3.416666667,0,0,0,3.416666667
South Carolina,45,35,45035,Dorchester,99.91666667,0,0,0,99.91666667
South Carolina,45,37,45037,Edgefield,14.75,0,0.333333333,0,15.08333333
South Carolina,45,39,45039,Fairfield,7.583333333,0,0,0,7.583333333
South Carolina,45,41,45041,Florence,47.58333333,0.833333333,3,3.333333333,54.75
South Carolina,45,43,45043,Georgetown,26.91666667,0,0,0,26.91666667
South Carolina,45,45,45045,Greenville,417.75,1.333333333,0,47.16666667,466.25
South Carolina,45,47,45047,Greenwood,16.08333333,0,0,0,16.08333333
South Carolina,45,49,45049,Hampton,1.083333333,0,0,0,1.083333333
South Carolina,45,51,45051,Horry,608.5,0.333333333,0.25,5,614.0833333
South Carolina,45,53,45053,Jasper,115.4166667,0,0,0,115.4166667
South Carolina,45,55,45055,Kershaw,31.66666667,3.666666667,5.583333333,0,40.91666667
South Carolina,45,57,45057,Lancaster,81.33333333,0,0,0,81.33333333
South Carolina,45,59,45059,Laurens,51.75,0,0,0,51.75
South Carolina,45,61,45061,Lee,1.5,0,0,0,1.5
South Carolina,45,63,45063,Lexington,142.5,0.166666667,0,0,142.6666667
South Carolina,45,67,45067,Marion,6.333333333,0,0,0,6.333333333
South Carolina,45,69,45069,Marlboro,0.5,0,0,0,0.5
South Carolina,45,65,45065,McCormick,11.75,0,0,0,11.75
South Carolina,45,71,45071,Newberry,12.91666667,0,0,0,12.91666667
South Carolina,45,73,45073,Oconee,50.66666667,0,0,3.333333333,54
South Carolina,45,75,45075,Orangeburg,7.25,0,0,0,7.25
South Carolina,45,77,45077,Pickens,94.66666667,2.333333333,2.583333333,20.41666667,120
South Carolina,45,79,45079,Richland,179.75,2,16.25,91.33333333,289.3333333
South Carolina,45,81,45081,Saluda,4.333333333,0,0,0,4.333333333
South Carolina,45,83,45083,Spartanburg,257.4166667,0,0,3.333333333,260.75
South Carolina,45,85,45085,Sumter,28.66666667,3.5,0,0,32.16666667
South Carolina,45,87,45087,Union,4.75,0,0,0,4.75
South Carolina,45,89,45089,Williamsburg,2.916666667,0,0,0,2.916666667
South Carolina,45,91,45091,York,182.3333333,0,1,29.16666667,212.5
Texas,48,1,48001,Anderson,1.666666667,0.5,0.25,0,2.416666667
Texas,48,3,48003,Andrews,2,0,0,4,6
Texas,48,5,48005,Angelina,8.166666667,1.833333333,0,0,10
Texas,48,7,48007,Aransas,17,0,0,0,17
Texas,48,9,48009,Archer,1.916666667,0.166666667,0,0,2.083333333
Texas,48,11,48011,Armstrong,0,0,0,0,0
Texas,48,13,48013,Atascosa,18.66666667,0,0,0,18.66666667
Texas,48,15,48015,Austin,34.16666667,0,0,0,34.16666667
Texas,48,17,48017,Bailey,0.083333333,0,0,0,0.083333333
Texas,48,19,48019,Bandera,0.333333333,0.166666667,0,0,0.5
Texas,48,21,48021,Bastrop,118.25,22.66666667,0,12.5,153.4166667
Texas,48,23,48023,Baylor,,,,,
Texas,48,25,48025,Bee,1.25,0,0,0,1.25
Texas,48,27,48027,Bell,218.1666667,29.5,0.333333333,20.5,268.5
Texas,48,29,48029,Bexar,481.1666667,0.166666667,2.166666667,208.8333333,692.3333333
Texas,48,31,48031,Blanco,0.833333333,0,0,0,0.833333333
Texas,48,33,48033,Borden,,,,,
Texas,48,35,48035,Bosque,1.25,0,0,0,1.25
Texas,48,37,48037,Bowie,4.583333333,4.333333333,2.083333333,0.416666667,11.41666667
Texas,48,39,48039,Brazoria,280.1666667,0.166666667,0.25,49.41666667,330
Texas,48,41,48041,Brazos,114.8333333,3.333333333,2.083333333,64,184.25
Texas,48,43,48043,Brewster,0.583333333,0,0,0,0.583333333
Texas,48,45,48045,Briscoe,,,,,
Texas,48,47,48047,Brooks,0,0,0,0,0
Texas,48,49,48049,Brown,11.5,0.333333333,0,0,11.83333333
Texas,48,51,48051,Burleson,3.5,0.166666667,0,0,3.666666667
Texas,48,53,48053,Burnet,67.91666667,0,0,6.333333333,74.25
Texas,48,55,48055,Caldwell,42.91666667,0.666666667,0,0.5,44.08333333
Texas,48,57,48057,Calhoun,7.916666667,0,0,0,7.916666667
Texas,48,59,48059,Callahan,0.916666667,0,0,0,0.916666667
Texas,48,61,48061,Cameron,138.25,9.666666667,4,41.91666667,193.8333333
Texas,48,63,48063,Camp,0.25,0,0,0,0.25
Texas,48,65,48065,Carson,3.25,0,0,0,3.25
Texas,48,67,48067,Cass,1,0,0,0,1
Texas,48,69,48069,Castro,0,0,0,0,0
Texas,48,71,48071,Chambers,52.41666667,0,0,0,52.41666667
Texas,48,73,48073,Cherokee,3.25,0,0,0,3.25
Texas,48,75,48075,Childress,0,0,0,0,0
Texas,48,77,48077,Clay,0.416666667,0.666666667,0,0,1.083333333
Texas,48,79,48079,Cochran,0,0,0,0,0
Texas,48,81,48081,Coke,0.25,0,0,0,0.25
Texas,48,83,48083,Coleman,0.416666667,0,0,0,0.416666667
Texas,48,85,48085,Collin,1253.916667,6.333333333,6.916666667,332.3333333,1599.5
Texas,48,87,48087,Collingsworth,0,0,0,0,0
Texas,48,89,48089,Colorado,2.416666667,0,0,0,2.416666667
Texas,48,91,48091,Comal,187.75,0,0.25,97,285
Texas,48,93,48093,Comanche,0.333333333,0,0,0,0.333333333
Texas,48,95,48095,Concho,0,0,0,0.833333333,0.833333333
Texas,48,97,48097,Cooke,14.83333333,0.333333333,0.666666667,0,15.83333333
Texas,48,99,48099,Coryell,24.33333333,7.833333333,0,0,32.16666667
Texas,48,101,48101,Cottle,0,0,0,0,0
Texas,48,103,48103,Crane,0.166666667,0,0,0,0.166666667
Texas,48,105,48105,Crockett,,,,,
Texas,48,107,48107,Crosby,0,0,0,0,0
Texas,48,109,48109,Culberson,0.75,1.333333333,0,0,2.083333333
Texas,48,111,48111,Dallam,0.666666667,0,0,0,0.666666667
Texas,48,113,48113,Dallas,459.6666667,15.33333333,4,569.0833333,1048.083333
Texas,48,115,48115,Dawson,0.083333333,0,0,0,0.083333333
Texas,48,123,48123,DeWitt,0.75,0,0,0,0.75
Texas,48,117,48117,Deaf Smith,1.416666667,0.5,0,0,1.916666667
Texas,48,119,48119,Delta,0.583333333,0,0,0,0.583333333
Texas,48,121,48121,Denton,616.6666667,25.16666667,9.666666667,226.0833333,877.5833333
Texas,48,125,48125,Dickens,,,,,
Texas,48,127,48127,Dimmit,0.333333333,0,0,0,0.333333333
Texas,48,129,48129,Donley,0.083333333,0,0,0,0.083333333
Texas,48,131,48131,Duval,,,,,
Texas,48,133,48133,Eastland,0.833333333,0,0,0,0.833333333
Texas,48,135,48135,Ector,83.66666667,0,0,0,83.66666667
Texas,48,137,48137,Edwards,,,,,
Texas,48,141,48141,El Paso,162.75,5.166666667,3.166666667,11.91666667,183
Texas,48,139,48139,Ellis,241.5,3,5.166666667,1.666666667,251.3333333
Texas,48,143,48143,Erath,2.25,1,0.833333333,5.083333333,9.166666667
Texas,48,145,48145,Falls,0.333333333,0,0,0,0.333333333
Texas,48,147,48147,Fannin,5.333333333,1.166666667,0.333333333,0,6.833333333
Texas,48,149,48149,Fayette,1.583333333,0.333333333,0,0,1.916666667
Texas,48,151,48151,Fisher,,,,,
Texas,48,153,48153,Floyd,0,0,0,0,0
Texas,48,155,48155,Foard,,,,,
Texas,48,157,48157,Fort Bend,939.6666667,0.166666667,0,67.91666667,1007.75
Texas,48,159,48159,Franklin,0.583333333,0,0,0,0.583333333
Texas,48,161,48161,Freestone,0.166666667,0,0,0,0.166666667
Texas,48,163,48163,Frio,1,0,0,0,1
Texas,48,165,48165,Gaines,1.583333333,0,0,0,1.583333333
Texas,48,167,48167,Galveston,271.5,0,0,0,271.5
Texas,48,169,48169,Garza,0.416666667,0,0,0,0.416666667
Texas,48,171,48171,Gillespie,4.333333333,0,0,0,4.333333333
Texas,48,173,48173,Glasscock,,,,,
Texas,48,175,48175,Goliad,0.833333333,0,0,0,0.833333333
Texas,48,177,48177,Gonzales,0.916666667,0,0,0,0.916666667
Texas,48,179,48179,Gray,0.583333333,0,0,0,0.583333333
Texas,48,181,48181,Grayson,124.3333333,2.5,0,62.5,189.3333333
Texas,48,183,48183,Gregg,13.91666667,2.166666667,0,0,16.08333333
Texas,48,185,48185,Grimes,9.166666667,0,0,0,9.166666667
Texas,48,187,48187,Guadalupe,158.9166667,2,0,11.08333333,172
Texas,48,189,48189,Hale,1.083333333,0,0,0,1.083333333
Texas,48,191,48191,Hall,0,0,0,0,0
Texas,48,193,48193,Hamilton,1.333333333,0.666666667,0,0,2
Texas,48,195,48195,Hansford,0,0,0,0,0
Texas,48,197,48197,Hardeman,0,0,0,0,0
Texas,48,199,48199,Hardin,29.83333333,0,0,0,29.83333333
Texas,48,201,48201,Harris,1672.416667,93.83333333,5.583333333,718.4166667,2490.25
Texas,48,203,48203,Harrison,4.666666667,0.5,0.666666667,1.25,7.083333333
Texas,48,205,48205,Hartley,,,,,
Texas,48,207,48207,Haskell,0,0,0,0,0
Texas,48,209,48209,Hays,313.5833333,1.333333333,2.25,122,439.1666667
Texas,48,211,48211,Hemphill,0,0,0,0,0
Texas,48,213,48213,Henderson,20.58333333,1.333333333,0,0,21.91666667
Texas,48,215,48215,Hidalgo,365.9166667,62.66666667,132.8333333,53.41666667,614.8333333
Texas,48,217,48217,Hill,5.416666667,0,0,0,5.416666667
Texas,48,219,48219,Hockley,0.583333333,0,0,0,0.583333333
Texas,48,221,48221,Hood,10.41666667,0,0,0,10.41666667
Texas,48,223,48223,Hopkins,5.5,0,0,0,5.5
Texas,48,225,48225,Houston,0.25,0,0,0,0.25
Texas,48,227,48227,Howard,5.166666667,0.166666667,0,0.416666667,5.75
Texas,48,229,48229,Hudspeth,,,,,
Texas,48,231,48231,Hunt,63.16666667,0.333333333,0,43.91666667,107.4166667
Texas,48,233,48233,Hutchinson,0.166666667,0,0,0,0.166666667
Texas,48,235,48235,Irion,,,,,
Texas,48,237,48237,Jack,0.833333333,0,0,0,0.833333333
Texas,48,239,48239,Jackson,0,0,0,0,0
Texas,48,241,48241,Jasper,2.5,0,1.25,0,3.75
Texas,48,243,48243,Jeff Davis,,,,,
Texas,48,245,48245,Jefferson,27.91666667,0.666666667,0,0,28.58333333
Texas,48,247,48247,Jim Hogg,,,,,
Texas,48,249,48249,Jim Wells,0.5,0,0,0,0.5
Texas,48,251,48251,Johnson,162.3333333,2.166666667,8.5,6.333333333,179.3333333
Texas,48,253,48253,Jones,0.083333333,0,0,0,0.083333333
Texas,48,255,48255,Karnes,6.5,0,0,0,6.5
Texas,48,257,48257,Kaufman,129.9166667,0,0.666666667,15,145.5833333
Texas,48,259,48259,Kendall,43.08333333,0,0,0,43.08333333
Texas,48,261,48261,Kenedy,,,,,
Texas,48,263,48263,Kent,,,,,
Texas,48,265,48265,Kerr,8.166666667,0.166666667,0,26.83333333,35.16666667
Texas,48,267,48267,Kimble,0,0,0,0,0
Texas,48,269,48269,King,,,,,
Texas,48,271,48271,Kinney,0.166666667,0,0,0,0.166666667
Texas,48,273,48273,Kleberg,2,0,0,0,2
Texas,48,275,48275,Knox,,,,,
Texas,48,283,48283,La Salle,0,0.666666667,0,0,0.666666667
Texas,48,277,48277,Lamar,2.666666667,1.333333333,0,5.916666667,9.916666667
Texas,48,279,48279,Lamb,0,0,0,0,0
Texas,48,281,48281,Lampasas,1.5,0,0,0,1.5
Texas,48,285,48285,Lavaca,0.75,0,0,0,0.75
Texas,48,287,48287,Lee,1.5,0,0,0,1.5
Texas,48,289,48289,Leon,0,0,0,0,0
Texas,48,291,48291,Liberty,109.9166667,0.166666667,0,0,110.0833333
Texas,48,293,48293,Limestone,1.416666667,0,0,0,1.416666667
Texas,48,295,48295,Lipscomb,0,0,0,0,0
Texas,48,297,48297,Live Oak,1,0,0,0,1
Texas,48,299,48299,Llano,9.75,0,0.333333333,0,10.08333333
Texas,48,301,48301,Loving,,,,,
Texas,48,303,48303,Lubbock,160.0833333,3.833333333,0,21,184.9166667
Texas,48,305,48305,Lynn,0,0,0,0,0
Texas,48,313,48313,Madison,0.083333333,0,0,0,0.083333333
Texas,48,315,48315,Marion,0.5,0.166666667,0,0,0.666666667
Texas,48,317,48317,Martin,0.083333333,0,0.333333333,0,0.416666667
Texas,48,319,48319,Mason,0.333333333,0,0,0,0.333333333
Texas,48,321,48321,Matagorda,12.75,0,0,0,12.75
Texas,48,323,48323,Maverick,5,0.5,0,0,5.5
Texas,48,307,48307,McCulloch,0.166666667,0,0,0,0.166666667
Texas,48,309,48309,McLennan,60,7.833333333,0,16.66666667,84.5
Texas,48,311,48311,McMullen,,,,,
Texas,48,325,48325,Medina,8.5,0,0,0,8.5
Texas,48,327,48327,Menard,,,,,
Texas,48,329,48329,Midland,125.3333333,0,0,0,125.3333333
Texas,48,331,48331,Milam,6.416666667,0,0,0,6.416666667
Texas,48,333,48333,Mills,,,,,
Texas,48,335,48335,Mitchell,0,0,0,0,0
Texas,48,337,48337,Montague,1.916666667,0,0,0,1.916666667
Texas,48,339,48339,Montgomery,966.5833333,11,10.5,116.8333333,1104.916667
Texas,48,341,48341,Moore,2.083333333,0.166666667,0,0,2.25
Texas,48,343,48343,Morris,0.25,0,0,0,0.25
Texas,48,345,48345,Motley,,,,,
Texas,48,347,48347,Nacogdoches,2.916666667,0,0,0,2.916666667
Texas,48,349,48349,Navarro,42.58333333,0.666666667,0.25,0,43.5
Texas,48,351,48351,Newton,,,,,
Texas,48,353,48353,Nolan,1.25,0,0,0,1.25
Texas,48,355,48355,Nueces,111.3333333,0.666666667,0.5,3.916666667,116.4166667
Texas,48,357,48357,Ochiltree,0.333333333,0,0,0,0.333333333
Texas,48,359,48359,Oldham,0,0,0,0,0
Texas,48,361,48361,Orange,13.58333333,1.166666667,0.666666667,4.166666667,19.58333333
Texas,48,363,48363,Palo Pinto,2.25,0,0,0,2.25
Texas,48,365,48365,Panola,0.5,0,0,0,0.5
Texas,48,367,48367,Parker,36.41666667,0,0,0,36.41666667
Texas,48,369,48369,Parmer,0.333333333,0,0,0,0.333333333
Texas,48,371,48371,Pecos,0.416666667,0,0,0.416666667,0.833333333
Texas,48,373,48373,Polk,63.75,0.333333333,0,0,64.08333333
Texas,48,375,48375,Potter,46.83333333,0.166666667,0,54.16666667,101.1666667
Texas,48,377,48377,Presidio,1.916666667,0,0,0,1.916666667
Texas,48,379,48379,Rains,1.75,0,0,0,1.75
Texas,48,381,48381,Randall,3.25,0,0.5,0,3.75
Texas,48,383,48383,Reagan,0.5,0,0,0,0.5
Texas,48,385,48385,Real,0,0,0,0,0
Texas,48,387,48387,Red River,1.166666667,0,0,0,1.166666667
Texas,48,389,48389,Reeves,1.833333333,0,0,0,1.833333333
Texas,48,391,48391,Refugio,2,0,0,0,2
Texas,48,393,48393,Roberts,,,,,
Texas,48,395,48395,Robertson,,,,,
Texas,48,397,48397,Rockwall,150.8333333,0,0,0,150.8333333
Texas,48,399,48399,Runnels,0.166666667,0,0,0,0.166666667
Texas,48,401,48401,Rusk,0.333333333,0,0,0,0.333333333
Texas,48,403,48403,Sabine,0,0,0,0,0
Texas,48,405,48405,San Augustine,0.166666667,0,0,0,0.166666667
Texas,48,407,48407,San Jacinto,47.91666667,0,0,0,47.91666667
Texas,48,409,48409,San Patricio,28.66666667,0,0,0,28.66666667
Texas,48,411,48411,San Saba,0,0,0,0,0
Texas,48,413,48413,Schleicher,0.166666667,0,0,0,0.166666667
Texas,48,415,48415,Scurry,2.666666667,0,0,0,2.666666667
Texas,48,417,48417,Shackelford,,,,,
Texas,48,419,48419,Shelby,0.083333333,0,0,0,0.083333333
Texas,48,421,48421,Sherman,1.416666667,0,0,0,1.416666667
Texas,48,423,48423,Smith,37.58333333,4.833333333,3.416666667,3.75,49.58333333
Texas,48,425,48425,Somervell,1.75,1,0,0.833333333,3.583333333
Texas,48,427,48427,Starr,0,0,0,0,0
Texas,48,429,48429,Stephens,0.166666667,0,0,0,0.166666667
Texas,48,431,48431,Sterling,,,,,
Texas,48,433,48433,Stonewall,,,,,
Texas,48,435,48435,Sutton,0,0,0,0,0
Texas,48,437,48437,Swisher,0,0,0,0,0
Texas,48,439,48439,Tarrant,788.1666667,72.33333333,23,694.6666667,1578.166667
Texas,48,441,48441,Taylor,34.33333333,8,0,0,42.33333333
Texas,48,443,48443,Terrell,,,,,
Texas,48,445,48445,Terry,0.166666667,0,0,0,0.166666667
Texas,48,447,48447,Throckmorton,,,,,
Texas,48,449,48449,Titus,2.916666667,0.166666667,0,0.833333333,3.916666667
Texas,48,451,48451,Tom Green,19.25,0.166666667,0,0,19.41666667
Texas,48,453,48453,Travis,402.5,24,3.333333333,996.9166667,1426.75
Texas,48,455,48455,Trinity,0.083333333,0,0,0,0.083333333
Texas,48,457,48457,Tyler,0.416666667,0,0,0,0.416666667
Texas,48,459,48459,Upshur,2.666666667,0.166666667,0,0,2.833333333
Texas,48,461,48461,Upton,0,0,0,0,0
Texas,48,463,48463,Uvalde,1.25,0.166666667,0,0,1.416666667
Texas,48,465,48465,Val Verde,7.083333333,0,0,0,7.083333333
Texas,48,467,48467,Van Zandt,3.75,0.5,0.25,0,4.5
Texas,48,469,48469,Victoria,2.75,0.333333333,0.5,0,3.583333333
Texas,48,471,48471,Walker,43.5,0.166666667,0.25,0,43.91666667
Texas,48,473,48473,Waller,29.5,0,3.333333333,7.416666667,40.25
Texas,48,475,48475,Ward,0.583333333,0,0,0,0.583333333
Texas,48,477,48477,Washington,8.916666667,0.333333333,0,0,9.25
Texas,48,479,48479,Webb,96.16666667,0.833333333,3.25,20.41666667,120.6666667
Texas,48,481,48481,Wharton,12.16666667,0,0,3.75,15.91666667
Texas,48,483,48483,Wheeler,0,0,0,0,0
Texas,48,485,48485,Wichita,17.08333333,1.333333333,0,0.833333333,19.25
Texas,48,487,48487,Wilbarger,0.333333333,0,0,1.25,1.583333333
Texas,48,489,48489,Willacy,3,0,0,0,3
Texas,48,491,48491,Williamson,499.5,6.333333333,4,118.75,628.5833333
Texas,48,493,48493,Wilson,11.25,0,0,0,11.25
Texas,48,495,48495,Winkler,0,0,0,0,0
Texas,48,497,48497,Wise,17.83333333,0,0.25,20.25,38.33333333
Texas,48,499,48499,Wood,2.916666667,0.666666667,0,2.416666667,6
Texas,48,501,48501,Yoakum,0.5,0,0,0,0.5
Texas,48,503,48503,Young,0.416666667,0,0,0,0.416666667
Texas,48,505,48505,Zapata,,,,,
Texas,48,507,48507,Zavala,0.25,0,0,0,0.25
Virginia,51,1,51001,Accomack,15.08333333,0,0,0,15.08333333
Virginia,51,3,51003,Albemarle,50,0.333333333,1.5,15.66666667,67.5
Virginia,51,510,51510,Alexandria,2.083333333,0,0,0,2.083333333
Virginia,51,5,51005,Alleghany,1.083333333,0,0,0,1.083333333
Virginia,51,7,51007,Amelia,5,0,0,0,5
Virginia,51,9,51009,Amherst,9.666666667,0.333333333,0,9,19
Virginia,51,11,51011,Appomattox,7.916666667,0,0,0,7.916666667
Virginia,51,13,51013,Arlington,15.83333333,0.166666667,0,35.75,51.75
Virginia,51,15,51015,Augusta,25,0,0.583333333,4.166666667,29.75
Virginia,51,17,51017,Bath,0.666666667,0,0,0,0.666666667
Virginia,51,19,51019,Bedford,22.16666667,2.333333333,0,0,24.5
Virginia,51,21,51021,Bland,0.666666667,0,0,0,0.666666667
Virginia,51,23,51023,Botetourt,9.666666667,0,0,0,9.666666667
Virginia,51,520,51520,Bristol,0.833333333,0,0,0.416666667,1.25
Virginia,51,25,51025,Brunswick,3.083333333,0,0,0,3.083333333
Virginia,51,27,51027,Buchanan,1,0,0,0,1
Virginia,51,29,51029,Buckingham,8,0,0,0,8
Virginia,51,530,51530,Buena Vista,1.166666667,0.333333333,0,0,1.5
Virginia,51,31,51031,Campbell,21.5,0.5,0,4.25,26.25
Virginia,51,33,51033,Caroline,26.5,0,0,0,26.5
Virginia,51,35,51035,Carroll,6.666666667,0,0,0,6.666666667
Virginia,51,36,51036,Charles City,2.5,0,0,0,2.5
Virginia,51,37,51037,Charlotte,3.25,0,0,0,3.25
Virginia,51,540,51540,Charlottesville,1.333333333,0,0,1.5,2.833333333
Virginia,51,550,51550,Chesapeake,49.75,0,0,0,49.75
Virginia,51,41,51041,Chesterfield,153.75,0,0,38.5,192.25
Virginia,51,43,51043,Clarke,1.25,0,0,0,1.25
Virginia,51,570,51570,Colonial Heights,1.416666667,0,0,0,1.416666667
Virginia,51,580,51580,Covington,0,0,0,0,0
Virginia,51,45,51045,Craig,2.5,0,0,0,2.5
Virginia,51,47,51047,Culpeper,30.41666667,0,0,5,35.41666667
Virginia,51,49,51049,Cumberland,5.833333333,0.833333333,0,0,6.666666667
Virginia,51,590,51590,Danville,1.166666667,0,0,3.333333333,4.5
Virginia,51,51,51051,Dickenson,0.916666667,0,0,0,0.916666667
Virginia,51,53,51053,Dinwiddie,6.833333333,0,0,0,6.833333333
Virginia,51,595,51595,Emporia,0.416666667,0,0,0,0.416666667
Virginia,51,57,51057,Essex,3.166666667,0,0,0,3.166666667
Virginia,51,600,51600,Fairfax,5.916666667,0,0,0,5.916666667
Virginia,51,59,51059,Fairfax,86,0,0,152.4166667,238.4166667
Virginia,51,610,51610,Falls Church,1.666666667,0,0,0,1.666666667
Virginia,51,61,51061,Fauquier,23.83333333,0,0,0,23.83333333
Virginia,51,63,51063,Floyd,5.75,0,0,0,5.75
Virginia,51,65,51065,Fluvanna,11,0,0,0.5,11.5
Virginia,51,620,51620,Franklin,,,,,
Virginia,51,67,51067,Franklin,13.08333333,0,0,0.833333333,13.91666667
Virginia,51,69,51069,Frederick,72.66666667,0,0,0,72.66666667
Virginia,51,630,51630,Fredericksburg,3.083333333,0,0,0,3.083333333
Virginia,51,640,51640,Galax,0.916666667,0.166666667,0.25,0,1.333333333
Virginia,51,71,51071,Giles,2.083333333,0,0,0,2.083333333
Virginia,51,73,51073,Gloucester,6.833333333,0,0.25,0,7.083333333
Virginia,51,75,51075,Goochland,26.83333333,0,0,0,26.83333333
Virginia,51,77,51077,Grayson,3.166666667,0,0,0,3.166666667
Virginia,51,79,51079,Greene,13.5,0,0.666666667,2.833333333,17
Virginia,51,81,51081,Greensville,2,0,0,0,2
Virginia,51,83,51083,Halifax,8.083333333,0,0,0,8.083333333
Virginia,51,650,51650,Hampton,5.666666667,0,0,0,5.666666667
Virginia,51,85,51085,Hanover,36.91666667,0.333333333,0,0,37.25
Virginia,51,660,51660,Harrisonburg,1.333333333,0,0,5.916666667,7.25
Virginia,51,87,51087,Henrico,76.75,10,0,65.41666667,152.1666667
Virginia,51,89,51089,Henry,2.75,0,0,0,2.75
Virginia,51,91,51091,Highland,1,0,0,0,1
Virginia,51,670,51670,Hopewell,3.5,0,0,0,3.5
Virginia,51,93,51093,Isle of Wight,21.41666667,0,0,0,21.41666667
Virginia,51,95,51095,James City,24.66666667,2.166666667,1,2,29.83333333
Virginia,51,99,51099,King George,12.75,0.166666667,0,0,12.91666667
Virginia,51,101,51101,King William,10.75,0,0,0,10.75
Virginia,51,97,51097,King and Queen,3,0,0,0,3
Virginia,51,103,51103,Lancaster,10.58333333,0,0,0,10.58333333
Virginia,51,105,51105,Lee,1.5,0,0,0,1.5
Virginia,51,678,51678,Lexington,0.083333333,0,0,0,0.083333333
Virginia,51,107,51107,Loudoun,124.9166667,0,0,151.5,276.4166667
Virginia,51,109,51109,Louisa,34,0,0,0,34
Virginia,51,111,51111,Lunenburg,2.083333333,0,0,0,2.083333333
Virginia,51,680,51680,Lynchburg,19.33333333,0,0,20,39.33333333
Virginia,51,113,51113,Madison,5.583333333,0,0,0,5.583333333
Virginia,51,683,51683,Manassas,7.5,0,0,0,7.5
Virginia,51,685,51685,Manassas Park,0,0,0,9.083333333,9.083333333
Virginia,51,690,51690,Martinsville,0,0,0,0.416666667,0.416666667
Virginia,51,115,51115,Mathews,2.25,0,0,0,2.25
Virginia,51,117,51117,Mecklenburg,12.25,0.5,0,0,12.75
Virginia,51,119,51119,Middlesex,8.083333333,0,0,0,8.083333333
Virginia,51,121,51121,Montgomery,26.91666667,0,0,0,26.91666667
Virginia,51,125,51125,Nelson,5.5,0,0,0,5.5
Virginia,51,127,51127,New Kent,37.75,0,0,0,37.75
Virginia,51,700,51700,Newport News,5.083333333,0,0.25,38.16666667,43.5
Virginia,51,710,51710,Norfolk,12.08333333,0.333333333,1.333333333,22.75,36.5
Virginia,51,131,51131,Northampton,13.5,0.166666667,0,0,13.66666667
Virginia,51,133,51133,Northumberland,5,0,0,0,5
Virginia,51,720,51720,Norton,0,0,0,0,0
Virginia,51,135,51135,Nottoway,4.333333333,0,0,0.416666667,4.75
Virginia,51,137,51137,Orange,34.16666667,0.166666667,0,0,34.33333333
Virginia,51,139,51139,Page,13.66666667,0,0,0,13.66666667
Virginia,51,141,51141,Patrick,2.333333333,0,0,0,2.333333333
Virginia,51,730,51730,Petersburg,2.833333333,0,0,7,9.833333333
Virginia,51,143,51143,Pittsylvania,6,0,0,0,6
Virginia,51,735,51735,Poquoson,8.083333333,0,0,3,11.08333333
Virginia,51,740,51740,Portsmouth,15.66666667,0,0,9.333333333,25
Virginia,51,145,51145,Powhatan,9.583333333,0,0,0,9.583333333
Virginia,51,147,51147,Prince Edward,5,0,0,0.416666667,5.416666667
Virginia,51,149,51149,Prince George,5.666666667,0.333333333,0,0,6
Virginia,51,153,51153,Prince William,66.08333333,0,0,52.08333333,118.1666667
Virginia,51,155,51155,Pulaski,3.25,0,0,0,3.25
Virginia,51,750,51750,Radford,2.333333333,0,0,0,2.333333333
Virginia,51,157,51157,Rappahannock,2.833333333,0,0,0,2.833333333
Virginia,51,760,51760,Richmond,31.66666667,6.666666667,0.25,173.0833333,211.6666667
Virginia,51,159,51159,Richmond,1.5,0,0.5,0,2
Virginia,51,770,51770,Roanoke,8.416666667,1,0,0,9.416666667
Virginia,51,161,51161,Roanoke,9.833333333,1.166666667,0,19,30
Virginia,51,163,51163,Rockbridge,6.916666667,0.166666667,0,0,7.083333333
Virginia,51,165,51165,Rockingham,51.08333333,5.833333333,0,0,56.91666667
Virginia,51,167,51167,Russell,1.25,1.666666667,0,0,2.916666667
Virginia,51,775,51775,Salem,1.666666667,0,0,20.66666667,22.33333333
Virginia,51,169,51169,Scott,1.833333333,0,0,0,1.833333333
Virginia,51,171,51171,Shenandoah,18.66666667,0,0,0,18.66666667
Virginia,51,173,51173,Smyth,3.166666667,0,0,0,3.166666667
Virginia,51,175,51175,Southampton,5,0,0,0,5
Virginia,51,177,51177,Spotsylvania,58.91666667,0,0,0,58.91666667
Virginia,51,179,51179,Stafford,30.08333333,0,0,0,30.08333333
Virginia,51,790,51790,Staunton,3.583333333,0.666666667,0,1.666666667,5.916666667
Virginia,51,800,51800,Suffolk,56.66666667,0,0,0,56.66666667
Virginia,51,181,51181,Surry,3,0,0,0,3
Virginia,51,183,51183,Sussex,2.416666667,0,0,0,2.416666667
Virginia,51,185,51185,Tazewell,0.333333333,0,0,0,0.333333333
Virginia,51,810,51810,Virginia Beach,26.58333333,0,0,28.91666667,55.5
Virginia,51,187,51187,Warren,14.16666667,0,0,0,14.16666667
Virginia,51,191,51191,Washington,7.916666667,0.333333333,0,0,8.25
Virginia,51,820,51820,Waynesboro,11.5,0,0,0,11.5
Virginia,51,193,51193,Westmoreland,18.33333333,0,0,0,18.33333333
Virginia,51,830,51830,Williamsburg,0.833333333,0,0,0,0.833333333
Virginia,51,840,51840,Winchester,3.25,0,0,4.333333333,7.583333333
Virginia,51,195,51195,Wise,1.416666667,0,0,0,1.416666667
Virginia,51,197,51197,Wythe,3.583333333,0.333333333,0.333333333,1,5.25
Virginia,51,199,51199,York,15.08333333,0.5,0,0,15.58333333
